rk,name,age,pos,war,g,pa,ab,r,h,doubles,triples,hr,rbi,sb,cs,bb,so,ba,obp,slg,ops,ops_plus,woba,wrc_plus,tb,gdp,hbp,sh,sf,ibb,pos_summary,awards,team,year
1,Gabriel Moreno,25,C,1.6,83,309,277,44,79,12,1,9,40,2,2,29,53,.285,.353,.433,.786,117,.341,115,120,6,1,0,2,3,2/DH,,ARI,2025
2,Josh Naylor,28,1B,0.8,93,394,349,49,102,19,1,11,59,11,2,37,49,.292,.360,.447,.807,123,.356,122,156,14,2,0,4,4,3D/H,,ARI,2025
3,Ketel Marte,31,2B,4.4,126,556,480,87,136,28,0,28,72,4,2,64,83,.283,.376,.517,.893,145,.381,142,248,12,9,0,3,6,4D/H,"AS,MVP-22,SS",ARI,2025
4,Geraldo Perdomo,25,SS,7.0,161,720,597,98,173,33,5,20,100,27,6,94,83,.290,.389,.462,.851,136,.382,139,276,11,10,8,11,1,*6/H,"MVP-4,SS",ARI,2025
5,Eugenio Suarez,33,3B,3.3,106,437,387,64,96,19,0,36,87,1,0,29,117,.248,.320,.576,.897,142,.386,145,223,7,15,0,6,1,5/DH3,AS,ARI,2025
6,Lourdes Gurriel Jr.,31,LF,0.5,129,546,500,52,124,24,2,19,80,10,4,31,76,.248,.295,.418,.713,95,.314,94,209,11,6,0,9,0,*7D/H,,ARI,2025
7,Alek Thomas,25,CF,0.1,143,469,433,51,108,19,3,9,38,7,4,21,122,.249,.289,.370,.659,82,.291,78,160,2,5,6,4,0,*8/HD,,ARI,2025
8,Corbin Carroll,24,RF,5.8,143,642,564,107,146,32,17,31,84,32,6,67,153,.259,.343,.541,.883,140,.382,137,305,6,7,0,4,4,*9/8DH,"AS,MVP-6,SS",ARI,2025
9,Pavin Smith,29,DH,0.4,87,288,244,36,63,17,1,8,28,2,2,41,92,.258,.362,.434,.797,120,.350,121,106,7,0,0,2,1,D3H,,ARI,2025
10,Blaze Alexander,26,3B,1.7,74,266,230,31,53,12,1,7,28,4,6,22,86,.230,.323,.383,.706,95,.315,101,88,5,10,3,1,0,54/H78D,,ARI,2025
11,Tim Tawa,26,UT,0.5,74,225,199,29,40,8,0,7,18,8,2,20,64,.201,.274,.347,.620,71,.284,70,69,6,1,2,3,0,4387H/59,,ARI,2025
12,Jake McCarthy,27,LF,-0.7,67,222,206,18,42,7,5,4,20,6,0,10,40,.204,.247,.345,.591,62,.271,59,71,2,2,3,1,0,789/HD,,ARI,2025
13,Jose Herrera,28,C,0.0,57,204,166,21,31,6,0,2,17,0,0,23,47,.187,.285,.259,.544,53,.254,49,43,2,1,11,3,0,2/1,,ARI,2025
14,Randal Grichuk,33,DH,-0.4,70,188,175,25,42,15,1,7,22,0,1,10,39,.240,.277,.457,.734,99,.317,98,80,5,0,0,3,1,DH9/78,,ARI,2025
15,James McCann,35,C,1.0,42,137,123,18,32,6,0,5,17,0,0,8,33,.260,.324,.431,.754,107,.334,109,53,3,4,1,1,0,2/H3,,ARI,2025
16,Adrian Del Castillo,25,DH,-0.1,44,131,120,9,29,6,0,4,17,0,0,8,47,.242,.290,.392,.682,87,.297,82,47,2,1,0,2,0,DH/2,,ARI,2025
17,Ildemaro Vargas,33,IF,0.2,38,121,115,12,31,2,1,3,19,0,0,2,15,.270,.292,.383,.674,86,.291,78,44,3,2,1,1,0,43/H5D6,,ARI,2025
18,Tyler Locklear,24,1B,-1.1,31,116,103,11,18,0,0,3,6,3,1,10,43,.175,.267,.262,.529,48,.248,47,27,3,3,0,0,0,3/H,,ARI,2025
19,Jorge Barrosa,24,OF,-0.7,33,77,71,8,10,3,0,1,7,0,0,2,22,.141,.169,.225,.394,8,.170,-7,16,1,1,0,3,0,87/H9D,,ARI,2025
20,Jordan Lawlar,22,IF,-0.4,28,74,66,9,12,7,0,0,5,2,0,6,26,.182,.257,.288,.545,51,.251,45,19,0,1,0,1,0,5H/D46,,ARI,2025
21,Garrett Hampson,30,UT,0.1,18,41,30,10,5,0,0,0,0,2,1,9,10,.167,.359,.167,.526,53,.268,61,5,0,0,2,0,0,4/H6857,,ARI,2025
22,Tristin English,28,1B,-0.2,7,23,22,0,2,1,0,0,1,0,0,1,8,.091,.130,.136,.267,-26,.124,-40,3,0,0,0,0,0,/3,,ARI,2025
23,Connor Kaiser,28,2B,-0.3,11,19,18,1,2,1,0,0,2,0,0,1,5,.111,.158,.167,.325,-10,.150,-22,3,1,0,0,0,0,/4H,,ARI,2025
24,Aramis Garcia,32,C,-0.1,2,4,4,0,0,0,0,0,0,0,0,0,3,.000,.000,.000,.000,-100,.000,-126,0,0,0,0,0,0,/2,,ARI,2025
25,Ryne Nelson,27,P,0.1,1,1,1,1,1,0,0,0,1,0,0,0,0,1.000,1.000,1.000,2.000,459,.901,500,1,0,0,0,0,0,1/H,,ARI,2025
26,Juan Morillo,26,P,0.0,2,0,0,0,0,0,0,0,0,0,0,0,0,,,,,,,,0,0,0,0,0,0,1,,ARI,2025
27,Joe Mantiply,34,P,0.0,1,0,0,0,0,0,0,0,0,0,0,0,0,,,,,,,,0,0,0,0,0,0,1,,ARI,2025
28,Brandyn Garcia,25,P,0.0,1,0,0,0,0,0,0,0,0,0,0,0,0,,,,,,,,0,0,0,0,0,0,1,,ARI,2025
29,A.J. Puk,30,P,0.0,2,0,0,0,0,0,0,0,0,0,0,0,0,,,,,,,,0,0,0,0,0,0,/1,,ARI,2025
30,Andrew Saalfrank,27,P,0.0,1,0,0,0,0,0,0,0,0,0,0,0,0,,,,,,,,0,0,0,0,0,0,1,,ARI,2025
31,Drey Jameson,27,P,0.0,1,0,0,0,0,0,0,0,0,0,0,0,0,,,,,,,,0,0,0,0,0,0,/1,,ARI,2025
32,Shelby Miller,34,P,0.0,2,0,0,0,0,0,0,0,0,0,0,0,0,,,,,,,,0,0,0,0,0,0,1,,ARI,2025
33,John Curtiss,32,P,0.0,1,0,0,0,0,0,0,0,0,0,0,0,0,,,,,,,,0,0,0,0,0,0,1,,ARI,2025
34,Justin Martinez,23,P,0.0,2,0,0,0,0,0,0,0,0,0,0,0,0,,,,,,,,0,0,0,0,0,0,1,,ARI,2025
35,Ryan Thompson,33,P,0.0,1,0,0,0,0,0,0,0,0,0,0,0,0,,,,,,,,0,0,0,0,0,0,1,,ARI,2025
36,Kyle Backhus,27,P,0.0,1,0,0,0,0,0,0,0,0,0,0,0,0,,,,,,,,0,0,0,0,0,0,1,,ARI,2025
1,Shea Langeliers,27,C,3.9,123,523,481,73,133,32,0,31,72,7,1,36,103,.277,.325,.536,.861,134,.363,131,258,10,1,0,5,1,2D/H,,ATH,2025
2,Nick Kurtz,22,1B,5.4,117,489,420,90,122,26,2,36,86,2,1,63,151,.290,.383,.619,1.002,173,.418,174,260,4,2,0,3,3,*3/DH,"MVP-12,ROY-1,SS",ATH,2025
3,Luis Urias,28,2B,0.5,96,330,287,27,66,7,0,8,25,2,1,31,45,.230,.315,.338,.653,82,.302,89,97,9,6,0,3,0,4/5H,,ATH,2025
4,Jacob Wilson,23,SS,3.0,125,523,486,62,151,26,0,13,63,5,2,27,39,.311,.355,.444,.800,121,.354,127,216,16,7,2,1,1,*6/D,"AS,MVP-18,ROY-2",ATH,2025
5,Gio Urshela,33,3B,-1.0,59,197,181,10,43,14,1,0,20,0,1,13,40,.238,.287,.326,.613,71,.271,68,59,6,0,2,1,0,5/3DH,,ATH,2025
6,Tyler Soderstrom,23,LF,4.3,158,624,561,75,155,34,1,25,93,8,3,55,141,.276,.346,.474,.820,126,.352,125,266,18,6,0,2,2,73H/D,,ATH,2025
7,JJ Bleday,27,CF,-0.3,98,344,307,48,65,17,0,14,39,1,2,36,91,.212,.294,.404,.698,92,.300,89,124,6,0,0,1,2,89H7/D,,ATH,2025
8,Lawrence Butler,24,RF,1.9,152,630,569,83,133,30,2,21,63,22,7,59,179,.234,.306,.404,.710,96,.313,95,230,7,0,2,0,0,*98H,,ATH,2025
9,Brent Rooker,30,DH,2.3,162,699,626,92,164,40,3,30,89,6,1,65,155,.262,.335,.479,.814,123,.353,125,300,13,5,0,2,4,*D9/7H,AS,ATH,2025
10,Miguel Andujar,30,UT,0.2,60,231,218,22,65,10,1,6,27,1,0,11,30,.298,.329,.436,.765,111,.330,108,95,5,0,0,2,1,57/H9D3,,ATH,2025
11,Max Muncy,22,IF,0.0,63,220,206,17,44,7,0,9,23,1,1,10,68,.214,.259,.379,.638,75,.276,71,78,1,3,0,1,0,54/6H,,ATH,2025
12,Max Schuemann,28,IF,0.2,101,213,183,20,36,4,2,2,13,7,1,22,35,.197,.295,.273,.568,60,.273,63,50,6,4,3,1,0,45H6/789D,,ATH,2025
13,Darell Hernaiz,23,IF,-0.2,51,197,173,17,40,5,1,2,16,3,4,17,24,.231,.292,.306,.599,67,.273,72,53,2,0,2,5,0,654,,ATH,2025
14,Denzel Clarke,25,CF,1.0,47,159,148,18,34,8,2,3,8,6,0,6,61,.230,.274,.372,.646,78,.285,69,55,1,3,2,0,0,8/H,,ATH,2025
15,Colby Thomas,24,OF,0.0,49,132,120,20,27,5,0,6,19,2,1,7,49,.225,.267,.417,.684,86,.304,90,50,3,1,1,3,0,9H8/7D,,ATH,2025
16,Willie MacIver,28,C,-0.2,32,111,102,7,19,5,0,3,9,3,0,7,27,.186,.252,.324,.576,59,.259,53,33,1,2,0,0,0,2/1,,ATH,2025
17,Zack Gelof,25,2B,-0.1,30,101,92,12,16,3,0,2,7,1,2,7,46,.174,.230,.272,.502,39,.240,48,25,0,0,1,1,0,4,,ATH,2025
18,Carlos Cortes*,28,OF,0.7,42,99,94,11,29,8,1,4,14,0,0,3,20,.309,.323,.543,.866,135,.360,131,51,3,0,0,2,0,9H/75D,,ATH,2025
19,Brett Harris,27,3B,0.8,32,84,73,11,20,5,0,0,5,1,0,7,21,.274,.349,.342,.692,94,.318,99,25,1,2,1,1,0,5/3H,,ATH,2025
20,Seth Brown*,32,OF,-0.7,38,76,65,6,12,2,0,1,3,1,0,9,23,.185,.303,.262,.564,60,.265,60,17,2,2,0,0,0,H7/89D,,ATH,2025
21,Austin Wynns,34,C,0.4,22,67,63,7,14,5,0,3,10,0,0,2,20,.222,.242,.444,.687,85,.299,86,28,2,0,1,1,0,2/H,,ATH,2025
22,Jhonny Pereda,29,C,-0.1,17,46,40,3,7,2,0,0,3,0,0,6,13,.175,.283,.225,.508,45,.257,56,9,0,0,0,0,0,2/1H,,ATH,2025
23,Logan Davidson#,27,IF,-0.3,9,24,20,1,3,1,0,0,2,0,0,3,12,.150,.261,.200,.461,32,.216,23,4,1,0,1,0,0,/35H4,,ATH,2025
24,CJ Alexander*,28,UT,-0.2,6,17,17,0,3,0,0,0,0,0,0,0,8,.176,.176,.176,.353,-1,.157,-17,3,0,0,0,0,0,/35H79,,ATH,2025
25,Drew Avans*,29,OF,-0.3,7,15,15,1,2,0,0,0,0,1,0,0,5,.133,.133,.133,.267,-25,.135,-44,2,0,0,0,0,0,/789H,,ATH,2025
26,Michael Kelly,32,P,0.0,1,0,0,0,0,0,0,0,0,0,0,0,0,,,,,,,,0,0,0,0,0,0,1,,ATH,2025
27,Tyler Ferguson,31,P,0.0,1,0,0,0,0,0,0,0,0,0,0,0,0,,,,,,,,0,0,0,0,0,0,1,,ATH,2025
28,Elvis Alvarado,26,P,0.0,1,0,0,0,0,0,0,0,0,0,0,0,0,,,,,,,,0,0,0,0,0,0,1,,ATH,2025
1,Drake Baldwin*,24,C,3.3,124,446,405,56,111,18,2,19,80,0,0,38,68,.274,.341,.469,.810,126,.358,130,190,9,3,0,0,0,2HD,ROY-1,ATL,2025
2,Matt Olson*,31,1B,6.0,162,724,624,98,170,41,2,29,95,1,0,91,176,.272,.366,.484,.850,138,.368,136,302,14,4,0,5,2,*3,"AS,MVP-18,GG",ATL,2025
3,Ozzie Albies#,28,2B,2.1,157,667,603,74,145,23,2,16,74,14,3,55,94,.240,.306,.365,.671,89,.307,92,220,9,4,0,5,2,*4,,ATL,2025
4,Nick Allen,26,SS,0.6,135,416,371,32,82,11,0,0,22,8,7,31,99,.221,.284,.251,.535,53,.243,50,93,8,3,8,3,0,*6/4H,,ATL,2025
5,Austin Riley,28,3B,1.3,102,447,416,54,108,20,1,16,54,2,1,27,128,.260,.309,.428,.737,106,.321,104,178,9,3,0,1,1,5,,ATL,2025
6,Jurickson Profar#,32,LF,1.1,80,371,318,56,78,16,1,14,43,9,2,48,59,.245,.353,.434,.787,121,.355,125,138,4,5,0,0,0,7/D,,ATL,2025
7,Michael Harris II*,24,CF,2.2,160,641,611,55,152,26,6,20,86,20,6,16,128,.249,.268,.409,.678,88,.295,83,250,7,3,4,7,1,*8/H,,ATL,2025
8,Ronald Acuña Jr.,27,RF,3.0,95,412,338,74,98,12,1,21,42,9,1,71,102,.290,.417,.518,.935,163,.407,162,175,5,3,0,0,4,9/DH,AS,ATL,2025
9,Marcell Ozuna,34,DH,1.6,145,592,487,61,113,19,0,21,68,0,0,94,144,.232,.355,.400,.756,113,.342,118,195,11,3,0,7,2,*D/H,,ATL,2025
10,Sean Murphy,30,C,2.4,94,337,291,34,58,13,0,16,45,0,0,35,105,.199,.300,.409,.709,98,.314,99,119,9,8,0,3,1,2H/D,,ATL,2025
11,Eli White,31,OF,0.7,105,271,256,43,60,8,3,10,35,10,1,11,70,.234,.270,.406,.677,88,.308,89,104,2,2,1,1,1,97H/D83,,ATL,2025
12,Alex Verdugo*,29,LF,-0.3,56,213,197,21,47,10,0,0,12,1,0,14,31,.239,.296,.289,.585,67,.269,66,57,1,2,0,0,0,7/H,,ATL,2025
13,Nacho Alvarez Jr.,22,3B,0.8,58,208,188,18,44,12,0,2,15,0,0,12,49,.234,.296,.330,.626,77,.280,74,62,1,5,2,1,0,5/H,,ATL,2025
14,Ha-Seong Kim,29,SS,0.1,24,98,87,14,22,1,0,3,12,0,1,8,16,.253,.316,.368,.684,93,.297,90,32,2,1,0,2,0,6/H,,ATL,2025
15,Jarred Kelenic*,25,RF,-0.5,24,65,60,7,10,2,0,2,2,0,1,5,23,.167,.231,.300,.531,49,.230,44,18,1,0,0,0,0,9/H7D,,ATL,2025
16,Stuart Fairchild,29,OF,-0.3,28,55,51,7,11,4,1,0,2,2,1,4,15,.216,.273,.333,.606,70,.281,76,17,2,0,0,0,0,9H/D78,,ATL,2025
17,Bryan De La Cruz,28,LF,-0.2,16,50,47,1,9,1,0,0,0,1,0,3,18,.191,.240,.213,.453,30,.232,37,10,1,0,0,0,0,7/H9D,,ATL,2025
18,Vidal Bruján#,27,UT,0.5,23,47,41,8,11,2,0,0,5,0,0,5,9,.268,.362,.317,.679,95,.311,97,13,0,1,0,0,0,6/H591,,ATL,2025
19,Luke Williams,28,IF,-0.4,39,34,31,5,4,2,0,0,5,5,0,1,9,.129,.176,.194,.370,5,.204,-4,6,2,1,0,1,0,6H/15D,,ATL,2025
20,Orlando Arcia,30,SS,-0.1,14,32,31,1,6,1,0,0,1,0,0,1,8,.194,.219,.226,.445,26,.230,39,7,0,0,0,0,0,6/DH,,ATL,2025
21,Jake Fraley*,30,OF,0.0,9,24,23,2,7,1,0,0,0,0,1,1,8,.304,.333,.348,.681,93,.319,117,8,0,0,0,0,0,/9H7D,,ATL,2025
22,Sandy León#,36,C,-0.1,5,12,12,1,1,0,0,1,3,0,0,0,4,.083,.083,.333,.417,10,.169,-4,4,0,0,0,0,0,/2,,ATL,2025
23,Brett Wisely*,26,2B,0.0,4,9,6,0,0,0,0,0,0,0,0,3,4,.000,.333,.000,.333,6,.232,41,0,0,0,0,0,0,/4H,,ATL,2025
24,Chadwick Tromp,30,C,0.0,2,6,5,0,0,0,0,0,0,0,0,1,2,.000,.167,.000,.167,-47,.116,-41,0,1,0,0,0,0,/2,,ATL,2025
25,Jonathan Ornelas,25,IF,0.1,2,4,4,1,2,0,0,0,0,0,0,0,0,.500,.500,.500,1.000,184,.402,160,2,0,0,0,0,0,/65,,ATL,2025
26,Eddie Rosario*,33,RF,0.0,3,4,4,1,0,0,0,0,0,0,0,0,2,.000,.000,.000,.000,-100,.000,-121,0,0,0,0,0,0,/H9,,ATL,2025
27,José Azócar,29,DH,0.0,2,1,1,0,0,0,0,0,0,0,0,0,0,.000,.000,.000,.000,-100,.000,-117,0,0,0,0,0,0,/H9D,,ATL,2025
1,Adley Rutschman#,27,C,1.9,90,365,322,37,71,16,2,9,29,0,0,40,57,.220,.307,.366,.673,90,.297,89,118,8,1,0,2,0,2D/H,,BAL,2025
2,Coby Mayo,23,1B,0.2,85,294,263,30,57,12,0,11,28,3,0,27,84,.217,.299,.388,.687,93,.303,92,102,2,4,0,0,0,3/DH5,,BAL,2025
3,Jackson Holliday*,21,2B,1.0,149,649,586,70,142,21,3,17,55,17,11,56,140,.242,.314,.375,.690,95,.305,97,220,4,6,0,1,1,*4/6DH,,BAL,2025
4,Gunnar Henderson*,24,SS,5.3,154,651,577,85,158,34,5,17,68,30,5,62,137,.274,.349,.438,.787,121,.349,122,253,7,7,0,5,6,*6/DH,,BAL,2025
5,Ramón Urías,31,3B,1.5,77,290,258,27,64,12,0,8,34,2,0,21,60,.248,.300,.388,.688,93,.301,91,100,5,2,0,9,0,5/H3D4,,BAL,2025
6,Dylan Carlson#,26,LF,-0.7,83,241,217,17,44,9,1,6,20,3,3,21,54,.203,.278,.336,.614,73,.274,75,73,3,2,0,1,0,798H,,BAL,2025
7,Cedric Mullins*,30,CF,0.0,91,355,314,42,72,19,0,15,49,14,4,34,85,.229,.305,.433,.738,106,.320,103,136,2,2,1,4,0,8/DH,,BAL,2025
8,Ramón Laureano,30,RF,3.0,82,290,259,45,75,17,0,15,46,4,3,22,72,.290,.355,.529,.884,146,.373,146,137,6,6,0,3,1,97/DH8,,BAL,2025
9,Ryan Mountcastle,28,DH,0.1,89,357,332,34,83,18,0,7,35,3,0,15,98,.250,.286,.367,.653,83,.302,91,122,10,4,0,6,0,3D/H,,BAL,2025
10,Ryan O'Hearn*,31,1B,2.0,94,361,311,45,88,15,1,13,43,3,1,42,63,.283,.374,.463,.837,136,.362,136,144,10,5,0,3,3,3D9/H7,AS,BAL,2025
11,Colton Cowser*,25,OF,1.0,92,360,327,36,64,14,0,16,40,14,0,27,128,.196,.269,.385,.655,83,.292,79,126,5,6,0,0,1,87/9HD,,BAL,2025
12,Jordan Westburg,26,IF,1.6,85,352,328,59,87,10,1,17,41,1,2,17,80,.265,.313,.457,.770,114,.334,118,150,5,6,0,1,0,54D/H,,BAL,2025
13,Tyler O'Neill,30,RF,-0.6,54,209,181,22,36,6,1,9,26,4,0,22,51,.199,.292,.392,.684,92,.302,90,71,2,3,0,3,1,9D/7H,,BAL,2025
14,Jeremiah Jackson,25,RF,0.4,48,183,170,20,47,10,2,5,21,0,2,11,50,.276,.328,.447,.775,117,.329,116,76,6,2,0,0,0,95/HD4,,BAL,2025
15,Heston Kjerstad*,26,OF,-1.6,54,167,156,16,30,5,2,4,19,1,0,6,45,.192,.240,.327,.566,58,.253,56,51,9,4,0,1,0,79/HD,,BAL,2025
16,Dylan Beavers*,23,OF,1.0,35,137,110,16,25,5,1,4,14,2,2,26,36,.227,.375,.400,.775,120,.346,128,44,0,0,1,0,0,79/H,,BAL,2025
17,Emmanuel Rivera,29,3B,0.1,42,127,120,5,30,4,0,0,13,1,0,6,24,.250,.291,.283,.575,64,.267,66,34,3,1,0,0,0,5/3HD1,,BAL,2025
18,Samuel Basallo*,20,C,-0.2,31,118,109,10,18,6,0,4,15,0,0,6,30,.165,.229,.330,.559,56,.245,51,36,4,3,0,0,0,2/D3H,,BAL,2025
19,Gary Sánchez,32,C,-0.4,29,101,91,13,21,2,0,5,24,0,0,4,27,.231,.297,.418,.715,100,.308,97,38,2,5,0,1,0,2/D1H,,BAL,2025
20,Alex Jackson,29,C,0.7,36,100,91,17,20,8,0,5,8,0,0,5,37,.220,.290,.473,.763,111,.323,108,43,2,4,0,0,0,2/H1D,,BAL,2025
21,Jorge Mateo,30,UT,-0.6,42,83,79,9,14,4,0,1,3,15,2,4,30,.177,.217,.266,.483,36,.243,28,21,1,0,0,0,0,H68/4D517,,BAL,2025
22,Luis Vázquez,25,IF,-0.5,32,53,50,6,8,1,0,1,3,2,0,3,14,.160,.208,.240,.448,27,.206,17,12,0,0,0,0,0,56/H143D,,BAL,2025
23,Maverick Handley,27,C,-0.9,16,47,41,2,3,0,0,0,3,0,0,2,18,.073,.133,.073,.207,-39,.103,-59,3,0,1,2,1,0,2/H,,BAL,2025
24,Jacob Stallings,35,C,-0.4,14,36,35,1,4,1,0,0,3,0,0,1,9,.114,.139,.143,.282,-20,.152,-16,5,4,0,0,0,0,2/H,,BAL,2025
25,Daniel Johnson*,29,OF,0.1,17,26,24,8,5,1,0,0,0,1,1,2,5,.208,.269,.250,.519,49,.255,66,6,0,0,0,0,0,/H798,,BAL,2025
26,Chadwick Tromp,30,C,0.1,6,16,16,2,3,1,0,1,1,0,0,0,4,.188,.188,.438,.625,69,.315,102,7,0,0,0,0,0,/2,,BAL,2025
27,Greg Allen#,32,OF,-0.4,7,14,14,1,0,0,0,0,0,0,1,0,5,.000,.000,.000,.000,-100,-0.035,-127,0,2,0,0,0,0,/87H,,BAL,2025
28,Ryan Noda*,29,RF,0.0,7,14,13,0,2,0,0,0,1,1,0,1,6,.154,.214,.154,.368,7,.156,-37,2,0,0,0,0,1,/9HD,,BAL,2025
29,Vimael Machín*,31,3B,0.1,4,12,11,1,1,0,0,1,1,0,0,1,2,.091,.167,.364,.530,44,.225,37,4,0,0,0,0,0,/5,,BAL,2025
30,Jordyn Adams,25,OF,-0.1,10,5,5,1,0,0,0,0,0,0,0,0,2,.000,.000,.000,.000,-100,.000,-125,0,0,0,0,0,0,/89H,,BAL,2025
31,David Bañuelos,28,DH,0.0,1,2,1,0,0,0,0,0,0,0,0,0,1,.000,.500,.000,.500,61,.358,135,0,0,1,0,0,0,/DH,,BAL,2025
32,Cooper Hummel#,30,RF,0.0,1,1,1,0,0,0,0,0,0,0,0,0,1,.000,.000,.000,.000,-100,.000,-136,0,0,0,0,0,0,/9,,BAL,2025
33,Vidal Bruján#,27,CF,0.1,1,1,1,0,1,0,0,0,0,0,0,0,0,1.000,1.000,1.000,2.000,471,.889,536,1,0,0,0,0,0,/8,,BAL,2025
34,Terrin Vavra*,28,2B,0.0,1,1,1,0,0,0,0,0,0,0,0,0,0,.000,.000,.000,.000,-100,.000,-136,0,0,0,0,0,0,/4H,,BAL,2025
35,Trevor Rogers*,27,P,0.0,1,2,2,0,0,0,0,0,0,0,0,0,2,.000,.000,.000,.000,-100,.000,-122,0,0,0,0,0,0,1,CYA-9,BAL,2025
36,Andrew Kittredge,35,P,0.0,2,0,0,0,0,0,0,0,0,0,0,0,0,,,,,,,,0,0,0,0,0,0,1,,BAL,2025
37,Cionel Pérez,29,P,0.0,1,0,0,0,0,0,0,0,0,0,0,0,0,,,,,,,,0,0,0,0,0,0,1,,BAL,2025
38,Dietrich Enns*,34,P,0.0,1,0,0,0,0,0,0,0,0,0,0,0,0,,,,,,,,0,0,0,0,0,0,1,,BAL,2025
39,Seranthony Domínguez,30,P,0.0,2,0,0,0,0,0,0,0,0,0,0,0,0,,,,,,,,0,0,0,0,0,0,1,,BAL,2025
40,Yennier Cano,31,P,0.0,1,0,0,0,0,0,0,0,0,0,0,0,0,,,,,,,,0,0,0,0,0,0,1,,BAL,2025
41,Matt Bowman,34,P,0.0,1,0,0,0,0,0,0,0,0,0,0,0,0,,,,,,,,0,0,0,0,0,0,1,,BAL,2025
42,Félix Bautista,30,P,0.0,1,0,0,0,0,0,0,0,0,0,0,0,0,,,,,,,,0,0,0,0,0,0,1,,BAL,2025
43,Bryan Baker,30,P,0.0,1,0,0,0,0,0,0,0,0,0,0,0,0,,,,,,,,0,0,0,0,0,0,1,,BAL,2025
44,Keegan Akin*,30,P,0.0,2,0,0,0,0,0,0,0,0,0,0,0,0,,,,,,,,0,0,0,0,0,0,1,,BAL,2025
1,Carlos Narváez,26,C,2.6,118,446,403,51,97,27,0,15,50,1,1,38,111,.241,.306,.419,.726,100,.311,97,169,12,1,2,2,0,*2/HD,ROY-6,BOS,2025
2,Abraham Toro#,28,1B,-0.2,77,284,259,33,62,13,0,7,27,2,1,14,42,.239,.289,.371,.659,83,.299,88,96,1,6,0,5,1,35/H1,,BOS,2025
3,Kristian Campbell,23,2B,-1.0,67,263,229,24,51,10,0,6,21,2,1,29,72,.223,.319,.345,.664,86,.299,88,79,1,4,0,1,0,4/8H7D,,BOS,2025
4,Trevor Story,32,SS,3.8,157,654,612,91,161,29,0,25,96,31,1,33,176,.263,.308,.433,.741,104,.333,105,265,3,7,1,1,1,*6/HD,,BOS,2025
5,Alex Bregman,31,3B,3.5,114,495,433,64,118,28,0,18,62,1,1,51,70,.273,.360,.462,.821,128,.357,130,200,12,9,0,2,3,*5/HD,AS,BOS,2025
6,Jarren Duran*,28,LF,4.7,157,696,620,86,159,41,13,16,84,24,6,60,169,.256,.332,.442,.774,114,.345,118,274,6,12,1,3,1,*78/H9D,,BOS,2025
7,Ceddanne Rafaela,24,CF,4.7,156,587,546,84,136,34,4,16,63,20,5,28,117,.249,.295,.414,.708,95,.309,92,226,9,8,3,2,0,*84/H,GG,BOS,2025
8,Wilyer Abreu*,26,RF,3.2,115,417,373,53,92,17,0,22,69,6,3,40,101,.247,.317,.469,.786,116,.332,112,175,8,0,1,3,5,9H/D,GG,BOS,2025
9,Rafael Devers*,28,DH,2.3,73,334,272,47,74,18,0,15,58,1,1,56,76,.272,.401,.504,.905,151,.387,153,137,7,4,0,2,7,D,,BOS,2025
10,Romy González,28,IF,2.0,96,341,315,47,96,23,3,9,53,6,5,18,81,.305,.343,.483,.826,128,.363,137,152,8,3,0,5,1,34H/D5,,BOS,2025
11,Roman Anthony*,21,OF,3.1,71,303,257,48,75,18,1,8,32,4,1,40,84,.292,.396,.463,.859,140,.375,142,119,2,5,0,1,0,97D/H,ROY-3,BOS,2025
12,Rob Refsnyder,34,RF,1.2,70,209,182,29,49,12,0,9,30,3,0,24,54,.269,.354,.484,.838,131,.368,135,88,6,1,0,2,1,9HD7,,BOS,2025
13,Masataka Yoshida*,31,DH,0.2,55,205,188,16,50,11,0,4,26,3,0,10,24,.266,.307,.388,.696,93,.320,100,73,3,3,0,4,0,D/H79,,BOS,2025
14,David Hamilton*,27,2B,1.0,91,194,177,27,35,4,1,6,19,22,6,13,47,.198,.257,.333,.590,63,.274,60,59,3,1,3,0,0,4H6/D5,,BOS,2025
15,Connor Wong,29,C,-0.6,63,188,168,16,32,8,0,0,7,2,1,16,42,.190,.262,.238,.500,42,.242,46,40,7,1,1,2,0,2/H3D,,BOS,2025
16,Marcelo Mayer*,22,3B,0.2,44,136,127,20,29,8,1,4,10,0,2,8,41,.228,.272,.402,.674,85,.288,85,51,2,0,0,1,0,5/4H6,,BOS,2025
17,Nathaniel Lowe*,29,1B,0.4,34,119,100,14,28,6,1,2,16,0,0,15,29,.280,.370,.420,.790,121,.336,115,42,1,1,0,3,2,3/HD,,BOS,2025
18,Triston Casas*,25,1B,-0.9,29,112,99,5,18,3,0,3,11,0,0,11,27,.182,.277,.303,.580,62,.263,61,30,3,2,0,0,2,3/H,,BOS,2025
19,Nick Sogard#,27,UT,0.1,30,104,96,13,25,8,0,0,9,2,1,5,24,.260,.317,.344,.661,85,.300,88,33,3,3,0,0,0,3/54H96,,BOS,2025
20,Nate Eaton,28,UT,0.1,41,90,81,16,24,4,0,1,4,9,2,6,19,.296,.348,.383,.731,105,.334,104,31,1,1,1,1,0,95/H871D,,BOS,2025
21,Blake Sabol*,27,C,-0.2,8,18,16,2,2,1,0,0,1,0,0,1,7,.125,.167,.188,.354,-1,.156,-17,3,1,0,0,1,0,/2DH,,BOS,2025
22,Jhostynxon García,22,OF,0.0,5,9,7,0,1,1,0,0,0,0,0,2,5,.143,.333,.286,.619,76,.290,81,2,0,0,0,0,0,/79DH,,BOS,2025
23,Ali Sánchez,28,C,0.0,4,2,2,0,0,0,0,0,0,0,0,0,1,.000,.000,.000,.000,-100,.000,-126,0,0,0,0,0,0,/2H,,BOS,2025
24,Aroldis Chapman*,37,P,0.0,2,0,0,0,0,0,0,0,0,0,0,0,0,,,,,,,,0,0,0,0,0,0,1,"AS,CYA-7,MVP-18",BOS,2025
25,Garrett Whitlock,29,P,0.0,1,0,0,0,0,0,0,0,0,0,0,0,0,,,,,,,,0,0,0,0,0,0,1,,BOS,2025
26,Brennan Bernardino*,33,P,0.0,1,0,0,0,0,0,0,0,0,0,0,0,0,,,,,,,,0,0,0,0,0,0,1,,BOS,2025
1,Carson Kelly,30,C,3.6,111,421,369,48,92,13,1,17,50,2,0,45,80,.249,.333,.428,.761,119,.337,121,158,11,3,0,4,0,2/HD,,CHC,2025
2,Michael Busch*,27,1B,4.6,155,592,524,78,137,25,5,34,90,4,0,56,139,.261,.343,.523,.866,147,.376,148,274,2,10,0,2,2,*3H/D,MVP-16,CHC,2025
3,Nico Hoerner,28,2B,6.2,156,649,599,89,178,29,4,7,61,29,6,39,49,.297,.345,.394,.739,114,.338,118,236,4,7,0,4,1,*4/6,"MVP-19,GG",CHC,2025
4,Dansby Swanson,31,SS,4.5,159,645,590,84,144,24,3,24,77,20,3,47,168,.244,.300,.417,.717,105,.323,108,246,9,2,1,5,1,*6,,CHC,2025
5,Matt Shaw,23,3B,3.1,126,437,393,57,89,21,3,13,44,17,5,38,94,.226,.295,.394,.690,98,.309,99,155,2,2,0,4,0,*5/H4,ROY-9,CHC,2025
6,Ian Happ#,30,LF,4.0,150,663,569,87,138,32,0,23,79,6,3,87,151,.243,.342,.420,.762,120,.338,122,239,8,2,0,5,2,*7/DH,GG,CHC,2025
7,Pete Crow-Armstrong*,23,CF,6.0,157,647,591,91,146,37,4,31,95,35,8,29,155,.247,.287,.481,.768,118,.337,117,284,1,9,6,12,1,*8/HD,"AS,MVP-9,GG",CHC,2025
8,Kyle Tucker*,28,RF,4.6,136,597,500,91,133,25,4,22,73,25,3,87,88,.266,.377,.464,.841,143,.375,143,232,8,4,1,3,7,*9D/H,"AS,SS",CHC,2025
9,Seiya Suzuki,30,DH,2.6,151,651,571,75,140,31,3,32,103,5,2,71,164,.245,.326,.478,.804,130,.348,129,273,13,1,0,8,1,D97/H8,MVP-20,CHC,2025
10,Justin Turner,40,1B,-0.1,80,191,169,14,37,7,0,3,18,2,0,17,37,.219,.288,.314,.602,75,.282,81,53,3,1,0,4,0,3HD5,,CHC,2025
11,Reese McGuire*,30,C,0.3,44,140,133,17,30,2,0,9,24,0,0,4,27,.226,.245,.444,.688,94,.289,87,59,3,0,1,2,0,2/H1,,CHC,2025
12,Willi Castro#,28,UT,-0.5,34,110,100,10,17,2,1,1,6,1,1,8,27,.170,.245,.240,.485,42,.230,47,24,3,2,0,0,0,95/48H7,,CHC,2025
13,Jon Berti,35,3B,0.2,51,107,100,12,21,2,0,0,2,11,3,5,22,.210,.262,.230,.492,45,.244,48,23,1,2,0,0,0,5H4/19D,,CHC,2025
14,Miguel Amaya,26,C,1.1,28,103,96,14,27,9,0,4,25,0,0,4,22,.281,.314,.500,.814,131,.363,140,48,0,1,1,1,0,2/DH,,CHC,2025
15,Moisés Ballesteros*,21,DH,0.5,20,66,57,12,17,2,1,2,11,0,0,9,12,.298,.394,.474,.868,151,.390,159,27,2,0,0,0,1,D/H32,,CHC,2025
16,Vidal Bruján#,27,UT,-0.4,36,47,45,6,10,3,0,0,3,2,1,1,12,.222,.234,.289,.523,51,.224,42,13,1,0,0,1,0,H5/749D68,,CHC,2025
17,Owen Caissie*,22,OF,-0.1,12,27,26,4,5,1,0,1,4,0,0,1,11,.192,.222,.346,.568,62,.247,58,9,0,0,0,0,0,/9H7D,,CHC,2025
18,Nicky Lopez*,30,IF,-0.3,14,22,18,2,1,0,0,0,1,0,0,4,3,.056,.227,.056,.283,-12,.163,-2,1,1,0,0,0,0,5/H64D,,CHC,2025
19,Carlos Santana#,39,1B,-0.2,8,19,19,0,2,1,0,0,2,0,0,0,5,.105,.105,.158,.263,-25,.113,-37,3,0,0,0,0,0,/3DH,,CHC,2025
20,Gage Workman*,25,IF,-0.2,9,15,14,0,3,1,0,0,2,1,0,1,6,.214,.267,.286,.552,61,.260,56,4,0,0,0,0,0,/56DH,,CHC,2025
21,Kevin Alcántara,22,OF,0.1,10,12,11,2,4,0,0,0,1,1,0,1,4,.364,.417,.364,.780,130,.379,137,4,0,0,0,0,0,/8H7D9,,CHC,2025
22,Colin Rea,34,P,0.0,1,1,1,0,0,0,0,0,0,0,0,0,1,.000,.000,.000,.000,-100,.000,-108,0,0,0,0,0,0,1,,CHC,2025
1,Edgar Quero#,22,C,1.2,111,403,365,31,98,17,0,5,36,0,1,32,71,.268,.333,.356,.689,94,.308,96,130,8,4,0,2,0,2DH,,CHW,2025
2,Andrew Vaughn,27,1B,-1.8,48,193,185,9,35,8,0,5,19,0,0,7,43,.189,.218,.314,.531,47,.229,37,58,4,0,0,1,0,3D/H,,CHW,2025
3,Lenyn Sosa,25,2B,0.8,140,544,518,57,137,20,1,22,75,2,1,18,127,.264,.293,.434,.727,101,.316,101,225,11,4,1,3,0,43D/H5,,CHW,2025
4,Chase Meidroth,23,SS,1.3,122,505,450,54,114,15,0,5,23,14,4,45,72,.253,.329,.320,.649,84,.303,89,144,14,6,3,1,0,64/H,,CHW,2025
5,Miguel Vargas,25,3B,1.9,138,569,504,80,118,32,2,16,60,6,0,56,100,.234,.316,.401,.717,100,.315,98,202,9,6,0,3,0,53/DH7,,CHW,2025
6,Andrew Benintendi*,30,LF,1.0,116,470,420,57,101,16,2,20,63,1,0,40,82,.240,.307,.431,.738,104,.322,105,181,5,3,0,6,2,7D/H,,CHW,2025
7,Luis Robert Jr.,27,CF,1.4,110,431,382,52,85,12,0,14,53,33,8,40,112,.223,.297,.364,.661,85,.307,88,139,8,2,1,3,3,8/DH,,CHW,2025
8,Mike Tauchman*,34,RF,1.9,93,385,335,44,88,17,1,9,40,0,0,45,86,.263,.356,.400,.756,112,.339,117,134,5,4,0,1,0,9D/H,,CHW,2025
9,Kyle Teel*,23,DH,1.9,78,297,253,38,69,11,0,8,35,3,1,37,77,.273,.375,.411,.786,121,.353,128,104,1,5,1,1,0,2D/H7,,CHW,2025
10,Brooks Baldwin#,24,OF,-0.5,103,328,300,32,72,15,1,11,38,5,0,21,86,.240,.290,.407,.697,93,.307,92,122,9,1,4,2,0,7895H46,,CHW,2025
11,Michael A. Taylor,34,OF,0.1,134,325,295,33,59,20,1,9,35,8,3,23,110,.200,.259,.366,.625,73,.268,65,108,7,1,4,2,1,*879H/D,,CHW,2025
12,Colson Montgomery*,23,SS,3.3,71,284,255,43,61,9,1,21,55,0,0,25,83,.239,.311,.529,.840,130,.357,131,135,3,2,0,1,1,65/H,ROY-5,CHW,2025
13,Josh Rojas*,31,IF,-1.5,69,211,189,14,34,9,0,2,11,4,1,19,48,.180,.252,.259,.512,45,.246,48,49,6,0,1,2,0,54/7H,,CHW,2025
14,Joshua Palacios*,29,RF,-1.2,51,145,128,11,26,4,0,3,9,0,0,12,36,.203,.292,.305,.596,68,.276,71,39,0,4,1,0,0,97/HD,,CHW,2025
15,Austin Slater,32,OF,0.3,51,135,123,20,29,6,1,5,11,1,0,11,35,.236,.299,.423,.721,100,.316,100,52,5,0,1,0,0,H97/D83,,CHW,2025
16,Curtis Mead,24,CI,-0.6,41,132,125,12,30,8,0,0,11,1,0,3,30,.240,.280,.304,.584,64,.260,59,38,5,4,0,0,0,53/HD,,CHW,2025
17,Matt Thaiss*,30,C,1.1,35,110,85,11,18,4,0,1,8,1,1,23,21,.212,.382,.294,.676,94,.323,108,25,2,1,0,1,0,2/H3D,,CHW,2025
18,Jacob Amaya,26,SS,-1.0,36,73,66,7,7,1,0,0,8,2,0,3,16,.106,.139,.121,.260,-26,.125,-45,8,1,0,1,3,0,6/H14,,CHW,2025
19,Tim Elko,26,1B,-0.5,23,72,67,6,9,1,0,4,8,1,0,5,30,.134,.194,.328,.523,43,.241,44,22,1,0,0,0,0,3/DH,,CHW,2025
20,Nick Maton*,28,DH,-0.1,25,63,54,5,9,2,0,2,4,0,1,9,19,.167,.286,.315,.601,69,.264,69,17,0,0,0,0,0,D/H3479,,CHW,2025
21,Will Robertson*,27,LF,-0.8,24,63,60,2,8,1,0,0,8,0,0,1,20,.133,.159,.150,.309,-12,.141,-27,9,0,1,0,1,0,7/9HD,,CHW,2025
22,Vinny Capra,28,IF,0.2,23,46,42,4,8,2,0,0,2,1,0,1,10,.190,.205,.238,.443,24,.199,7,10,1,0,2,1,0,6/541HD,,CHW,2025
23,Ryan Noda*,29,UT,-0.3,16,45,34,3,3,0,0,1,1,0,0,10,19,.088,.295,.176,.472,38,.232,37,6,0,0,1,0,1,3/D9H,,CHW,2025
24,Korey Lee,26,C,0.3,25,40,35,10,9,3,0,1,3,0,0,4,7,.257,.333,.429,.762,112,.375,145,15,1,0,1,0,0,2H/D17,,CHW,2025
25,Dominic Fletcher*,27,OF,0.3,12,34,32,5,7,5,0,1,2,1,0,2,2,.219,.265,.469,.733,100,.315,95,15,1,0,0,0,0,/987,,CHW,2025
26,Bobby Dalbec,30,IF,0.0,7,21,18,2,4,1,0,0,1,0,0,3,6,.222,.333,.278,.611,75,.279,74,5,1,0,0,0,0,/36H5,,CHW,2025
27,Travis Jankowski*,34,OF,-0.2,7,15,14,1,3,0,0,0,0,0,0,1,3,.214,.267,.214,.481,38,.217,29,3,0,0,0,0,0,/9H8,,CHW,2025
28,Corey Julks,29,LF,0.1,6,13,12,2,3,2,0,0,1,0,0,0,3,.250,.231,.417,.647,76,.251,54,5,0,0,0,1,0,/7DH,,CHW,2025
29,Bryan Ramos,23,3B,0.1,4,12,12,1,2,2,0,0,2,0,0,0,4,.167,.167,.333,.500,35,.206,21,4,0,0,0,0,0,/5H,,CHW,2025
30,Omar Narváez*,33,C,0.0,4,10,7,1,2,0,0,0,3,0,0,2,1,.286,.400,.286,.686,98,.305,93,2,0,0,0,1,0,/2,,CHW,2025
31,Derek Hill,29,CF,0.2,4,8,7,0,2,0,0,0,1,0,0,0,2,.286,.375,.286,.661,90,.300,89,2,0,1,0,0,0,/8H,,CHW,2025
32,Greg Jones#,27,RF,0.0,3,2,2,0,0,0,0,0,0,1,0,0,2,.000,.000,.000,.000,-100,.122,-122,0,0,0,0,0,0,/H9,,CHW,2025
33,Gage Workman*,25,IF,-0.1,3,2,2,0,0,0,0,0,0,0,0,0,1,.000,.000,.000,.000,-100,.000,-126,0,0,0,0,0,0,/56H,,CHW,2025
34,Tyler Alexander,30,P,0.0,1,1,1,0,0,0,0,0,0,0,0,0,0,.000,.000,.000,.000,-100,.000,-136,0,0,0,0,0,0,1,,CHW,2025
35,Jordan Leasure,26,P,0.0,1,0,0,0,0,0,0,0,0,0,0,0,0,,,,,,,,0,0,0,0,0,0,1,,CHW,2025
36,Bryse Wilson,27,P,0.0,1,0,0,0,0,0,0,0,0,0,0,0,0,,,,,,,,0,0,0,0,0,0,1,,CHW,2025
1,Jose Trevino,32,C,-0.2,93,302,282,30,67,20,0,4,22,0,0,15,39,.238,.272,.351,.623,68,.278,63,99,9,0,1,4,0,2/D1H,,CIN,2025
2,Spencer Steer,27,1B,0.7,146,568,509,66,121,21,2,21,75,7,1,51,129,.238,.312,.411,.723,94,.321,93,209,12,5,1,2,0,*3D7/H9,,CIN,2025
3,Matt McLain,25,2B,0.0,147,577,510,73,112,18,0,15,50,18,2,55,167,.220,.300,.343,.643,74,.297,73,175,8,5,3,4,0,*4/6HD,,CIN,2025
4,Elly De La Cruz#,23,SS,3.6,162,699,629,102,166,31,7,22,86,37,8,67,181,.264,.336,.440,.777,109,.342,104,277,14,2,0,1,10,*6/DH,"AS,MVP-23",CIN,2025
5,Santiago Espinal,30,3B,-1.4,114,328,301,25,73,12,0,0,16,2,1,21,38,.243,.292,.282,.575,57,.257,48,85,11,1,3,2,0,54H7/93D6,,CIN,2025
6,Austin Hays,29,LF,0.8,103,416,380,60,101,16,5,15,64,7,0,29,107,.266,.315,.453,.768,105,.335,101,172,9,1,0,6,2,7D/H,,CIN,2025
7,TJ Friedl*,29,CF,2.3,152,685,579,82,151,22,2,14,53,12,3,81,115,.261,.364,.378,.742,102,.341,106,219,7,16,4,5,0,*8/DH,,CIN,2025
8,Noelvi Marté,23,RF,1.4,90,360,339,45,89,17,2,14,51,10,3,16,85,.263,.300,.448,.748,99,.337,103,152,7,3,0,2,0,95/H8D,,CIN,2025
9,Gavin Lux*,27,DH,-0.2,140,503,446,49,120,28,2,5,53,1,0,56,114,.269,.350,.374,.724,97,.326,97,167,3,0,0,1,0,D74H/5,,CIN,2025
10,Tyler Stephenson,28,C,1.3,88,342,299,40,69,18,0,13,50,0,1,37,116,.231,.316,.421,.737,98,.327,99,126,4,2,0,4,1,2D/H,,CIN,2025
11,Will Benson*,27,OF,0.6,90,253,230,31,52,8,2,12,41,2,2,16,67,.226,.273,.435,.708,88,.301,81,100,4,1,0,6,1,97H8/D,,CIN,2025
12,Jake Fraley*,30,RF,0.4,67,193,168,29,39,8,0,6,23,4,2,24,41,.232,.332,.387,.719,94,.324,96,65,1,1,0,0,1,9H/7D,,CIN,2025
13,Ke'Bryan Hayes,28,3B,0.3,52,178,158,16,37,6,1,3,13,2,1,18,30,.234,.315,.342,.656,78,.299,79,54,4,1,0,1,0,5,GG,CIN,2025
14,Christian Encarnacion-Strand,25,1B,-0.6,36,137,130,13,27,4,0,6,19,0,2,3,32,.208,.234,.377,.610,62,.254,52,49,1,2,0,2,0,3/5,,CIN,2025
15,Miguel Andujar,30,DH,0.6,34,110,103,14,37,7,0,4,17,0,0,6,19,.359,.400,.544,.944,153,.407,155,56,3,1,0,0,0,DH/37,,CIN,2025
16,Jeimer Candelario#,31,CI,-0.9,22,91,80,3,9,2,0,2,10,0,1,9,29,.113,.198,.213,.410,12,.185,2,17,1,0,0,2,0,5/3D,,CIN,2025
17,Blake Dunn,26,OF,-0.1,30,75,60,10,9,2,0,1,7,1,1,8,25,.150,.320,.233,.553,54,.270,60,14,1,7,0,0,0,97/8HD,,CIN,2025
18,Connor Joe,32,UT,-0.5,35,70,61,2,13,4,0,0,4,2,2,6,14,.213,.286,.279,.564,54,.249,48,17,2,1,0,2,0,97H/3D8,,CIN,2025
19,Sal Stewart,21,CI,0.5,18,58,55,11,14,1,0,5,8,0,0,3,15,.255,.293,.545,.839,121,.351,115,30,1,0,0,0,0,3/5H,,CIN,2025
20,Rece Hinds,24,RF,-0.4,15,44,43,6,5,1,0,2,3,0,0,1,21,.116,.136,.279,.415,9,.175,-9,12,1,0,0,0,0,9/H,,CIN,2025
21,Austin Wynns,34,C,0.7,18,43,40,6,16,3,0,3,11,0,0,3,12,.400,.442,.700,1.142,203,.482,208,28,1,0,0,0,0,2/H3D,,CIN,2025
22,Garrett Hampson,30,UT,-0.2,9,19,18,0,3,1,0,0,0,0,0,1,6,.167,.211,.222,.433,18,.187,-1,4,1,0,0,0,0,/748H56D,,CIN,2025
23,Jacob Hurtubise*,27,LF,-0.1,12,15,12,3,1,0,0,0,0,0,0,1,6,.083,.267,.083,.350,2,.204,10,1,0,2,0,0,0,/H79,,CIN,2025
24,Will Banfield,25,C,-0.2,7,10,10,0,1,0,0,0,0,0,0,0,6,.100,.100,.100,.200,-45,.090,-70,1,1,0,0,0,0,/2,,CIN,2025
25,Tyler Callihan*,25,UT,-0.2,4,6,6,0,1,0,0,0,1,0,0,0,1,.167,.167,.167,.333,-9,.150,-27,1,0,0,0,0,0,/74,,CIN,2025
26,Ryan Vilade,26,LF,0.0,1,0,0,0,0,0,0,0,0,0,0,0,0,,,,,,,,0,0,0,0,0,0,/7,,CIN,2025
1,Bo Naylor*,25,C,1.5,123,414,359,46,70,22,1,14,47,1,2,45,99,.195,.282,.379,.661,82,.289,80,136,4,1,3,6,0,*2H,,CLE,2025
2,Carlos Santana#,39,1B,1.3,116,455,396,49,89,10,0,11,52,7,0,52,86,.225,.316,.333,.650,82,.296,82,132,7,3,0,4,1,3D/H5,,CLE,2025
3,Daniel Schneemann*,28,2B,1.9,131,422,379,48,78,18,1,12,41,9,3,38,117,.206,.283,.354,.636,76,.288,77,134,4,3,1,1,1,458H96/7D,,CLE,2025
4,Gabriel Arias,25,SS,1.1,129,471,432,44,95,25,2,11,54,8,4,27,162,.220,.274,.363,.638,76,.277,70,157,8,7,1,4,1,64/5H,,CLE,2025
5,José Ramírez#,32,3B,5.8,158,673,593,103,168,34,3,30,85,44,7,66,74,.283,.360,.503,.863,137,.372,134,298,9,8,0,5,22,*5D,"AS,MVP-3,SS",CLE,2025
6,Steven Kwan*,27,LF,3.7,156,693,625,81,170,29,1,11,56,21,5,55,60,.272,.330,.374,.705,96,.312,94,234,3,3,3,7,2,*7/D8,"AS,GG",CLE,2025
7,Angel Martínez#,23,CF,-0.7,139,484,446,56,100,23,2,11,45,8,2,23,110,.224,.269,.359,.628,73,.275,68,160,8,6,5,4,0,*84H/97,,CLE,2025
8,Nolan Jones*,27,RF,-1.1,136,403,355,34,75,14,2,5,34,8,3,39,113,.211,.296,.304,.600,68,.272,66,108,6,5,1,3,1,*98H7/D,,CLE,2025
9,Kyle Manzardo*,24,DH,0.4,142,531,470,47,110,19,2,27,70,2,0,48,135,.234,.313,.455,.768,110,.331,109,214,7,8,0,5,2,D3H,,CLE,2025
10,Brayan Rocchio#,24,MI,-0.3,115,383,344,34,80,18,2,5,44,8,4,22,77,.233,.290,.340,.630,75,.278,71,117,4,8,4,5,0,64/H,,CLE,2025
11,Austin Hedges,32,C,-0.4,68,180,155,13,25,3,0,5,10,1,2,18,43,.161,.250,.277,.527,47,.233,40,43,2,1,4,2,0,2/1,,CLE,2025
12,David Fry,29,DH,-0.8,66,157,146,16,25,4,0,8,23,1,0,9,58,.171,.229,.363,.592,61,.256,54,53,3,2,0,0,0,DH,,CLE,2025
13,Jhonkensy Noel,23,RF,-1.4,69,153,148,19,24,2,0,6,13,0,0,4,52,.162,.183,.297,.480,31,.211,22,44,4,0,0,1,0,9H/37D,,CLE,2025
14,Lane Thomas,29,CF,-0.6,39,142,125,10,20,2,0,4,11,4,1,14,44,.160,.246,.272,.518,45,.242,43,34,4,1,0,2,0,8/H9D,,CLE,2025
15,C.J. Kayfus*,23,UT,0.1,44,138,123,16,27,10,1,4,19,4,0,11,38,.220,.292,.415,.707,94,.311,90,51,0,2,1,1,0,93/HD,,CLE,2025
16,Will Wilson,26,IF,-0.5,34,91,78,7,15,4,0,0,2,2,0,7,34,.192,.267,.244,.511,44,.238,34,19,1,1,5,0,0,45/H1D,,CLE,2025
17,Johnathan Rodríguez,25,RF,-0.6,31,77,71,6,14,4,1,2,10,1,0,6,22,.197,.260,.366,.626,72,.286,75,26,2,0,0,0,0,9/H7D,,CLE,2025
18,George Valera*,24,DH,-0.1,16,48,41,7,9,2,0,2,5,0,0,7,13,.220,.333,.415,.748,107,.328,108,17,1,0,0,0,0,D/9H,,CLE,2025
19,Will Brennan*,27,OF,-0.2,6,13,11,0,1,0,0,0,0,0,1,1,1,.091,.231,.091,.322,-5,.131,-7,1,1,1,0,0,0,/98H,,CLE,2025
20,Petey Halpin*,23,OF,0.1,6,8,6,5,2,0,0,0,0,0,0,2,2,.333,.500,.333,.833,140,.382,147,2,0,0,0,0,0,/8H7,,CLE,2025
21,Dom Nuñez*,30,C,0.0,2,7,7,2,2,0,0,0,0,0,0,0,4,.286,.286,.286,.571,60,.226,34,2,0,0,0,0,0,/2,,CLE,2025
22,Tim Herrin*,28,P,0.0,1,0,0,0,0,0,0,0,0,0,0,0,0,,,,,,,,0,0,0,0,0,0,1,,CLE,2025
23,Matt Festa,32,P,0.0,1,0,0,0,0,0,0,0,0,0,0,0,0,,,,,,,,0,0,0,0,0,0,1,,CLE,2025
24,Emmanuel Clase,27,P,0.0,1,0,0,0,0,0,0,0,0,0,0,0,0,,,,,,,,0,0,0,0,0,0,1,,CLE,2025
1,Hunter Goodman,25,C,3.7,144,579,540,73,150,28,5,31,91,1,2,33,152,.278,.323,.520,.843,120,.367,124,281,16,4,0,2,0,2D/H,"AS,SS",COL,2025
2,Michael Toglia#,26,1B,-1.7,88,337,306,22,58,15,1,11,32,3,0,28,132,.190,.258,.353,.611,61,.272,54,108,7,1,0,2,2,3/DH,,COL,2025
3,Thairo Estrada,29,2B,-0.4,39,165,154,14,39,9,0,3,21,1,3,6,26,.253,.285,.370,.655,73,.286,72,57,6,2,0,3,0,4,,COL,2025
4,Ezequiel Tovar,23,SS,0.6,95,390,360,44,91,18,4,9,33,5,3,21,98,.253,.294,.400,.694,83,.305,80,144,2,1,6,2,0,6,,COL,2025
5,Ryan McMahon*,30,3B,1.2,100,401,350,42,76,15,1,16,35,2,1,49,127,.217,.314,.403,.717,90,.314,86,141,4,1,0,1,1,5/HD,,COL,2025
6,Jordan Beck,24,LF,0.9,148,588,539,62,139,27,5,16,53,19,8,43,174,.258,.317,.416,.732,94,.327,94,224,9,4,0,1,0,*7H/D8,,COL,2025
7,Brenton Doyle,27,CF,0.1,138,538,502,57,117,23,2,15,57,18,2,30,138,.233,.274,.376,.651,72,.297,67,189,14,0,2,4,0,*8/HD,,COL,2025
8,Mickey Moniak*,27,RF,-0.6,135,461,434,62,117,20,8,24,68,9,3,22,110,.270,.306,.518,.824,115,.349,110,225,4,2,0,3,1,*98H7D,,COL,2025
9,Tyler Freeman,26,DH,-1.3,110,428,377,50,106,20,2,2,31,18,9,34,51,.281,.354,.361,.715,92,.324,93,136,10,11,2,4,0,9D4H/57,,COL,2025
10,Kyle Farmer,34,IF,-0.8,97,300,277,24,63,14,0,8,31,0,1,17,66,.227,.280,.365,.645,71,.288,68,101,9,4,0,2,0,4D3H65/1,,COL,2025
11,Ryan Ritter,24,MI,0.3,60,207,187,22,45,9,3,1,18,3,1,10,61,.241,.296,.337,.632,69,.290,67,63,7,5,4,1,0,64/H,,COL,2025
12,Orlando Arcia,30,IF,-1.1,62,182,172,12,35,6,1,3,12,0,1,9,39,.203,.242,.302,.544,44,.245,39,52,4,0,0,1,0,4563/HD,,COL,2025
13,Kyle Karros,22,3B,0.0,43,156,137,20,31,4,0,1,9,0,0,15,41,.226,.308,.277,.585,58,.274,57,38,5,2,0,2,0,5/DH,,COL,2025
14,Yanquiel Fernández*,22,DH,-0.8,52,147,138,13,31,5,0,4,11,0,0,8,44,.225,.265,.348,.613,62,.269,54,48,4,0,0,1,0,D9/H7,,COL,2025
15,Warming Bernabel,23,1B,0.0,40,146,139,15,35,8,1,4,14,1,1,7,25,.252,.288,.410,.698,84,.311,85,57,2,0,0,0,0,3/5DH,,COL,2025
16,Adael Amador#,22,2B,-1.2,41,128,113,5,20,7,0,1,10,1,1,11,27,.177,.256,.265,.521,40,.244,36,30,2,1,3,0,0,4/H,,COL,2025
17,Braxton Fulford,26,C,-0.2,38,120,108,11,23,5,2,1,16,1,0,7,36,.213,.267,.324,.591,57,.262,47,35,1,2,0,3,0,2/DH,,COL,2025
18,Nick Martini*,35,DH,-0.2,43,111,102,9,23,4,0,1,4,0,0,9,18,.225,.288,.294,.582,56,.267,52,30,1,0,0,0,1,D9H/7,,COL,2025
19,Jacob Stallings,35,C,-0.9,28,93,84,4,12,3,0,0,6,0,0,5,31,.143,.217,.179,.396,8,.188,-4,15,1,3,1,0,0,2/1H,,COL,2025
20,Sean Bouchard,29,UT,-0.9,32,73,66,7,11,0,1,1,7,1,1,7,27,.167,.247,.242,.489,32,.235,32,16,2,0,0,0,0,9H/D73,,COL,2025
21,Sam Hilliard*,31,OF,-0.2,20,61,51,8,10,3,1,2,3,2,1,10,23,.196,.328,.412,.740,96,.325,94,21,1,0,0,0,0,/7H89D,,COL,2025
22,Blaine Crim,28,1B,0.3,15,61,54,9,13,2,0,5,12,0,0,5,22,.241,.295,.556,.851,120,.351,112,30,0,0,0,2,0,3/D,,COL,2025
23,Alan Trejo,29,SS,-0.4,13,43,40,3,7,2,0,0,1,0,0,1,7,.175,.190,.225,.415,11,.183,-9,9,3,0,1,1,0,6/1,,COL,2025
24,Austin Nola,35,C,-0.2,14,41,38,2,7,1,0,0,1,0,0,2,5,.184,.225,.211,.436,18,.199,2,8,2,0,1,0,0,2/13DH,,COL,2025
25,Kris Bryant,33,DH,-0.5,11,41,39,2,6,2,0,0,1,0,0,2,13,.154,.195,.205,.400,7,.183,-7,8,1,0,0,0,0,D/H,,COL,2025
26,Zac Veen*,23,OF,-0.3,12,37,34,1,4,1,0,1,2,1,1,2,14,.118,.189,.235,.424,13,.182,-2,8,0,1,0,0,0,/79H,,COL,2025
27,Aaron Schunk,27,IF,-0.3,16,33,32,1,6,1,0,0,0,0,0,0,10,.188,.188,.219,.406,8,.180,-13,7,1,0,1,0,0,/64H5D,,COL,2025
28,Keston Hiura,28,1B,0.0,8,21,18,3,4,1,0,0,1,0,0,0,7,.222,.333,.278,.611,66,.292,70,5,0,3,0,0,0,/3,,COL,2025
29,Owen Miller,28,IF,0.0,9,17,14,0,2,0,0,0,1,1,0,2,4,.143,.294,.143,.437,22,.245,27,2,0,1,0,0,0,/4H5D,,COL,2025
30,Drew Romo#,23,DH,-0.1,3,3,3,0,0,0,0,0,0,0,0,0,3,.000,.000,.000,.000,-100,.000,-134,0,0,0,0,0,0,/H2D,,COL,2025
31,Zach Agnos,24,P,0.0,1,0,0,0,0,0,0,0,0,0,0,0,0,,,,,,,,0,0,0,0,0,0,1,,COL,2025
32,Juan Mejia,24,P,0.0,2,0,0,0,0,0,0,0,0,0,0,0,0,,,,,,,,0,0,0,0,0,0,1,,COL,2025
33,Seth Halvorsen,25,P,0.0,1,0,0,0,0,0,0,0,0,0,0,0,0,,,,,,,,0,0,0,0,0,0,1,,COL,2025
34,Angel Chivilli,22,P,0.0,1,0,0,0,0,0,0,0,0,0,0,0,0,,,,,,,,0,0,0,0,0,0,1,,COL,2025
35,Jake Bird,29,P,0.0,1,0,0,0,0,0,0,0,0,0,0,0,0,,,,,,,,0,0,0,0,0,0,1,,COL,2025
36,Victor Vodnik,25,P,0.0,1,0,0,0,0,0,0,0,0,0,0,0,0,,,,,,,,0,0,0,0,0,0,1,,COL,2025
1,Dillon Dingler,26,C,3.1,126,469,435,54,121,21,2,13,57,0,0,23,110,.278,.327,.425,.752,108,.329,109,185,5,9,0,1,2,*2/HD,GG,DET,2025
2,Spencer Torkelson,25,1B,2.3,155,649,563,82,135,27,1,31,78,2,1,72,169,.240,.333,.456,.789,117,.339,116,257,12,9,0,5,6,*3D/H,,DET,2025
3,Gleyber Torres,28,2B,2.9,145,628,532,79,136,22,0,16,74,4,1,85,101,.256,.358,.387,.745,108,.336,113,206,11,4,0,7,0,*4D/H,AS,DET,2025
4,Trey Sweeney*,25,SS,-0.8,118,326,296,36,58,6,2,6,32,3,1,26,92,.196,.258,.291,.548,53,.248,49,86,2,0,0,4,0,*6H,,DET,2025
5,Zach McKinstry*,30,3B,2.8,144,511,452,68,117,23,11,12,49,19,5,46,111,.259,.333,.438,.771,113,.336,111,198,6,7,1,5,1,5697H/4D13,"AS,SS",DET,2025
6,Riley Greene*,24,LF,2.2,157,655,600,84,155,31,1,36,111,2,1,46,201,.258,.313,.493,.806,120,.343,118,296,14,4,0,5,1,*7D8/H9,"AS,MVP-17,SS",DET,2025
7,Parker Meadows*,25,CF,0.3,58,213,191,22,41,6,2,4,16,4,0,21,56,.215,.291,.330,.621,73,.279,69,63,0,0,0,1,0,8/H,,DET,2025
8,Wenceel Pérez#,25,RF,0.8,100,383,344,47,84,17,4,13,43,8,3,31,87,.244,.308,.430,.738,103,.316,98,148,5,3,0,5,0,98/H7D,,DET,2025
9,Colt Keith*,23,DH,1.5,137,468,414,65,106,22,2,13,45,1,1,48,102,.256,.333,.413,.746,107,.326,107,171,7,2,0,4,1,D54H3,,DET,2025
10,Kerry Carpenter*,27,OF,1.8,130,464,433,66,109,18,5,26,62,1,1,18,106,.252,.291,.497,.788,114,.335,114,215,3,7,0,2,0,9D7H,,DET,2025
11,Javier Báez,32,UT,1.9,126,437,417,55,107,17,3,12,57,5,1,10,109,.257,.282,.398,.680,87,.297,84,166,8,6,0,3,0,6854/H,AS,DET,2025
12,Andy Ibáñez,32,3B,0.6,91,193,176,24,42,8,0,4,21,4,1,12,26,.239,.301,.352,.653,81,.292,80,62,6,4,0,1,0,5H4/3D67,,DET,2025
13,Jahmai Jones,27,DH,0.9,72,150,129,21,37,11,1,7,23,2,0,18,32,.287,.387,.550,.937,157,.403,160,71,3,3,0,0,1,HD97/4,,DET,2025
14,Jake Rogers,30,C,0.2,46,142,123,14,23,5,2,3,19,0,0,15,39,.187,.277,.333,.610,69,.280,73,41,3,1,1,2,0,2/1HD,,DET,2025
15,Justyn-Henry Malloy,25,DH,-0.2,52,127,104,15,23,6,0,1,17,0,0,20,32,.221,.346,.308,.654,85,.303,90,32,1,1,0,2,0,DH9/73,,DET,2025
16,Matt Vierling,28,CF,-0.3,31,100,88,6,21,3,0,1,11,2,0,7,24,.239,.310,.307,.617,73,.281,70,27,1,3,0,2,0,8/7H59D,,DET,2025
17,Jace Jung*,24,3B,-0.5,21,55,47,8,5,0,0,0,3,0,0,7,16,.106,.236,.106,.343,1,.181,1,5,2,1,0,0,0,5/H,,DET,2025
18,Ryan Kreidler,27,CF,-0.2,17,44,38,5,4,0,0,0,0,2,0,4,19,.105,.190,.105,.296,-14,.162,-27,4,0,0,2,0,0,8,,DET,2025
19,Tomás Nido,31,C,-0.1,10,37,35,4,12,0,0,0,2,0,0,0,10,.343,.361,.343,.704,98,.314,97,12,1,1,1,0,0,2/1,,DET,2025
20,Manuel Margot,30,RF,-0.1,6,20,19,1,6,0,0,0,3,0,0,0,6,.316,.300,.316,.616,72,.262,60,6,0,0,0,1,0,/9H,,DET,2025
21,Akil Baddoo*,26,OF,0.2,7,18,17,0,2,1,0,0,1,1,0,1,5,.118,.167,.176,.343,-4,.170,-17,3,0,0,0,0,0,/798H,,DET,2025
22,Brewer Hicklen,29,CF,0.1,1,4,3,2,2,0,0,0,0,1,0,1,1,.667,.750,.667,1.417,301,.653,302,2,0,0,0,0,0,/8,,DET,2025
23,Tyler Owens,24,P,0.0,1,0,0,0,0,0,0,0,0,0,0,0,0,,,,,,,,0,0,0,0,0,0,/1,,DET,2025
24,Tommy Kahnle,35,P,0.0,1,0,0,0,0,0,0,0,0,0,0,0,0,,,,,,,,0,0,0,0,0,0,1,,DET,2025
25,John Brebbia*,35,P,0.0,1,0,0,0,0,0,0,0,0,0,0,0,0,,,,,,,,0,0,0,0,0,0,1,,DET,2025
1,Yainer Diaz,26,C,2.7,143,567,542,56,139,25,1,20,70,1,1,20,95,.256,.284,.417,.701,92,.309,94,226,13,2,0,3,2,*2D/H,,HOU,2025
2,Christian Walker,34,1B,0.2,154,640,585,72,139,24,1,27,88,2,1,40,177,.238,.297,.421,.717,97,.312,96,246,10,11,0,4,1,*3/DH,,HOU,2025
3,Jose Altuve,35,2B,0.5,155,654,588,80,156,24,1,26,77,10,6,55,109,.265,.329,.442,.771,112,.331,110,260,20,4,1,6,5,4D7/H,,HOU,2025
4,Jeremy Peña,27,SS,5.6,125,543,493,68,150,30,2,17,62,20,2,35,93,.304,.363,.477,.840,132,.368,132,235,9,12,1,2,2,*6/HD,"AS,MVP-10",HOU,2025
5,Isaac Paredes,26,3B,2.3,102,438,378,53,96,15,1,20,53,0,1,50,76,.254,.352,.458,.809,123,.353,127,173,10,8,0,2,0,5D/H,AS,HOU,2025
6,Cooper Hummel#,30,LF,-0.7,36,104,87,10,15,0,0,3,7,1,0,14,30,.172,.301,.276,.577,63,.272,65,24,1,2,1,0,0,7H/D1,,HOU,2025
7,Jake Meyers,29,CF,2.4,104,381,343,53,100,15,2,3,24,16,5,31,67,.292,.354,.373,.727,103,.333,109,128,9,3,2,2,0,8/H,,HOU,2025
8,Cam Smith,22,RF,1.9,134,493,441,55,104,21,3,9,51,8,1,43,137,.236,.312,.358,.671,87,.304,88,158,11,7,0,2,0,*9H/D,ROY-10,HOU,2025
9,Yordan Alvarez*,28,DH,0.7,48,199,165,17,45,8,0,6,27,1,1,28,33,.273,.367,.430,.797,121,.339,117,71,1,0,0,6,5,D7/H,,HOU,2025
10,Mauricio Dubón,30,UT,1.7,133,398,369,43,89,21,0,7,33,3,0,24,42,.241,.289,.355,.644,78,.281,72,131,12,1,3,1,0,74658H/39,GG,HOU,2025
11,Victor Caratini#,31,C,0.9,114,386,344,35,89,14,0,12,46,1,0,23,65,.259,.324,.404,.728,101,.319,101,139,8,13,0,6,0,2DH3,,HOU,2025
12,Carlos Correa,30,3B,1.3,51,220,200,23,58,10,0,6,21,0,0,19,45,.290,.355,.430,.785,117,.349,123,86,7,1,0,0,0,5/6,,HOU,2025
13,Jesús Sánchez*,27,OF,0.2,48,160,146,21,29,9,0,4,12,4,1,13,40,.199,.269,.342,.611,69,.277,68,50,2,1,0,0,0,79/HD,,HOU,2025
14,Taylor Trammell*,27,OF,-0.2,52,135,117,15,23,7,0,3,12,3,2,17,41,.197,.296,.333,.630,75,.278,73,39,0,0,0,1,0,87H/9D,,HOU,2025
15,Brendan Rodgers,28,2B,0.0,43,128,115,12,22,4,0,2,11,0,1,11,46,.191,.266,.278,.544,52,.263,63,32,2,1,0,1,0,4/HD,,HOU,2025
16,Chas McCormick,30,CF,-1.0,64,116,100,13,21,5,0,1,5,2,3,9,31,.210,.279,.290,.569,59,.243,50,29,1,1,5,1,0,879H/D1,,HOU,2025
17,Zach Dezenzo,25,OF,0.1,34,109,98,17,24,6,0,2,10,1,0,11,37,.245,.321,.367,.688,92,.313,95,36,2,0,0,0,0,79/D3H,,HOU,2025
18,Ramón Urías,31,2B,0.7,35,101,94,6,21,5,0,3,10,1,0,6,28,.223,.267,.372,.640,76,.285,74,35,1,0,0,1,0,45/H,,HOU,2025
19,Jacob Melton*,24,OF,-0.3,32,78,70,7,11,0,1,0,7,7,2,6,29,.157,.234,.186,.419,19,.205,11,13,2,1,0,0,0,8/7H9,,HOU,2025
20,Zack Short,30,SS,0.0,22,56,50,9,11,2,0,2,7,0,1,4,18,.220,.291,.380,.671,85,.278,78,19,0,1,1,0,0,6/HD,,HOU,2025
21,Zach Cole*,24,OF,0.6,15,52,47,9,12,2,0,4,11,3,0,5,20,.255,.327,.553,.880,139,.382,137,26,0,0,0,0,0,/798H,,HOU,2025
22,Brice Matthews,23,2B,0.3,13,47,42,6,7,0,0,4,9,1,0,2,20,.167,.222,.452,.675,81,.306,87,19,0,1,2,0,0,4/H5,,HOU,2025
23,Shay Whitcomb,26,UT,-0.3,20,32,32,4,4,0,0,1,1,0,0,0,10,.125,.125,.219,.344,-7,.171,-6,7,0,0,0,0,0,/45HD7,,HOU,2025
24,Luis Guillorme*,30,IF,-0.2,12,21,20,2,3,0,0,0,0,0,0,1,8,.150,.190,.150,.340,-3,.160,-15,3,2,0,0,0,0,/45H,,HOU,2025
25,César Salazar*,29,C,-0.1,11,16,13,0,3,0,0,0,1,0,0,2,2,.231,.375,.231,.606,75,.291,81,3,1,1,0,0,0,/2HD1,,HOU,2025
26,Jon Singleton*,33,DH,-0.1,3,9,9,0,1,0,0,0,0,0,0,0,1,.111,.111,.111,.222,-38,.099,-59,1,0,0,0,0,0,/D3H,,HOU,2025
27,Kenedy Corona,25,CF,0.0,3,4,2,0,0,0,0,0,0,0,0,2,1,.000,.500,.000,.500,58,.343,118,0,0,0,0,0,0,/8H,,HOU,2025
28,Kaleb Ort,33,P,0.0,2,0,0,0,0,0,0,0,0,0,0,0,0,,,,,,,,0,0,0,0,0,0,1,,HOU,2025
29,Bryan Abreu,28,P,0.0,1,0,0,0,0,0,0,0,0,0,0,0,0,,,,,,,,0,0,0,0,0,0,1,,HOU,2025
30,Josh Hader*,31,P,0.0,1,0,0,0,0,0,0,0,0,0,0,0,0,,,,,,,,0,0,0,0,0,0,1,AS,HOU,2025
31,Bennett Sousa*,30,P,0.0,1,0,0,0,0,0,0,0,0,0,0,0,0,,,,,,,,0,0,0,0,0,0,1,,HOU,2025
32,Enyel De Los Santos,29,P,0.0,1,0,0,0,0,0,0,0,0,0,0,0,0,,,,,,,,0,0,0,0,0,0,1,,HOU,2025
1,Salvador Perez,35,C,0.4,155,641,597,54,141,35,0,30,100,0,0,28,125,.236,.284,.446,.729,100,.311,97,266,14,12,0,1,5,2D3,,KCR,2025
2,Vinnie Pasquantino*,27,1B,2.4,160,682,621,72,164,33,1,32,113,1,0,49,107,.264,.323,.475,.798,120,.343,121,295,14,7,0,5,5,*3D,,KCR,2025
3,Jonathan India,28,2B,0.4,136,567,497,63,116,29,0,9,45,0,4,54,106,.233,.323,.346,.669,89,.299,91,172,9,13,1,2,0,4D75/H,,KCR,2025
4,Bobby Witt Jr.,25,SS,7.1,157,687,623,99,184,47,6,23,88,38,9,49,125,.295,.351,.501,.852,136,.370,136,312,7,8,0,7,8,*6/D,"AS,MVP-4,GG,SS",KCR,2025
5,Maikel Garcia,25,3B,5.8,160,666,595,81,170,39,5,16,74,23,9,62,84,.286,.351,.449,.800,123,.348,123,267,14,1,3,5,0,*564/8DH9,"AS,MVP-14,GG",KCR,2025
6,Drew Waters#,26,LF,-0.4,71,219,206,21,50,6,3,1,14,5,3,11,60,.243,.288,.316,.603,70,.281,76,65,2,2,0,0,0,789/HD,,KCR,2025
7,Kyle Isbel*,28,CF,1.6,135,409,368,42,94,16,4,4,33,4,5,23,74,.255,.301,.353,.654,83,.284,80,130,7,2,13,3,0,*8/H,,KCR,2025
8,Jac Caglianone*,22,RF,-1.3,62,232,210,19,33,6,1,7,18,1,0,18,52,.157,.237,.295,.532,49,.238,43,62,4,4,0,0,0,93/DH,,KCR,2025
9,Carter Jensen*,21,DH,0.8,20,69,60,12,18,6,0,3,13,0,0,9,12,.300,.391,.550,.941,161,.399,162,33,1,0,0,0,0,2D/H,,KCR,2025
10,Michael Massey*,27,2B,-0.1,77,277,262,20,64,9,0,3,20,2,1,9,43,.244,.268,.313,.581,63,.255,57,82,3,1,1,4,0,47/HD,,KCR,2025
11,Freddy Fermin,30,C,1.1,67,208,192,17,49,7,0,3,12,1,2,13,37,.255,.309,.339,.648,82,.284,80,65,2,2,1,0,1,2/HD4,,KCR,2025
12,Adam Frazier*,33,UT,1.1,56,197,184,21,52,10,0,4,23,1,1,9,36,.283,.320,.402,.722,101,.314,101,74,0,2,0,2,0,47/DH59,,KCR,2025
13,Nick Loftin,26,LF,-0.4,67,188,168,17,35,9,2,4,20,1,1,14,27,.208,.278,.357,.635,77,.273,70,60,7,3,1,2,0,7H45/3D,,KCR,2025
14,Mike Yastrzemski*,34,RF,1.0,50,186,156,30,37,14,0,9,18,1,0,25,22,.237,.339,.500,.839,131,.354,128,78,3,1,0,4,0,98/7HD,,KCR,2025
15,John Rave*,27,OF,0.1,72,175,153,18,30,5,0,4,14,7,2,18,46,.196,.283,.307,.590,66,.266,61,47,1,1,2,1,0,978/HD,,KCR,2025
16,Mark Canha,36,OF,-1.0,46,125,113,9,24,3,0,1,6,0,1,7,24,.212,.272,.265,.537,52,.237,46,30,1,3,0,2,0,7H9/D3,,KCR,2025
17,Hunter Renfroe,33,RF,-1.5,35,108,99,5,18,6,0,0,4,0,0,8,21,.182,.241,.242,.483,37,.216,28,24,4,0,0,1,0,9/HD,,KCR,2025
18,Randal Grichuk,33,OF,-0.4,43,105,97,10,20,3,0,2,5,0,0,7,22,.206,.267,.299,.566,59,.251,53,29,1,1,0,0,0,9H7/D8,,KCR,2025
19,Cavan Biggio*,30,UT,-0.2,37,83,69,9,12,2,0,1,4,1,0,11,21,.174,.296,.246,.543,55,.259,56,17,0,1,2,0,0,HD/93745,,KCR,2025
20,MJ Melendez*,26,OF,-0.6,23,65,60,5,5,2,0,1,1,0,0,3,23,.083,.154,.167,.321,-10,.150,-20,10,0,2,0,0,0,7/9HD,,KCR,2025
21,Tyler Tolbert,27,UT,0.2,64,57,50,19,14,2,0,1,6,21,2,1,11,.280,.321,.380,.701,96,.392,105,19,1,3,1,2,0,H87/4695D,,KCR,2025
22,Luke Maile,34,C,0.0,25,54,45,6,11,2,0,1,6,1,0,7,16,.244,.346,.356,.702,98,.318,99,16,1,0,2,0,0,2/H1,,KCR,2025
23,Dairon Blanco,32,OF,0.0,9,8,6,2,1,1,0,0,1,3,2,0,2,.167,.167,.333,.500,35,.313,144,2,0,0,2,0,0,/H78,,KCR,2025
24,Taylor Clarke,32,P,0.0,3,0,0,0,0,0,0,0,0,0,0,0,0,,,,,,,,0,0,0,0,0,0,1,,KCR,2025
25,Luinder Avila,23,P,0.0,1,0,0,0,0,0,0,0,0,0,0,0,0,,,,,,,,0,0,0,0,0,0,1,,KCR,2025
26,John Schreiber,31,P,0.0,1,0,0,0,0,0,0,0,0,0,0,0,0,,,,,,,,0,0,0,0,0,0,1,,KCR,2025
27,Trevor Richards,32,P,0.0,1,0,0,0,0,0,0,0,0,0,0,0,0,,,,,,,,0,0,0,0,0,0,/1,,KCR,2025
28,Steven Cruz,26,P,0.0,1,0,0,0,0,0,0,0,0,0,0,0,0,,,,,,,,0,0,0,0,0,0,1,,KCR,2025
29,Daniel Lynch IV*,28,P,0.0,3,0,0,0,0,0,0,0,0,0,0,0,0,,,,,,,,0,0,0,0,0,0,1,,KCR,2025
30,Sam Long*,29,P,0.0,1,0,0,0,0,0,0,0,0,0,0,0,0,,,,,,,,0,0,0,0,0,0,1,,KCR,2025
31,Lucas Erceg*,30,P,0.0,2,0,0,0,0,0,0,0,0,0,0,0,0,,,,,,,,0,0,0,0,0,0,1,,KCR,2025
32,Carlos Estévez,32,P,0.0,5,0,0,0,0,0,0,0,0,0,0,0,0,,,,,,,,0,0,0,0,0,0,1,AS,KCR,2025
1,Logan O'Hoppe,25,C,-0.2,119,451,423,35,90,8,1,19,43,2,1,24,139,.213,.258,.371,.629,72,.275,69,157,12,2,1,1,0,2H/D,,LAA,2025
2,Nolan Schanuel*,23,1B,1.3,132,564,488,64,129,23,1,12,53,5,1,59,71,.264,.353,.389,.742,107,.329,108,190,10,10,3,4,4,*3,,LAA,2025
3,Luis Rengifo#,28,2B,0.4,147,541,501,55,119,16,3,9,43,10,7,33,104,.238,.287,.335,.622,73,.276,72,168,7,3,1,3,0,54H/9768D,,LAA,2025
4,Zach Neto,24,SS,5.1,128,554,502,82,129,29,1,26,62,26,9,33,149,.257,.319,.474,.793,117,.341,115,238,5,14,2,3,6,*6/H,,LAA,2025
5,Yoán Moncada#,30,3B,0.7,84,289,248,39,58,13,2,12,35,0,0,32,75,.234,.336,.448,.783,116,.339,116,111,4,7,0,2,1,5H/D,,LAA,2025
6,Taylor Ward,31,LF,2.7,157,663,579,86,132,31,2,36,103,4,1,75,175,.228,.317,.475,.792,116,.342,117,275,13,3,0,6,1,*7/DH,,LAA,2025
7,Jo Adell,26,CF,1.2,152,573,526,63,124,18,1,37,98,5,1,33,151,.236,.293,.485,.778,111,.335,112,255,10,10,0,1,0,*89/HD,,LAA,2025
8,Jorge Soler,33,RF,-0.5,82,315,279,31,60,12,0,12,34,0,0,28,94,.215,.293,.387,.680,87,.303,89,108,5,4,0,3,0,9D/H,,LAA,2025
9,Mike Trout,33,DH,1.5,130,556,456,73,106,14,1,26,64,2,0,87,178,.232,.359,.439,.797,121,.341,117,200,7,6,0,6,10,D9/H,,LAA,2025
10,Travis d'Arnaud,36,C,-0.3,69,231,213,16,42,13,0,6,21,0,0,13,74,.197,.255,.343,.598,65,.260,58,73,5,4,0,1,0,2/HD,,LAA,2025
11,Christian Moore,22,2B,0.1,53,184,162,20,32,5,1,7,16,3,0,19,62,.198,.284,.370,.655,81,.289,77,60,3,1,1,1,0,4/H,,LAA,2025
12,Bryce Teodosio,26,CF,0.5,50,150,138,12,28,7,2,1,7,7,1,5,47,.203,.248,.304,.553,53,.247,42,42,2,4,1,2,0,8,,LAA,2025
13,Kyren Paris,23,UT,0.7,44,140,126,20,24,4,1,6,11,7,1,10,59,.190,.266,.381,.647,77,.302,83,48,1,3,0,0,0,84/H7D,,LAA,2025
14,Kevin Newman,31,IF,-0.9,56,116,114,13,23,2,0,2,11,1,0,1,23,.202,.209,.272,.481,33,.233,37,31,5,0,1,0,0,56/4H13,,LAA,2025
15,Oswald Peraza,25,IF,-0.5,35,95,86,6,16,1,0,2,7,6,0,6,33,.186,.245,.267,.512,43,.243,34,23,3,1,0,1,0,35H/61,,LAA,2025
16,Tim Anderson,32,MI,0.0,31,90,83,8,17,3,0,0,3,1,1,3,29,.205,.258,.241,.499,41,.223,33,20,1,3,1,0,0,46/H,,LAA,2025
17,Chris Taylor,34,UT,0.0,30,90,78,11,14,5,0,2,10,2,1,5,29,.179,.278,.321,.598,66,.267,64,25,0,6,0,1,0,9/4H875,,LAA,2025
18,LaMonte Wade Jr.*,31,RF,-0.5,30,73,65,7,11,0,0,1,3,1,0,6,23,.169,.260,.215,.476,35,.227,32,14,0,2,0,0,0,9/H37,,LAA,2025
19,Matthew Lugo,24,OF,-0.5,31,70,69,9,16,2,1,4,9,0,0,0,24,.232,.243,.464,.707,90,.295,83,32,3,1,0,0,0,8H/97,,LAA,2025
20,Gustavo Campero#,27,RF,-0.3,28,66,58,9,10,1,0,3,8,4,1,5,14,.172,.273,.345,.618,71,.282,69,20,2,3,0,0,0,9/H78D,,LAA,2025
21,Denzer Guzmán,21,SS,-0.4,13,43,42,4,8,1,0,2,3,0,0,1,22,.190,.209,.357,.566,54,.240,43,15,0,0,0,0,0,6,,LAA,2025
22,Sebastián Rivero,26,C,0.0,11,34,33,4,6,2,0,0,2,1,0,1,9,.182,.206,.242,.448,24,.252,47,8,0,0,0,0,0,2,,LAA,2025
23,Scott Kingery,31,UT,-0.5,19,29,27,3,4,1,0,0,0,1,1,2,11,.148,.207,.185,.392,11,.167,-3,5,1,0,0,0,0,/4H8619,,LAA,2025
24,Logan Davidson#,27,1B,-0.3,10,23,22,2,4,1,0,1,2,0,0,0,10,.182,.182,.364,.545,46,.220,26,8,0,0,1,0,0,/3H1,,LAA,2025
25,Niko Kavadas*,26,1B,-0.4,10,23,20,0,2,0,0,0,0,0,0,3,10,.100,.217,.100,.317,-7,.167,-10,2,0,0,0,0,0,3/1H,,LAA,2025
26,Chad Stevens,26,IF,-0.2,5,14,13,1,2,0,0,0,0,0,1,0,7,.154,.154,.154,.308,-14,.099,-41,2,0,0,1,0,0,/45,,LAA,2025
27,J.D. Davis,32,CI,-0.2,5,9,9,0,1,0,0,0,0,0,0,0,3,.111,.111,.111,.222,-38,.099,-59,1,0,0,0,0,0,/3H5,,LAA,2025
28,Carter Kieboom,27,1B,-0.3,3,8,8,0,2,0,0,0,1,0,0,0,1,.250,.250,.250,.500,40,.222,30,2,0,0,0,0,0,/3H,,LAA,2025
29,Nicky Lopez*,30,UT,-0.2,4,6,6,0,0,0,0,0,0,0,0,0,1,.000,.000,.000,.000,-100,.000,-131,0,0,0,0,0,0,/5167,,LAA,2025
30,Chad Wallach,33,C,0.0,1,0,0,0,0,0,0,0,0,0,0,0,0,,,,,,,,0,0,0,0,0,0,/2,,LAA,2025
31,Kenley Jansen#,37,P,0.0,1,0,0,0,0,0,0,0,0,0,0,0,0,,,,,,,,0,0,0,0,0,0,1,,LAA,2025
1,Will Smith,30,C,4.5,110,436,362,64,107,20,1,17,61,2,3,64,89,.296,.404,.497,.901,152,.387,151,180,7,5,0,5,1,2H/D,"AS,MVP-20",LAD,2025
2,Freddie Freeman*,35,1B,3.5,147,627,556,81,164,39,2,24,90,6,2,60,128,.295,.367,.502,.869,141,.376,141,279,13,6,0,5,7,*3/H,"AS,MVP-13",LAD,2025
3,Tommy Edman#,30,2B,1.1,97,377,346,49,78,13,1,13,49,3,1,19,61,.225,.274,.382,.655,82,.302,88,132,4,6,1,5,0,485/HD,,LAD,2025
4,Mookie Betts,32,SS,4.9,150,663,589,95,152,23,2,20,82,8,2,61,68,.258,.326,.406,.732,104,.322,102,239,15,3,0,10,2,*6/H9,,LAD,2025
5,Max Muncy*,34,3B,3.6,100,388,313,48,76,10,2,19,67,4,0,64,83,.243,.376,.470,.846,136,.370,136,147,4,6,0,5,2,5H,,LAD,2025
6,Michael Conforto*,32,LF,-0.7,138,486,418,54,83,20,0,12,36,1,0,56,121,.199,.305,.333,.637,79,.289,79,139,12,9,0,3,0,*7H,,LAD,2025
7,Andy Pages,24,CF,3.8,156,624,581,74,158,27,1,27,86,14,7,29,135,.272,.313,.461,.774,114,.338,115,268,9,8,0,6,0,*897,,LAD,2025
8,Teoscar Hernández,32,RF,1.5,134,546,511,65,126,29,1,25,89,5,2,26,134,.247,.284,.454,.738,103,.318,100,232,13,3,0,5,0,*9/H,,LAD,2025
9,Shohei Ohtani*,30,DH,6.6,158,727,611,146,172,25,9,55,102,20,6,109,187,.282,.392,.622,1.014,179,.423,175,380,9,3,0,2,20,*D1,"AS,MVP-1,SS",LAD,2025
10,Miguel Rojas,36,IF,2.1,114,317,290,35,76,18,0,7,27,5,0,24,46,.262,.318,.397,.715,100,.319,98,115,7,0,3,0,1,456H/13,,LAD,2025
11,Kiké Hernández,33,UT,0.2,92,256,232,30,47,8,0,10,35,0,0,18,68,.203,.255,.366,.621,72,.276,71,85,7,0,1,5,0,357H4/81D,,LAD,2025
12,Hyeseong Kim*,26,2B,1.7,71,170,161,19,45,6,1,3,17,13,1,7,52,.280,.314,.385,.699,95,.335,102,62,0,1,1,0,0,4H86,,LAD,2025
13,Dalton Rushing*,24,C,0.2,53,155,142,15,29,5,0,4,24,0,0,10,58,.204,.258,.324,.582,63,.263,61,46,1,1,0,2,0,2/H3D,,LAD,2025
14,Alex Freeland#,23,IF,0.2,29,97,84,10,16,2,1,2,6,1,0,11,35,.190,.292,.310,.601,70,.276,68,26,3,1,1,0,0,54/H,,LAD,2025
15,Alex Call,30,OF,0.4,38,85,73,13,18,4,0,2,5,1,0,10,19,.247,.333,.384,.717,101,.321,100,28,1,0,1,1,0,7H9/8D,,LAD,2025
16,Ben Rortvedt*,27,C,0.1,18,58,49,7,11,2,0,1,4,0,0,4,9,.224,.309,.327,.636,79,.289,78,16,1,2,3,0,0,2,,LAD,2025
17,Austin Barnes,35,C,-0.3,13,44,42,4,9,3,0,0,2,0,0,1,14,.214,.233,.286,.518,45,.227,34,12,1,0,1,0,0,2/3DH,,LAD,2025
18,James Outman*,28,CF,-0.2,22,44,39,8,4,1,0,2,4,0,0,4,18,.103,.205,.282,.487,35,.221,31,11,0,1,0,0,0,8/H9,,LAD,2025
19,Chris Taylor,34,UT,-0.6,28,35,35,4,7,2,0,0,2,0,1,0,13,.200,.200,.257,.457,28,.180,13,9,1,0,0,0,0,7/8H49,,LAD,2025
20,Esteury Ruiz,26,OF,-0.2,19,23,21,2,4,0,0,1,2,4,0,2,8,.190,.261,.333,.594,66,.304,61,7,0,0,0,0,0,7/H9,,LAD,2025
21,Buddy Kennedy,26,3B,-0.3,7,18,17,1,1,0,0,0,1,0,0,0,5,.059,.111,.059,.170,-50,.135,-29,1,0,1,0,0,0,/5H,,LAD,2025
22,Eddie Rosario*,33,DH,0.0,2,4,4,0,1,0,0,0,0,0,0,0,0,.250,.250,.250,.500,42,.225,36,1,0,0,0,0,0,/D,,LAD,2025
23,Hunter Feduccia*,28,1B,0.0,2,3,2,0,0,0,0,0,0,0,0,1,1,.000,.333,.000,.333,5,.232,40,0,0,0,0,0,0,/H3,,LAD,2025
24,Chuckie Robinson,30,C,0.0,1,2,1,1,0,0,0,0,0,0,0,0,0,.000,.000,.000,.000,-100,.000,-333,0,0,0,1,0,0,/2,,LAD,2025
25,Justin Dean,28,CF,0.0,18,2,2,0,0,0,0,0,0,1,0,0,1,.000,.000,.000,.000,-100,.122,-126,0,0,0,0,0,0,8/H,,LAD,2025
26,Tanner Scott,30,P,0.0,1,0,0,0,0,0,0,0,0,0,0,0,0,,,,,,,,0,0,0,0,0,0,1,,LAD,2025
27,Anthony Banda*,31,P,0.0,1,0,0,0,0,0,0,0,0,0,0,0,0,,,,,,,,0,0,0,0,0,0,1,,LAD,2025
1,Agustín Ramírez,23,C,-0.4,136,585,537,72,124,33,1,21,67,16,3,36,113,.231,.287,.413,.701,92,.310,89,222,13,8,0,4,2,2D/H,ROY-6,MIA,2025
2,Eric Wagaman,27,1B,-0.4,140,514,476,56,119,28,3,9,53,4,1,32,100,.250,.296,.378,.674,86,.303,86,180,11,1,0,5,0,*37HD/59,,MIA,2025
3,Xavier Edwards#,25,2B,3.2,139,619,561,75,159,20,5,3,43,27,7,49,88,.283,.343,.353,.695,94,.317,93,198,6,3,3,3,2,46/HD,,MIA,2025
4,Otto López,26,SS,3.5,143,594,544,66,134,21,0,15,77,15,6,44,82,.246,.305,.368,.672,86,.307,89,200,9,3,0,3,2,*64/HD,,MIA,2025
5,Connor Norby,25,3B,0.7,88,337,311,42,78,17,1,8,34,8,2,18,90,.251,.300,.389,.689,90,.317,95,121,3,5,0,3,0,5/HD,,MIA,2025
6,Kyle Stowers*,27,LF,3.6,117,457,399,61,115,21,3,25,73,5,1,48,125,.288,.368,.544,.912,149,.391,148,217,6,5,1,4,3,79H8/D,AS,MIA,2025
7,Dane Myers,29,CF,-0.1,106,333,307,29,72,10,0,6,31,18,5,23,77,.235,.291,.326,.617,71,.284,69,100,12,2,0,1,0,89H7/D,,MIA,2025
8,Jesús Sánchez*,27,RF,1.1,86,337,305,40,78,12,4,10,36,9,2,29,70,.256,.320,.420,.740,104,.328,102,128,8,1,0,2,1,9H8/D7,,MIA,2025
9,Heriberto Hernández,25,DH,0.9,87,294,256,40,68,12,1,10,45,1,1,31,77,.266,.347,.438,.784,116,.344,117,112,6,3,0,4,0,7D9H,ROY-13,MIA,2025
10,Liam Hicks*,26,UT,1.3,119,390,332,37,82,13,1,6,45,2,0,43,56,.247,.346,.346,.693,94,.320,98,115,5,9,3,3,0,23HD,,MIA,2025
11,Javier Sanoja,22,UT,1.5,118,342,313,40,76,22,4,6,38,6,5,19,41,.243,.287,.396,.683,87,.307,92,124,2,2,4,4,0,574H86/13D,GG,MIA,2025
12,Jakob Marsee*,24,CF,1.9,55,234,209,28,61,18,3,5,33,14,6,22,48,.292,.363,.478,.842,132,.365,130,100,2,2,0,1,0,87/9H,ROY-8,MIA,2025
13,Graham Pauley*,24,3B,0.7,62,184,161,18,36,9,1,4,11,2,0,21,36,.224,.311,.366,.678,88,.303,85,59,1,0,1,1,0,5/438,,MIA,2025
14,Nick Fortes,28,C,0.4,59,141,129,11,31,6,1,2,10,0,0,7,22,.240,.288,.349,.637,76,.278,69,45,4,2,2,1,0,2/HD,,MIA,2025
15,Derek Hill,29,CF,0.8,53,141,127,19,27,6,0,3,10,7,0,9,46,.213,.275,.331,.606,68,.285,64,42,3,2,3,0,0,8/HD,,MIA,2025
16,Matt Mervis*,27,1B,-0.7,42,134,120,15,21,4,0,7,14,0,0,11,50,.175,.254,.383,.637,74,.288,76,46,1,2,0,1,1,3D/H,,MIA,2025
17,Troy Johnston*,28,UT,0.3,44,121,112,12,31,2,1,4,13,2,2,8,26,.277,.331,.420,.750,107,.333,111,47,1,1,0,0,0,397/HD,,MIA,2025
18,Griffin Conine*,27,OF,0.1,24,86,79,13,20,7,0,2,8,0,1,7,25,.253,.314,.418,.732,101,.325,107,33,0,0,0,0,0,7/9DH,,MIA,2025
19,Joey Wiemer,26,RF,0.4,27,61,55,7,13,2,0,3,12,0,0,2,23,.236,.279,.436,.715,95,.297,82,24,0,2,0,2,1,9/H7,,MIA,2025
20,Maximo Acosta,22,IF,0.0,19,61,54,7,11,1,0,3,5,1,2,6,17,.204,.295,.389,.684,88,.305,97,21,0,1,0,0,0,5/46,,MIA,2025
21,Ronny Simón#,25,UT,-0.7,19,56,47,6,11,2,0,0,5,0,0,7,7,.234,.327,.277,.604,71,.295,80,13,1,0,1,1,0,/47D6H,,MIA,2025
22,Jonah Bride,29,CI,-0.4,12,45,40,3,4,0,0,0,2,0,0,5,15,.100,.200,.100,.300,-13,.161,-16,4,0,0,0,0,1,/D35H,,MIA,2025
23,Víctor Mesa Jr.*,23,OF,0.1,16,38,32,7,6,2,0,1,6,0,0,5,5,.188,.297,.344,.641,78,.287,74,11,0,0,1,0,0,/798H,,MIA,2025
24,Jack Winkler,26,IF,-0.2,14,16,16,2,4,2,0,0,0,1,0,0,4,.250,.250,.375,.625,71,.284,63,6,0,0,0,0,0,/4H365,,MIA,2025
25,Brian Navarreto,30,C,0.2,8,15,14,3,4,2,0,1,5,0,0,0,3,.286,.267,.643,.910,142,.362,128,9,0,0,0,1,0,/2,,MIA,2025
26,Rob Brantly*,35,C,0.0,3,7,7,0,3,0,0,0,1,0,0,0,1,.429,.429,.429,.857,140,.372,136,3,0,0,0,0,0,/2,,MIA,2025
1,William Contreras,27,C,3.9,150,659,566,89,147,28,0,17,76,6,4,84,120,.260,.355,.399,.754,111,.342,117,226,14,3,0,6,4,*2D/37,,MIL,2025
2,Rhys Hoskins,32,1B,0.9,90,328,279,30,66,12,1,12,43,2,1,38,91,.237,.332,.416,.748,108,.331,108,116,6,5,0,6,2,3/HD,,MIL,2025
3,Brice Turang*,25,2B,5.6,156,659,584,97,168,28,2,18,81,24,8,66,150,.288,.359,.435,.794,121,.355,123,254,3,2,2,5,1,*4/H6,MVP-14,MIL,2025
4,Joey Ortiz,26,SS,0.3,149,506,470,62,108,18,1,7,45,14,3,27,74,.230,.276,.317,.593,66,.270,62,149,10,3,6,0,0,*6/H,,MIL,2025
5,Caleb Durbin,25,3B,2.8,136,506,445,60,114,25,0,11,53,18,6,30,50,.256,.334,.387,.721,101,.330,106,172,10,24,3,4,0,*54H/6,ROY-3,MIL,2025
6,Isaac Collins#,27,LF,2.1,130,441,372,56,98,22,3,9,54,16,7,57,93,.263,.368,.411,.779,118,.354,125,153,8,6,3,3,0,*7H/9D54,ROY-4,MIL,2025
7,Jackson Chourio,21,CF,2.2,131,589,549,88,148,35,4,21,78,21,7,30,121,.270,.308,.463,.770,112,.339,112,254,13,3,1,6,1,*879/D,,MIL,2025
8,Sal Frelick*,25,RF,3.0,142,594,528,76,152,20,3,12,63,19,6,47,80,.288,.351,.405,.756,111,.335,110,214,4,7,3,5,0,*98/H35,,MIL,2025
9,Christian Yelich*,33,DH,3.1,150,644,573,88,151,21,0,29,103,16,6,64,167,.264,.343,.452,.795,121,.350,121,259,6,6,0,1,6,*D7/H,MVP-12,MIL,2025
10,Andrew Vaughn,27,1B,1.3,64,254,221,26,68,14,0,9,46,0,0,24,37,.308,.375,.493,.869,141,.374,139,109,8,3,1,5,0,3/H,,MIL,2025
11,Jake Bauers*,29,UT,0.7,85,218,183,28,43,9,0,7,28,8,1,32,59,.235,.353,.399,.752,111,.340,111,73,1,2,0,1,1,3H7/D19,,MIL,2025
12,Blake Perkins#,28,CF,0.3,54,171,155,25,35,6,2,3,19,7,2,15,47,.226,.298,.348,.647,81,.296,81,54,4,1,0,0,0,8/HD,,MIL,2025
13,Andruw Monasterio,28,SS,0.8,68,135,126,19,34,9,0,4,16,2,1,7,32,.270,.319,.437,.755,109,.333,110,55,1,2,0,0,0,63H4/57,,MIL,2025
14,Danny Jansen,30,C,0.7,25,78,67,10,17,3,0,3,7,0,0,9,18,.254,.346,.433,.779,117,.352,123,29,1,1,0,1,0,2/HD,,MIL,2025
15,Garrett Mitchell*,26,CF,0.0,25,78,68,9,14,4,1,0,3,3,0,7,25,.206,.286,.294,.580,63,.269,58,20,0,1,1,1,0,8/H,,MIL,2025
16,Eric Haase,32,C,0.2,30,77,70,11,16,3,0,2,9,0,0,4,31,.229,.289,.357,.647,80,.285,76,25,1,2,1,0,0,2/DH,,MIL,2025
17,Anthony Seigler*,26,3B,-0.1,34,73,62,6,12,1,0,0,5,2,0,8,16,.194,.292,.210,.501,44,.248,44,13,2,1,1,1,0,5H/123D,,MIL,2025
18,Vinny Capra,28,3B,-0.6,24,59,54,6,4,0,0,1,4,1,0,2,15,.074,.121,.130,.250,-30,.154,-22,7,4,1,1,1,0,5/H46D,,MIL,2025
19,Brandon Lockridge,28,OF,0.4,20,53,46,8,12,3,1,0,6,2,0,4,12,.261,.308,.370,.677,89,.300,80,17,0,0,1,2,0,/89H7D,,MIL,2025
20,Daz Cameron,28,OF,-0.5,21,42,41,7,8,1,0,1,3,1,0,1,13,.195,.214,.293,.507,40,.229,32,12,1,0,0,0,0,9H/7,,MIL,2025
21,Oliver Dunn*,27,3B,-0.2,14,41,36,4,6,2,0,0,6,1,0,2,11,.167,.205,.222,.427,20,.196,4,8,0,0,2,1,0,5/3H,,MIL,2025
22,Tyler Black*,24,UT,0.1,5,13,8,1,2,1,0,0,1,0,1,5,1,.250,.538,.375,.913,163,.395,181,3,0,0,0,0,0,/H379,,MIL,2025
23,Steward Berroa#,26,CF,0.2,2,6,5,0,0,0,0,0,0,1,0,1,2,.000,.167,.000,.167,-47,.308,64,0,0,0,0,0,0,/8,,MIL,2025
24,Drew Avans*,29,LF,-0.1,1,3,2,0,0,0,0,0,1,0,0,0,1,.000,.000,.000,.000,-100,.000,-126,0,0,0,0,1,0,/7,,MIL,2025
1,Ryan Jeffers,28,C,1.2,119,464,406,47,108,26,0,9,47,1,1,50,91,.266,.356,.397,.752,108,.332,109,161,9,7,0,1,1,2D/H,,MIN,2025
2,Ty France,30,1B,0.8,101,387,350,41,88,19,0,6,44,1,0,19,63,.251,.320,.357,.678,87,.309,91,125,8,17,0,1,0,3/H4,GG,MIN,2025
3,Luke Keaschall,22,2B,2.0,49,207,182,25,55,14,0,4,28,14,3,19,29,.302,.382,.445,.827,128,.377,135,81,4,5,0,1,0,4/D,ROY-9,MIN,2025
4,Carlos Correa,30,SS,0.1,93,364,337,40,90,19,0,7,31,0,0,26,68,.267,.319,.386,.704,94,.308,91,130,12,0,0,1,0,6/H,,MIN,2025
5,Royce Lewis,26,3B,0.6,106,403,376,36,89,18,0,13,52,12,2,25,80,.237,.283,.388,.671,83,.303,85,146,7,0,0,2,0,5/DH,,MIN,2025
6,Harrison Bader,31,LF,2.7,96,307,271,31,70,13,0,12,38,10,4,27,81,.258,.339,.439,.778,113,.340,113,119,3,7,0,2,0,78H/9,,MIN,2025
7,Byron Buxton,31,CF,4.9,126,542,488,97,129,21,7,35,83,24,0,41,148,.264,.327,.551,.878,136,.383,139,269,0,7,0,6,5,*8/D,"AS,MVP-11,SS",MIN,2025
8,Matt Wallner*,27,RF,0.6,104,392,336,47,68,16,3,22,40,4,3,46,114,.202,.311,.464,.776,110,.337,113,156,3,8,0,2,0,9D/H,,MIN,2025
9,Trevor Larnach*,28,DH,0.1,142,567,503,62,126,24,1,17,60,4,4,53,122,.250,.323,.404,.727,99,.323,103,203,19,4,0,6,2,D97H,,MIN,2025
10,Brooks Lee#,24,IF,-0.8,139,527,487,50,115,15,1,16,64,3,1,31,92,.236,.285,.370,.654,79,.289,77,180,11,4,0,5,0,654H/D,,MIN,2025
11,Kody Clemens*,29,IF,1.2,112,379,342,46,74,12,4,19,52,5,1,28,93,.216,.284,.442,.725,96,.310,91,151,4,5,2,2,1,3497H/18,,MIN,2025
12,Willi Castro#,28,UT,0.3,86,344,302,48,74,15,2,10,27,9,3,32,84,.245,.335,.407,.743,104,.326,103,123,9,9,1,0,1,4795/618H,,MIN,2025
13,Christian Vázquez,34,C,0.6,65,214,190,14,36,7,0,3,14,1,1,18,35,.189,.271,.274,.545,52,.259,56,52,3,4,0,2,0,2/H,,MIN,2025
14,Edouard Julien*,26,IF,-0.8,64,208,182,13,40,10,0,3,12,0,3,22,61,.220,.309,.324,.633,76,.274,72,59,3,2,1,1,0,34D/H6,,MIN,2025
15,Austin Martin,26,LF,0.7,50,181,156,22,44,8,1,1,7,11,4,22,31,.282,.374,.365,.740,106,.333,107,57,6,1,2,0,0,78/H4,,MIN,2025
16,Mickey Gasper#,29,C,-0.3,45,110,95,15,15,1,0,2,11,2,0,10,20,.158,.257,.232,.488,37,.248,44,22,1,3,1,1,0,2HD/347,,MIN,2025
17,James Outman*,28,OF,-0.8,37,104,95,11,14,4,1,4,7,1,0,8,45,.147,.221,.337,.558,51,.260,55,32,0,1,0,0,0,897/HD,,MIN,2025
18,DaShawn Keirsey Jr.*,28,OF,-1.2,74,88,84,11,9,0,0,2,6,10,3,2,33,.107,.138,.179,.317,-13,.162,-24,15,1,1,1,0,0,9H78/D,,MIN,2025
19,Jonah Bride,29,3B,-0.3,33,80,72,4,15,2,0,0,3,0,0,6,24,.208,.275,.236,.511,44,.257,54,17,1,1,0,1,0,5H/314D,,MIN,2025
20,Ryan Fitzgerald*,31,IF,0.2,24,53,46,10,9,0,0,4,9,1,0,7,8,.196,.302,.457,.758,106,.331,105,21,0,0,0,0,0,/46H513D,,MIN,2025
21,Alan Roden*,25,OF,-0.5,12,40,38,5,6,1,0,1,1,1,0,0,13,.158,.200,.263,.463,27,.212,17,10,0,2,0,0,0,7/89,,MIN,2025
22,José Miranda,27,3B,-0.3,12,36,36,2,6,0,0,1,5,0,0,0,13,.167,.167,.250,.417,13,.177,-4,9,0,0,0,0,0,5/H,,MIN,2025
23,Jhonny Pereda,29,C,0.4,11,32,29,1,10,4,0,0,1,0,0,2,8,.345,.387,.483,.870,139,.367,135,14,1,0,1,0,0,2,,MIN,2025
24,Carson McCusker,27,RF,-0.6,16,30,29,0,5,0,0,0,1,0,1,1,16,.172,.200,.172,.372,5,.151,-11,5,0,0,0,0,0,9/HD,,MIN,2025
25,Griffin Jax,30,P,0.0,1,0,0,0,0,0,0,0,0,0,0,0,0,,,,,,,,0,0,0,0,0,0,1,,MIN,2025
26,Kody Funderburk*,28,P,0.0,1,0,0,0,0,0,0,0,0,0,0,0,0,,,,,,,,0,0,0,0,0,0,1,,MIN,2025
27,Jhoan Duran,27,P,0.0,3,0,0,0,0,0,0,0,0,0,0,0,0,,,,,,,,0,0,0,0,0,0,1,,MIN,2025
1,Luis Torrens,29,C,1.4,92,283,261,20,59,14,1,5,29,1,0,19,56,.226,.284,.345,.629,78,.283,78,90,7,2,1,0,0,2H/1D3,,NYM,2025
2,Pete Alonso,30,1B,3.4,162,709,624,87,170,41,1,38,126,1,2,61,162,.272,.347,.524,.871,144,.371,142,327,23,15,0,9,5,*3/D,"AS,MVP-11,SS",NYM,2025
3,Jeff McNeil*,33,2B,2.0,122,462,399,42,97,21,5,12,54,3,0,49,55,.243,.335,.411,.746,111,.333,113,164,5,8,2,4,4,487D/H93,,NYM,2025
4,Francisco Lindor#,31,SS,5.9,160,732,644,117,172,35,0,31,86,31,6,65,131,.267,.346,.466,.811,129,.359,129,300,9,16,0,7,2,*6/DH,"AS,MVP-10",NYM,2025
5,Brett Baty*,25,3B,3.1,130,432,393,53,100,13,2,18,50,8,0,33,108,.254,.313,.435,.748,111,.336,113,171,6,2,0,3,0,54H/D,,NYM,2025
6,Brandon Nimmo*,32,LF,2.9,155,652,587,81,154,27,0,25,92,13,1,50,141,.262,.324,.436,.760,114,.335,113,256,8,7,1,7,1,*7/8DH,,NYM,2025
7,Tyrone Taylor,31,CF,1.0,113,341,310,34,69,18,3,2,27,12,2,16,76,.223,.279,.319,.598,70,.276,70,99,4,9,3,2,1,*8H/79,,NYM,2025
8,Juan Soto*,26,RF,6.2,160,715,577,120,152,20,1,43,105,38,4,127,137,.263,.396,.525,.921,160,.410,163,303,17,3,1,6,13,*9/D,"MVP-3,SS",NYM,2025
9,Starling Marte,36,DH,1.0,98,329,293,37,79,14,0,9,34,7,2,22,68,.270,.335,.410,.745,111,.331,112,120,7,9,1,4,0,DH/79,,NYM,2025
10,Mark Vientos,25,3B,-0.2,121,463,424,44,99,21,2,17,61,1,0,30,115,.233,.289,.413,.702,97,.310,98,175,11,5,0,4,0,5D/H3,,NYM,2025
11,Francisco Alvarez,23,C,1.9,76,277,246,32,63,12,1,11,32,0,0,27,73,.256,.339,.447,.787,122,.350,126,110,6,4,0,0,0,2/HD,,NYM,2025
12,Luisangel Acuña,23,2B,0.6,95,193,175,30,41,7,0,0,8,16,1,13,37,.234,.293,.274,.567,63,.273,59,48,6,2,2,1,0,4H/658,,NYM,2025
13,Ronny Mauricio#,24,3B,0.7,61,184,168,19,38,6,0,6,10,4,0,15,54,.226,.293,.369,.663,88,.303,89,62,5,1,0,0,1,5H/46D,,NYM,2025
14,Cedric Mullins*,30,CF,0.5,42,143,121,16,22,4,1,2,10,8,0,16,35,.182,.284,.281,.565,62,.287,71,34,0,2,2,2,0,8/H,,NYM,2025
15,Jesse Winker*,31,DH,0.0,26,81,70,8,16,5,2,1,10,1,0,9,21,.229,.309,.400,.709,100,.305,92,28,1,0,0,2,1,D/H7,,NYM,2025
16,Hayden Senger,28,C,-0.2,33,78,72,8,13,1,0,0,4,0,0,3,22,.181,.221,.194,.415,20,.190,11,14,3,1,1,1,0,2/H,,NYM,2025
17,Jared Young*,29,DH,0.1,22,47,43,5,8,1,0,4,6,0,0,2,16,.186,.234,.488,.722,99,.302,92,21,1,1,0,1,0,D/H137,,NYM,2025
18,Jose Siri,29,CF,-0.5,16,36,32,7,2,2,0,0,1,2,0,4,17,.063,.167,.125,.292,-15,.160,-17,4,0,0,0,0,0,8/H,,NYM,2025
19,José Azócar,29,OF,0.0,12,20,18,5,5,0,0,0,1,1,0,2,1,.278,.350,.278,.628,83,.302,84,5,0,0,0,0,0,/H789,,NYM,2025
20,Travis Jankowski*,34,OF,0.0,4,1,0,1,0,0,0,0,0,0,0,0,0,,,,,,,,0,0,0,1,0,0,/H179D,,NYM,2025
21,Ryne Stanek,33,P,0.0,1,0,0,0,0,0,0,0,0,0,0,0,0,,,,,,,,0,0,0,0,0,0,1,,NYM,2025
22,Edwin Díaz,31,P,0.0,1,0,0,0,0,0,0,0,0,0,0,0,0,,,,,,,,0,0,0,0,0,0,1,AS,NYM,2025
1,Austin Wells*,25,C,0.1,126,448,401,51,88,22,1,21,71,5,1,30,118,.219,.275,.436,.712,95,.305,92,175,10,5,0,11,0,*2/HD,,NYY,2025
2,Paul Goldschmidt,37,1B,1.2,146,534,489,76,134,31,1,10,45,5,1,36,100,.274,.328,.403,.731,104,.321,104,197,8,4,0,2,5,*3H/D8,,NYY,2025
3,Jazz Chisholm Jr.*,27,2B,4.2,130,531,462,75,112,15,1,31,80,31,8,58,148,.242,.332,.481,.813,125,.357,127,222,3,6,1,4,1,45/H,"AS,SS",NYY,2025
4,Anthony Volpe,24,SS,1.6,153,596,539,65,114,32,4,19,72,18,8,43,150,.212,.272,.391,.663,83,.287,80,211,10,4,3,7,0,*6/H,,NYY,2025
5,Ryan McMahon*,30,3B,1.1,54,185,159,20,33,8,0,4,18,1,0,21,62,.208,.308,.333,.641,81,.287,79,53,3,3,0,2,0,5/H,,NYY,2025
6,Jasson Domínguez#,22,LF,0.5,123,429,381,58,98,18,1,10,47,23,5,41,115,.257,.331,.388,.719,101,.324,102,148,5,3,0,4,1,7HD,ROY-13,NYY,2025
7,Trent Grisham*,28,CF,3.5,143,581,494,87,116,9,1,34,74,3,2,82,137,.235,.348,.464,.811,125,.363,135,229,7,4,0,1,0,*8/H,,NYY,2025
8,Aaron Judge,33,RF,9.7,152,679,541,137,179,30,2,53,114,12,5,124,160,.331,.457,.688,1.144,215,.461,212,372,16,7,0,7,36,9D/H,"AS,MVP-1,SS",NYY,2025
9,Ben Rice*,26,DH,2.3,138,530,467,74,119,28,4,26,65,3,2,50,100,.255,.337,.499,.836,131,.355,130,233,18,9,0,2,0,3D2H,,NYY,2025
10,Cody Bellinger*,29,OF,5.1,152,656,588,89,160,25,5,29,98,13,2,57,90,.272,.334,.480,.813,125,.349,123,282,8,2,0,9,1,*798/3H,MVP-14,NYY,2025
11,Giancarlo Stanton,35,DH,1.9,77,281,249,36,68,8,0,24,66,0,0,29,96,.273,.350,.594,.944,158,.398,162,148,5,1,0,1,3,D9H/7,,NYY,2025
12,Oswald Peraza,25,3B,-0.2,71,170,158,18,24,5,0,3,13,3,0,11,47,.152,.212,.241,.452,27,.214,24,38,3,1,0,0,0,54/H6D,,NYY,2025
13,DJ LeMahieu,36,2B,0.6,45,142,128,13,34,3,0,2,12,0,0,14,35,.266,.338,.336,.674,91,.307,95,43,4,0,0,0,0,4/H,,NYY,2025
14,Oswaldo Cabrera#,26,3B,0.4,34,122,107,17,26,4,0,1,11,0,1,11,25,.243,.322,.308,.631,79,.302,93,33,1,2,1,1,0,5/H379,,NYY,2025
15,J.C. Escarra*,30,C,0.1,40,98,84,5,17,5,0,2,11,1,0,11,14,.202,.296,.333,.629,77,.291,81,28,1,1,0,2,0,2/3H5D,,NYY,2025
16,José Caballero,28,UT,1.2,40,95,79,15,21,6,0,3,9,15,3,14,18,.266,.372,.456,.828,131,.396,144,36,0,0,1,1,0,965/H47D,,NYY,2025
17,Jorbit Vivas*,24,IF,-0.3,29,66,56,6,9,2,0,1,5,0,0,5,13,.161,.266,.250,.516,46,.241,44,14,0,3,0,0,0,45/H,,NYY,2025
18,Pablo Reyes,31,UT,-0.5,24,34,31,4,6,1,0,0,2,1,0,2,10,.194,.242,.226,.468,33,.221,24,7,0,0,1,0,0,H/94517D,,NYY,2025
19,Amed Rosario,29,UT,0.0,16,33,33,1,10,3,0,1,5,0,0,0,9,.303,.303,.485,.788,116,.335,115,16,1,0,0,0,0,/59H4,,NYY,2025
20,Austin Slater,32,OF,-0.4,14,25,25,2,3,0,0,0,2,0,0,0,16,.120,.120,.120,.240,-32,.142,-25,3,1,0,0,0,0,/79H1,,NYY,2025
21,Tyler Matzek*,34,P,0.0,2,0,0,0,0,0,0,0,0,0,0,0,0,,,,,,,,0,0,0,0,0,0,/1,,NYY,2025
22,Yerry De los Santos,27,P,0.0,1,0,0,0,0,0,0,0,0,0,0,0,0,,,,,,,,0,0,0,0,0,0,1,,NYY,2025
1,J.T. Realmuto,34,C,2.5,134,550,502,57,129,26,1,12,52,8,2,35,129,.257,.315,.384,.700,91,.312,89,193,13,9,0,3,1,*2/DH,,PHI,2025
2,Bryce Harper*,32,1B,3.1,132,580,501,72,131,32,0,27,75,12,2,70,121,.261,.357,.487,.844,129,.367,127,244,5,6,0,3,6,*3/D,,PHI,2025
3,Bryson Stott*,27,2B,2.2,147,560,499,66,128,22,3,13,66,24,5,54,91,.257,.328,.391,.719,96,.324,95,195,4,1,2,4,1,*46H,,PHI,2025
4,Trea Turner,32,SS,5.4,141,639,589,94,179,31,7,15,69,36,7,43,107,.304,.355,.457,.812,121,.368,124,269,11,5,0,2,1,*6/DH,MVP-5,PHI,2025
5,Alec Bohm,28,3B,1.5,120,504,464,53,133,18,3,11,59,2,0,29,82,.287,.331,.409,.741,102,.334,105,190,16,5,0,6,0,53,,PHI,2025
6,Max Kepler*,32,LF,0.1,127,474,417,58,90,19,0,18,52,3,0,48,93,.216,.300,.391,.691,88,.303,83,163,10,4,1,4,3,*79H/8,,PHI,2025
7,Brandon Marsh*,27,CF,1.7,133,425,379,59,106,25,2,11,43,7,1,38,110,.280,.342,.443,.785,114,.346,112,168,2,0,3,4,1,*87H/9,,PHI,2025
8,Nick Castellanos,33,RF,-0.8,147,589,547,72,137,27,2,17,72,4,0,32,133,.250,.294,.400,.694,88,.309,87,219,13,4,0,6,0,*9/DH,,PHI,2025
9,Kyle Schwarber*,32,DH,4.7,162,724,604,111,145,23,2,56,132,10,2,108,197,.240,.365,.563,.928,150,.396,149,340,4,11,0,1,6,*D/7,"AS,MVP-2",PHI,2025
10,Edmundo Sosa,29,IF,2.3,89,261,243,30,67,12,1,11,39,1,1,10,56,.276,.307,.469,.777,109,.337,109,114,7,2,3,2,0,456H/78D,,PHI,2025
11,Otto Kemp,25,CI,-0.2,62,218,197,26,46,11,0,8,28,2,2,12,67,.234,.298,.411,.709,92,.314,93,81,4,7,0,2,0,537/H4,,PHI,2025
12,Harrison Bader,31,CF,1.3,50,194,177,30,54,11,1,5,16,1,3,12,55,.305,.361,.463,.824,124,.351,122,82,2,4,0,1,0,8/H,,PHI,2025
13,Johan Rojas,24,CF,0.5,71,172,152,23,34,3,2,1,18,12,2,13,40,.224,.280,.289,.569,57,.271,53,44,2,0,4,3,0,8H/D,,PHI,2025
14,Weston Wilson,30,LF,-0.5,52,125,111,15,22,4,0,5,17,2,3,12,34,.198,.282,.369,.652,77,.289,80,41,1,1,1,0,0,74/3H1D5,,PHI,2025
15,Rafael Marchán#,26,C,0.2,42,118,105,9,22,4,0,2,13,0,0,10,17,.210,.282,.305,.587,61,.266,57,32,1,1,1,1,0,2/H,,PHI,2025
16,Donovan Walton*,31,2B,-0.1,2,9,8,1,1,0,0,0,1,0,0,0,1,.125,.125,.125,.250,-31,.113,-70,1,0,0,1,0,0,/4,,PHI,2025
17,Buddy Kennedy,26,CI,-0.1,4,8,7,0,0,0,0,0,0,0,0,1,2,.000,.125,.000,.125,-61,.087,-69,0,0,0,0,0,0,/35DH,,PHI,2025
18,Cal Stevenson*,28,CF,-0.2,5,8,8,0,2,0,0,0,1,0,0,0,2,.250,.250,.250,.500,38,.213,20,2,0,0,0,0,0,/8H,,PHI,2025
19,Kody Clemens*,29,UT,-0.1,7,7,6,0,0,0,0,0,0,0,0,1,0,.000,.143,.000,.143,-56,.100,-60,0,0,0,0,0,0,/H47D,,PHI,2025
20,Garrett Stubbs*,32,DH,0.0,5,1,1,2,0,0,0,0,0,0,0,0,0,.000,.000,.000,.000,-100,.000,-125,0,0,0,0,0,0,/DH2,,PHI,2025
1,Henry Davis,25,C,0.7,87,283,252,25,42,7,0,7,22,2,1,18,76,.167,.234,.278,.512,42,.237,40,70,2,5,3,3,0,2/HD,,PIT,2025
2,Spencer Horwitz*,27,1B,1.6,108,411,364,55,99,26,0,11,51,0,1,44,73,.272,.353,.434,.787,118,.346,119,158,7,2,0,1,1,3H/4D,,PIT,2025
3,Nick Gonzales,26,2B,-0.6,96,408,381,39,99,18,3,5,30,0,2,21,73,.260,.299,.362,.661,84,.293,82,138,12,2,0,4,0,46,,PIT,2025
4,Isiah Kiner-Falefa,30,SS,1.6,119,428,401,40,106,20,2,1,35,15,4,17,69,.264,.300,.332,.632,76,.293,78,133,9,4,5,1,0,65/H,,PIT,2025
5,Ke'Bryan Hayes,28,3B,1.2,100,392,369,34,87,10,2,2,36,10,2,18,81,.236,.279,.290,.569,59,.264,58,107,8,4,1,0,1,5/H,GG,PIT,2025
6,Tommy Pham,37,LF,1.0,120,449,392,44,96,17,1,10,52,5,3,50,94,.245,.330,.370,.700,95,.317,98,145,12,2,0,5,3,*7/H9D,,PIT,2025
7,Oneil Cruz*,26,CF,0.3,135,544,471,62,94,18,3,20,61,38,5,64,174,.200,.298,.378,.676,87,.312,85,178,6,4,0,5,4,*8H/D,,PIT,2025
8,Bryan Reynolds#,30,RF,1.4,154,654,587,68,144,38,3,16,73,3,2,57,173,.245,.318,.402,.720,99,.319,99,236,15,7,0,3,1,*9D/H,,PIT,2025
9,Andrew McCutchen,38,DH,0.1,135,551,477,51,114,22,0,13,57,1,1,67,118,.239,.333,.367,.700,95,.311,94,175,12,2,0,3,5,*D/H97,,PIT,2025
10,Jared Triolo,27,IF,2.3,107,376,331,41,75,18,2,7,24,13,2,39,76,.227,.311,.356,.667,86,.318,94,118,4,2,3,1,1,6534/H1D,,PIT,2025
11,Joey Bart,28,C,0.5,93,332,285,21,71,12,1,4,30,1,1,40,93,.249,.355,.340,.696,96,.320,100,97,14,7,0,0,0,2/HD,,PIT,2025
12,Adam Frazier*,33,2B,0.3,78,262,235,22,60,10,0,3,21,7,5,17,45,.255,.318,.336,.654,83,.292,82,79,8,6,1,3,2,47H/9,,PIT,2025
13,Alexander Canario,25,OF,0.5,87,234,216,25,47,6,1,6,20,3,1,17,80,.218,.274,.338,.611,70,.279,70,73,5,0,0,1,0,789H/D,,PIT,2025
14,Jack Suwinski*,26,OF,-0.3,59,178,150,15,22,7,0,3,10,7,1,24,57,.147,.281,.253,.534,51,.258,51,38,1,4,0,0,1,879/HD,,PIT,2025
15,Enmanuel Valdéz*,26,1B,0.1,31,102,91,7,19,4,2,2,12,0,0,11,16,.209,.294,.363,.657,82,.292,80,33,2,0,0,0,0,3/4H9,,PIT,2025
16,Liover Peguero,24,IF,0.2,33,88,80,9,16,1,0,4,8,4,0,6,25,.200,.273,.363,.635,75,.302,79,29,3,2,0,0,0,6/3H4,,PIT,2025
17,Nick Yorke,23,UT,0.3,22,72,69,7,16,3,0,1,8,1,0,3,15,.232,.264,.319,.583,62,.273,64,22,1,0,0,0,0,4/395H,,PIT,2025
18,Endy Rodríguez#,25,UT,-0.5,18,57,52,5,9,4,0,0,2,0,1,5,14,.173,.246,.250,.496,39,.219,35,13,0,0,0,0,0,3/2H,,PIT,2025
19,Matt Gorski,27,UT,-0.3,15,42,41,2,8,0,1,2,4,0,1,1,16,.195,.214,.390,.605,64,.241,52,16,1,0,0,0,0,3/H87,,PIT,2025
20,Cam Devanney,28,3B,-0.5,14,38,36,1,5,1,0,0,1,0,1,2,21,.139,.184,.167,.351,-1,.151,-10,6,1,0,0,0,0,5/H,,PIT,2025
21,Ronny Simón#,25,OF,-0.5,8,32,30,4,7,1,0,0,2,1,0,1,8,.233,.250,.267,.517,45,.231,32,8,0,0,0,1,0,/97DH,,PIT,2025
22,Ji Hwan Bae*,25,OF,-0.4,13,25,20,4,1,0,0,0,0,4,1,5,9,.050,.240,.050,.290,-12,.190,-4,1,0,0,0,0,0,/H78D9,,PIT,2025
23,Rafael Flores,24,UT,-0.1,7,17,15,0,3,2,0,0,0,0,0,2,7,.200,.294,.333,.627,75,.282,73,5,0,0,0,0,0,/32H,,PIT,2025
24,Nick Solak,30,UT,-0.5,4,11,11,0,1,0,0,0,0,0,0,0,2,.091,.091,.091,.182,-49,.073,-75,1,0,0,0,0,0,/347H,,PIT,2025
25,Brett Sullivan*,31,C,0.0,3,9,6,1,1,0,0,0,2,0,0,1,3,.167,.333,.167,.500,46,.258,56,1,0,1,0,1,0,/2,,PIT,2025
26,Tsung-Che Cheng*,23,MI,0.0,3,7,7,0,0,0,0,0,0,0,1,0,3,.000,.000,.000,.000,-100,.057,-35,0,0,0,0,0,0,/64,,PIT,2025
27,Billy Cook,26,UT,0.0,3,6,6,1,2,0,0,0,0,0,0,0,1,.333,.333,.333,.667,87,.300,86,2,0,0,0,0,0,/9H38,,PIT,2025
1,Elias Díaz,34,C,-0.2,106,283,255,34,52,7,0,9,29,0,0,21,74,.204,.270,.337,.607,68,.271,63,86,11,2,5,0,0,2H,,SDP,2025
2,Luis Arráez*,28,1B,1.2,154,675,620,66,181,30,4,8,61,11,4,34,21,.292,.327,.392,.719,99,.318,97,243,12,2,12,7,0,*3D4/H,,SDP,2025
3,Jake Cronenworth*,31,2B,2.4,135,515,419,61,103,20,1,11,59,3,3,69,107,.246,.367,.377,.744,108,.339,114,158,4,15,4,7,1,*436/DH,,SDP,2025
4,Xander Bogaerts,32,SS,2.0,136,552,491,63,129,30,0,11,53,20,2,48,94,.263,.328,.391,.720,99,.320,94,192,12,4,1,8,3,*6/DH,,SDP,2025
5,Manny Machado,32,3B,4.1,159,678,615,91,169,33,0,27,95,14,3,55,131,.275,.335,.460,.795,118,.346,115,283,16,3,0,5,4,*5D,"AS,MVP-16,SS",SDP,2025
6,Gavin Sheets*,29,LF,0.7,145,545,492,57,124,28,1,19,71,2,1,44,107,.252,.317,.429,.746,105,.326,103,211,9,5,0,4,1,7DH3,,SDP,2025
7,Jackson Merrill*,22,CF,2.7,115,483,440,59,116,25,6,16,67,1,2,33,108,.264,.317,.457,.774,112,.331,108,201,4,4,1,5,1,*8/H,,SDP,2025
8,Fernando Tatis Jr.,26,RF,5.9,155,691,594,111,159,27,2,25,71,32,7,89,129,.268,.368,.446,.814,125,.368,129,265,6,6,0,2,7,*9/D,"AS,MVP-8,GG",SDP,2025
9,Ryan O'Hearn*,31,DH,0.4,50,183,163,22,45,6,0,4,20,0,0,16,46,.276,.350,.387,.736,105,.332,107,63,1,3,0,1,1,3D/H9,AS,SDP,2025
10,Jose Iglesias,35,IF,-0.7,112,343,306,29,70,11,0,3,36,5,1,24,56,.229,.298,.294,.592,66,.288,74,90,7,7,4,2,0,465HD/7,,SDP,2025
11,Ramón Laureano,30,LF,0.8,50,198,182,27,49,9,2,9,30,3,1,13,47,.269,.323,.489,.812,122,.348,118,89,4,2,0,1,0,78/9HD,,SDP,2025
12,Martín Maldonado,38,C,-0.2,64,161,147,11,30,6,0,4,12,0,0,8,57,.204,.245,.327,.572,57,.258,53,48,3,0,6,0,0,2,,SDP,2025
13,Freddy Fermin,30,C,0.9,42,139,127,15,31,6,0,2,14,0,0,6,28,.244,.278,.339,.617,70,.285,73,43,3,0,6,0,0,2/H,,SDP,2025
14,Tyler Wade*,30,OF,-0.6,59,127,107,13,22,1,2,0,9,1,2,15,31,.206,.309,.252,.561,59,.262,61,27,0,1,4,0,0,8H7/459D61,,SDP,2025
15,Jason Heyward*,35,LF,-0.6,34,95,85,9,15,2,0,2,12,0,1,6,20,.176,.223,.271,.494,37,.220,31,23,1,0,0,3,0,7/H98,,SDP,2025
16,Brandon Lockridge,28,OF,-0.2,47,95,88,9,19,4,0,0,5,8,1,4,24,.216,.258,.261,.519,45,.247,35,23,2,1,2,0,0,78H/9,,SDP,2025
17,Bryce Johnson#,29,OF,0.6,55,84,76,9,26,4,0,1,8,4,1,3,19,.342,.383,.434,.817,127,.375,135,33,1,2,3,0,0,78H9,,SDP,2025
18,Oscar González,27,OF,-0.5,21,61,59,2,13,1,0,0,4,0,1,2,13,.220,.246,.237,.483,35,.209,26,14,1,0,0,0,0,7/9HD,,SDP,2025
19,Trenton Brooks*,29,DH,-0.5,25,43,41,5,6,2,0,1,2,0,0,2,13,.146,.186,.268,.454,24,.198,13,11,2,0,0,0,0,HD/7,,SDP,2025
20,Yuli Gurriel,41,DH,-0.5,16,40,36,2,4,1,0,0,3,0,0,4,8,.111,.200,.139,.339,-3,.169,-9,5,0,0,0,0,0,D/H3,,SDP,2025
21,Luis Campusano,26,DH,-0.4,10,27,21,0,0,0,0,0,0,0,0,6,11,.000,.222,.000,.222,-31,.155,-18,0,2,0,0,0,0,/DH,,SDP,2025
22,Mason McCoy,30,MI,-0.1,18,26,22,5,3,1,0,0,1,2,0,3,7,.136,.269,.182,.451,29,.272,52,4,0,1,0,0,0,6/H4D,,SDP,2025
23,Will Wagner*,26,IF,-0.1,15,17,15,2,2,0,0,0,0,0,0,2,2,.133,.235,.133,.369,6,.188,6,2,1,0,0,0,0,H/45,,SDP,2025
24,Tirso Ornelas*,25,OF,-0.3,7,16,14,0,1,0,0,0,1,0,0,2,2,.071,.188,.071,.259,-24,.143,-26,1,1,0,0,0,0,/7H8D,,SDP,2025
25,Connor Joe,32,UT,-0.2,7,10,9,0,0,0,0,0,0,0,0,1,6,.000,.100,.000,.100,-69,.070,-78,0,0,0,0,0,0,/H378D,,SDP,2025
1,Patrick Bailey#,26,C,1.1,135,452,409,47,91,18,3,6,55,1,0,30,133,.222,.277,.325,.602,73,.269,70,133,7,3,4,6,0,*2H/D,GG,SFG,2025
2,Dominic Smith*,30,1B,0.4,63,225,204,26,58,12,0,5,33,2,0,15,42,.284,.333,.417,.750,114,.329,112,85,5,2,0,4,0,3/HD9,,SFG,2025
3,Tyler Fitzgerald,27,2B,0.9,72,243,217,19,47,10,1,4,14,9,4,17,70,.217,.278,.327,.606,74,.276,75,71,3,2,6,1,0,4/H9,,SFG,2025
4,Willy Adames,29,SS,3.7,160,686,591,94,133,22,2,30,87,12,4,80,179,.225,.318,.421,.740,111,.326,110,249,9,5,0,9,2,*6/D,,SFG,2025
5,Matt Chapman,32,3B,4.1,128,535,454,76,105,23,2,21,61,9,4,71,126,.231,.340,.430,.770,120,.341,122,195,8,6,0,4,1,*5,,SFG,2025
6,Heliot Ramos,25,LF,1.2,157,695,620,85,159,24,1,21,69,6,4,52,158,.256,.328,.400,.728,108,.319,107,248,16,17,0,6,2,*7/DH,,SFG,2025
7,Jung Hoo Lee*,26,CF,1.7,150,617,560,73,149,31,12,8,55,10,3,47,71,.266,.327,.407,.735,110,.329,112,228,2,6,0,4,0,*8/HD,,SFG,2025
8,Mike Yastrzemski*,34,RF,1.8,96,372,321,38,74,14,1,8,28,6,2,47,86,.231,.330,.355,.685,97,.314,102,114,4,1,2,1,4,9/H1,,SFG,2025
9,Wilmer Flores,33,DH,0.3,125,463,419,44,101,10,0,16,71,1,0,34,88,.241,.307,.379,.686,96,.312,101,159,14,7,0,3,0,D3H/5,,SFG,2025
10,Rafael Devers*,28,DH,1.9,90,395,335,52,79,15,0,20,51,0,0,56,116,.236,.347,.460,.807,130,.349,127,154,9,2,0,2,3,D3/5H,,SFG,2025
11,Casey Schmitt,26,IF,0.6,95,348,312,34,74,15,0,12,40,0,0,27,83,.237,.305,.401,.706,101,.311,101,125,6,5,1,3,1,453/H6D,,SFG,2025
12,Christian Koss,27,2B,1.8,74,191,174,25,46,9,0,3,23,4,1,9,45,.264,.309,.368,.676,94,.317,103,64,4,3,3,2,0,4H5/61D,,SFG,2025
13,Luis Matos,23,RF,-0.2,57,184,172,26,38,9,1,8,22,4,0,11,27,.221,.266,.424,.691,95,.306,93,73,5,0,0,1,0,97/8HD,,SFG,2025
14,LaMonte Wade Jr.*,31,1B,-1.2,50,169,144,12,24,8,2,1,15,0,0,21,35,.167,.275,.271,.546,58,.255,61,39,2,1,2,1,1,3/HD,,SFG,2025
15,Drew Gilbert*,24,RF,-0.3,39,109,100,12,19,5,1,3,13,1,1,7,20,.190,.248,.350,.598,70,.267,71,35,2,1,0,1,0,9/8H7,,SFG,2025
16,Andrew Knizner,30,C,0.3,33,88,77,12,17,1,1,1,5,0,0,7,10,.221,.299,.299,.598,73,.312,101,23,0,2,1,1,0,2/DH,,SFG,2025
17,Sam Huff,27,C,-0.2,20,58,53,5,11,1,0,2,4,0,0,4,25,.208,.259,.340,.598,70,.264,67,18,2,0,0,1,0,2,,SFG,2025
18,Jerar Encarnación,27,UT,0.0,19,56,55,5,11,3,0,2,7,1,0,1,15,.200,.214,.364,.578,62,.251,55,20,3,0,0,0,0,9/H73,,SFG,2025
19,Brett Wisely*,26,IF,0.3,22,54,48,5,10,4,0,1,10,1,1,4,10,.208,.269,.354,.623,78,.270,75,17,0,0,2,0,0,4/H56D,,SFG,2025
20,Bryce Eldridge*,20,DH,-0.2,10,37,28,1,3,2,0,0,4,0,0,7,13,.107,.297,.179,.476,42,.243,53,5,0,1,0,1,0,/D3,,SFG,2025
21,Daniel Johnson*,29,OF,0.2,14,31,29,5,5,2,0,1,1,1,0,2,8,.172,.226,.345,.571,61,.257,57,10,0,0,0,0,0,/H897,,SFG,2025
22,Grant McCray*,24,OF,-0.4,22,26,22,3,2,0,1,0,2,0,0,2,11,.091,.160,.182,.342,-2,.155,-14,4,1,0,1,1,0,97/H8,,SFG,2025
23,David Villar,28,1B,0.0,9,25,20,4,4,1,0,0,1,0,0,4,5,.200,.360,.250,.610,80,.295,89,5,1,1,0,0,0,/3H5D,,SFG,2025
24,Logan Porter,29,C,0.0,4,9,7,2,1,0,0,0,1,0,0,1,2,.143,.333,.143,.476,44,.258,64,1,0,1,0,0,0,/21,,SFG,2025
25,Sergio Alcántara#,28,IF,-0.1,1,4,4,0,0,0,0,0,0,0,0,0,2,.000,.000,.000,.000,-100,.000,-117,0,0,0,0,0,0,/56,,SFG,2025
26,Tyler Rogers,34,P,0.0,1,0,0,0,0,0,0,0,0,0,0,0,0,,,,,,,,0,0,0,0,0,0,1,,SFG,2025
27,Hayden Birdsong,23,P,0.0,1,0,0,0,0,0,0,0,0,0,0,0,0,,,,,,,,0,0,0,0,0,0,1,,SFG,2025
28,Ryan Walker,29,P,0.0,1,0,0,0,0,0,0,0,0,0,0,0,0,,,,,,,,0,0,0,0,0,0,1,,SFG,2025
1,Cal Raleigh#,28,C,7.4,159,705,596,110,147,24,0,60,125,14,4,97,188,.247,.359,.589,.948,169,.392,165,351,6,9,0,3,17,*2D/H,"AS,MVP-2,SS",SEA,2025
2,Josh Naylor*,28,1B,2.2,54,210,194,32,58,10,0,9,33,19,0,11,34,.299,.341,.490,.831,138,.380,141,95,3,2,0,1,0,3/DH,,SEA,2025
3,Cole Young*,21,2B,0.5,77,257,223,24,47,7,1,4,24,1,0,28,47,.211,.302,.305,.607,78,.273,77,68,4,2,2,2,1,4/H6D,,SEA,2025
4,J.P. Crawford*,30,SS,3.8,157,654,570,69,151,24,0,12,58,8,1,74,122,.265,.352,.370,.722,111,.322,113,211,11,3,6,1,1,*6/H,,SEA,2025
5,Ben Williamson,24,3B,1.3,85,295,277,36,70,13,0,1,21,5,1,15,64,.253,.294,.310,.604,76,.272,75,86,5,1,2,0,0,5/H,,SEA,2025
6,Randy Arozarena,30,LF,4.0,160,709,613,95,146,32,1,27,76,31,6,64,191,.238,.334,.426,.760,119,.341,124,261,9,27,0,5,2,*7/D,AS,SEA,2025
7,Julio Rodríguez,24,CF,6.8,160,710,652,106,174,31,4,32,95,30,6,44,152,.267,.324,.474,.798,128,.353,133,309,15,12,0,2,5,*8/DH,"AS,MVP-6",SEA,2025
8,Dominic Canzone*,27,RF,1.6,82,269,243,30,73,11,0,11,32,3,1,20,59,.300,.358,.481,.840,142,.361,142,117,6,3,0,2,0,9H/D,,SEA,2025
9,Jorge Polanco#,31,DH,2.6,138,524,471,64,125,30,0,26,78,6,3,42,82,.265,.326,.495,.821,134,.348,134,233,7,3,3,5,1,D4H/53,,SEA,2025
10,Mitch Garver,34,C,-0.1,87,290,254,29,53,5,1,9,30,3,0,30,80,.209,.297,.343,.639,86,.286,86,87,6,3,0,3,1,2DH,,SEA,2025
11,Eugenio Suárez,33,3B,0.3,53,220,201,27,38,9,0,13,31,3,1,17,79,.189,.255,.428,.682,94,.289,89,86,4,1,0,1,1,5/3,AS,SEA,2025
12,Luke Raley*,30,UT,-0.3,73,219,183,23,37,8,0,4,19,2,1,19,64,.202,.319,.311,.631,85,.294,94,57,2,13,3,1,0,93H/8D7,,SEA,2025
13,Dylan Moore,32,UT,0.2,88,213,192,29,37,5,0,9,19,12,4,19,76,.193,.263,.359,.622,79,.283,83,69,1,0,0,2,0,H9435/6D8,,SEA,2025
14,Rowdy Tellez*,30,1B,-0.8,62,185,173,20,36,6,0,11,27,1,0,8,49,.208,.249,.434,.682,93,.289,89,75,6,2,0,2,0,3/HD,,SEA,2025
15,Donovan Solano,37,1B,0.0,69,176,163,10,41,4,1,3,21,0,0,8,38,.252,.295,.344,.639,86,.284,87,56,9,3,0,2,0,3H/5,,SEA,2025
16,Miles Mastrobuoni*,29,UT,0.2,76,175,152,20,38,4,0,1,12,6,3,17,29,.250,.324,.296,.620,83,.279,82,45,2,0,5,1,0,H5497/13D,,SEA,2025
17,Víctor Robles,28,RF,-0.2,32,114,106,12,26,4,1,1,9,6,2,3,26,.245,.281,.330,.611,77,.282,82,35,3,3,0,2,0,9/H8,,SEA,2025
18,Leo Rivas#,27,2B,0.8,48,111,90,19,22,2,0,2,9,6,0,20,24,.244,.387,.333,.721,113,.343,120,30,1,1,0,0,0,4H/6D5179,,SEA,2025
19,Leody Taveras#,26,RF,-0.6,28,98,92,6,16,3,0,2,9,3,2,3,27,.174,.198,.272,.470,35,.210,33,25,0,0,2,1,0,9/8H,,SEA,2025
20,Ryan Bliss,25,2B,-0.2,11,39,35,1,7,1,0,1,3,2,2,4,11,.200,.282,.314,.596,74,.253,73,11,2,0,0,0,0,4,,SEA,2025
21,Rhylan Thomas*,25,OF,0.0,3,10,8,2,1,1,0,0,2,0,0,1,0,.125,.200,.250,.450,30,.282,85,2,0,0,0,1,0,/97,,SEA,2025
22,Samad Taylor,26,OF,-0.1,4,9,8,1,1,0,0,0,0,0,0,0,1,.125,.125,.125,.250,-27,.099,-68,1,0,0,1,0,0,/98H,,SEA,2025
23,Harry Ford,22,C,0.0,8,8,6,1,1,0,0,0,1,0,0,0,3,.167,.250,.167,.417,25,.201,26,1,0,1,0,1,0,/2HD,,SEA,2025
24,Emerson Hancock,26,P,0.0,1,0,0,0,0,0,0,0,0,0,0,0,0,,,,,,,,0,0,0,0,0,0,1,,SEA,2025
25,Zach Pop,28,P,0.0,1,0,0,0,0,0,0,0,0,0,0,0,0,,,,,,,,0,0,0,0,0,0,/1,,SEA,2025
26,Trent Thornton,31,P,0.0,1,0,0,0,0,0,0,0,0,0,0,0,0,,,,,,,,0,0,0,0,0,0,1,,SEA,2025
27,José Castillo*,29,P,0.0,1,0,0,0,0,0,0,0,0,0,0,0,0,,,,,,,,0,0,0,0,0,0,/1,,SEA,2025
28,Casey Legumina,28,P,0.0,1,0,0,0,0,0,0,0,0,0,0,0,0,,,,,,,,0,0,0,0,0,0,1,,SEA,2025
1,Pedro Pagés,26,C,1.4,112,389,361,38,83,15,0,11,45,0,0,19,107,.230,.272,.363,.635,78,.278,74,131,9,3,3,3,1,*2/34,,STL,2025
2,Willson Contreras,33,1B,2.5,135,563,490,70,126,31,1,20,80,5,1,44,142,.257,.344,.447,.791,123,.349,123,219,15,23,1,4,1,*3D,,STL,2025
3,Brendan Donovan*,28,2B,2.7,118,515,460,64,132,32,0,10,50,3,3,42,67,.287,.353,.422,.775,119,.338,118,194,4,7,2,4,3,47/6DH,AS,STL,2025
4,Masyn Winn,23,SS,2.2,129,537,491,72,124,27,0,9,51,9,5,34,102,.253,.310,.363,.673,90,.298,89,178,11,8,2,2,0,*6/H,GG,STL,2025
5,Nolan Arenado,34,3B,1.3,107,436,401,48,95,18,1,12,52,3,0,28,49,.237,.289,.377,.666,87,.297,86,151,10,3,0,4,4,5/DH,,STL,2025
6,Lars Nootbaar*,27,LF,1.3,135,583,509,68,119,24,1,13,48,4,5,64,119,.234,.325,.361,.686,95,.303,94,184,4,6,1,3,3,*798/HD,,STL,2025
7,Victor Scott II*,24,CF,2.2,138,463,398,54,86,15,1,5,37,34,4,42,111,.216,.305,.296,.601,72,.288,71,118,3,10,10,3,0,*8/97,,STL,2025
8,Jordan Walker,23,RF,-1.7,111,396,363,40,78,13,1,6,41,10,3,29,126,.215,.278,.306,.584,66,.273,69,111,9,3,0,1,1,9/HD,,STL,2025
9,Iván Herrera,25,DH,2.2,107,452,388,54,110,13,0,19,66,8,2,43,84,.284,.373,.464,.837,136,.372,140,180,20,15,0,4,1,D2/7H,,STL,2025
10,Alec Burleson*,26,UT,1.8,139,546,497,54,144,26,2,18,69,5,1,39,79,.290,.343,.459,.801,125,.352,126,228,14,3,1,4,1,379D/H1,SS,STL,2025
11,Nolan Gorman*,25,IF,0.1,111,402,351,48,72,14,1,14,46,1,1,47,136,.205,.296,.370,.666,88,.294,86,130,1,0,0,4,2,54D/H3,,STL,2025
12,Thomas Saggese,23,MI,0.4,82,295,275,25,71,17,0,2,25,3,0,16,83,.258,.299,.342,.641,82,.288,80,94,5,1,1,2,0,465/HD,,STL,2025
13,Yohel Pozo,28,C,0.2,67,168,160,16,37,8,0,5,19,0,0,7,22,.231,.262,.375,.637,78,.281,76,60,4,0,0,1,0,2H/3D,,STL,2025
14,José Fermín,26,UT,0.8,30,70,60,5,17,5,0,1,9,2,2,8,10,.283,.377,.417,.793,125,.358,137,25,0,1,1,0,0,4/H579D,,STL,2025
15,Nathan Church*,24,CF,0.4,27,65,56,9,10,1,0,1,8,1,0,3,18,.179,.254,.250,.504,44,.249,50,14,0,3,2,1,0,8/97H,,STL,2025
16,Jimmy Crooks*,23,C,-0.3,15,46,45,3,6,0,1,1,1,0,0,0,17,.133,.152,.244,.397,10,.190,12,11,1,1,0,0,0,2/DH,,STL,2025
17,Luken Baker,28,DH,-0.1,19,41,34,3,8,3,0,0,2,0,0,7,10,.235,.366,.324,.689,98,.318,102,11,3,0,0,0,0,DH/3,,STL,2025
18,Jose Barrero,27,UT,-0.1,22,31,29,4,4,1,0,1,3,0,0,1,9,.138,.194,.276,.469,31,.210,26,8,0,1,0,0,0,/H48695,,STL,2025
19,Garrett Hampson,30,UT,-0.3,35,31,29,9,3,1,0,0,1,1,0,1,13,.103,.133,.138,.271,-23,.133,-38,4,1,0,1,0,0,7H/986D145,,STL,2025
20,Michael Siani*,25,CF,-0.1,19,19,17,4,4,0,0,0,0,0,0,2,7,.235,.316,.235,.551,60,.263,63,4,0,0,0,0,0,8/H,,STL,2025
21,Ryan Vilade,26,OF,-0.1,7,15,13,1,1,0,0,0,0,0,0,2,5,.077,.200,.077,.277,-17,.153,-15,1,1,0,0,0,0,/9H7D,,STL,2025
22,César Prieto*,26,2B,-0.2,3,6,6,0,1,0,0,0,0,0,0,0,5,.167,.167,.167,.333,-5,.134,-27,1,0,0,0,0,0,/4HD,,STL,2025
23,Andre Pallante,26,P,0.0,1,0,0,0,0,0,0,0,0,0,0,0,0,,,,,,,,0,0,0,0,0,0,1,,STL,2025
24,Phil Maton,32,P,0.0,1,0,0,0,0,0,0,0,0,0,0,0,0,,,,,,,,0,0,0,0,0,0,1,,STL,2025
25,Ryan Helsley,30,P,0.0,1,0,0,0,0,0,0,0,0,0,0,0,0,,,,,,,,0,0,0,0,0,0,1,,STL,2025
1,Danny Jansen,30,C,2.1,73,259,221,28,45,8,0,11,29,0,0,33,68,.204,.314,.389,.703,96,.312,98,86,4,3,1,1,0,2/H,,TBR,2025
2,Jonathan Aranda*,27,1B,3.5,106,422,370,56,117,22,0,14,59,0,2,41,107,.316,.393,.489,.883,146,.377,147,181,9,8,0,3,3,3DH,AS,TBR,2025
3,Brandon Lowe*,30,2B,1.9,134,553,507,79,130,19,0,31,83,3,2,38,149,.256,.307,.477,.785,116,.337,117,242,6,2,0,6,1,*4/DH3,AS,TBR,2025
4,Taylor Walls#,28,SS,2.6,101,317,282,36,62,14,1,4,38,14,6,26,70,.220,.280,.319,.599,68,.269,66,90,1,0,3,6,0,6/H45D,,TBR,2025
5,Junior Caminero,21,3B,4.4,154,653,602,93,159,28,0,45,110,7,1,41,125,.264,.311,.535,.846,131,.366,136,322,31,3,0,7,1,*5/DH3,"AS,MVP-9",TBR,2025
6,Christopher Morel,26,LF,-0.3,105,305,278,37,61,16,0,11,33,7,2,25,109,.219,.289,.396,.684,90,.306,92,110,8,2,0,0,0,7HD/94,,TBR,2025
7,Chandler Simpson*,24,CF,0.4,109,441,414,53,122,15,3,0,26,44,12,20,43,.295,.326,.345,.671,89,.306,86,143,10,0,3,2,0,87/HD9,ROY-13,TBR,2025
8,Josh Lowe*,27,RF,0.1,108,435,396,56,87,21,2,11,40,18,4,33,109,.220,.283,.366,.650,81,.289,77,145,7,3,1,2,1,9/HD,,TBR,2025
9,Yandy Díaz,33,DH,3.4,150,651,583,79,175,29,1,25,83,3,1,57,92,.300,.366,.482,.848,136,.364,136,281,12,6,0,5,4,*D3,MVP-18,TBR,2025
10,Jake Mangum#,29,OF,1.6,118,428,405,37,120,18,1,3,40,27,6,19,64,.296,.330,.368,.698,96,.313,93,149,4,2,1,1,0,*789/HD,,TBR,2025
11,José Caballero,28,UT,1.8,86,275,235,37,53,12,1,2,27,34,8,33,80,.226,.327,.311,.638,81,.309,85,73,1,3,3,1,0,6594H/78D1,,TBR,2025
12,Kameron Misner*,27,CF,0.7,71,217,197,27,42,9,1,5,22,8,1,16,69,.213,.273,.345,.618,72,.279,69,68,1,1,1,2,0,89/7HD,,TBR,2025
13,Curtis Mead,24,IF,0.4,49,132,115,14,26,2,1,3,8,4,1,12,33,.226,.318,.339,.657,85,.304,90,39,4,4,0,1,0,34H/5D,,TBR,2025
14,Carson Williams,22,SS,-0.2,32,106,99,11,17,3,0,5,12,2,1,6,44,.172,.219,.354,.573,57,.252,54,35,3,0,1,0,0,6/H,,TBR,2025
15,Hunter Feduccia*,28,C,-0.5,36,102,86,5,13,5,0,0,8,1,0,14,28,.151,.265,.209,.474,36,.227,34,18,0,0,0,2,0,2/HD,,TBR,2025
16,Nick Fortes,28,C,0.3,38,101,89,8,19,3,0,3,11,1,0,7,25,.213,.307,.348,.655,84,.313,97,31,3,5,0,0,0,2/HD,,TBR,2025
17,Ha-Seong Kim,29,SS,0.1,24,93,84,5,18,3,0,2,5,6,1,8,23,.214,.290,.321,.612,72,.283,69,27,0,1,0,0,0,6/4,,TBR,2025
18,Tristan Gray*,29,IF,0.2,30,86,78,9,18,5,0,3,9,0,0,6,19,.231,.282,.410,.693,91,.296,86,32,0,0,1,1,0,4/635H,,TBR,2025
19,Bob Seymour*,26,1B,-0.1,26,83,78,9,16,1,1,1,5,1,0,4,32,.205,.253,.282,.535,50,.250,51,22,0,1,0,0,0,3/DH,,TBR,2025
20,Matt Thaiss*,30,C,0.1,25,80,71,5,16,2,1,0,8,0,0,6,25,.225,.304,.282,.585,66,.265,63,20,0,2,1,0,0,2/3H,,TBR,2025
21,Everson Pereira,24,CF,-0.3,23,73,65,7,9,1,0,2,8,2,0,7,28,.138,.219,.246,.465,31,.227,32,16,2,0,0,1,0,8/H9,,TBR,2025
22,Ben Rortvedt*,27,C,-0.5,26,70,63,2,6,1,0,0,6,0,0,7,14,.095,.186,.111,.297,-13,.163,-11,7,0,0,0,0,0,2,,TBR,2025
23,Jonny DeLuca,26,CF,0.6,20,59,57,5,19,1,3,0,4,6,0,2,13,.333,.356,.456,.812,126,.365,119,26,0,0,0,0,0,8/HD,,TBR,2025
24,Richie Palacios*,28,UT,0.0,17,48,42,10,14,2,0,1,3,4,0,5,9,.333,.396,.452,.848,138,.389,140,19,3,0,0,1,0,/473DH9,,TBR,2025
25,Travis Jankowski*,34,OF,0.0,14,34,31,6,8,2,0,0,2,2,0,2,9,.258,.294,.323,.617,73,.279,64,10,0,0,0,1,0,/97H,,TBR,2025
26,Tristan Peters*,25,CF,-0.4,4,12,12,0,0,0,0,0,0,0,0,0,7,.000,.000,.000,.000,-100,.000,-129,0,0,0,0,0,0,/8,,TBR,2025
27,Coco Montes,28,UT,0.1,5,10,10,0,2,0,0,0,1,0,0,0,3,.200,.200,.200,.400,13,.178,0,2,0,0,0,0,0,/457,,TBR,2025
28,Connor Seabold,29,P,0.0,1,0,0,0,0,0,0,0,0,0,0,0,0,,,,,,,,0,0,0,0,0,0,/1,,TBR,2025
29,Kevin Kelly,27,P,0.0,1,0,0,0,0,0,0,0,0,0,0,0,0,,,,,,,,0,0,0,0,0,0,1,,TBR,2025
1,Jonah Heim#,30,C,0.4,124,433,395,38,84,14,0,11,43,3,0,32,88,.213,.271,.332,.602,77,.276,83,131,10,1,1,4,0,2DH,,TEX,2025
2,Jake Burger,29,1B,0.9,103,376,356,43,84,15,1,16,53,1,1,12,93,.236,.269,.419,.687,99,.298,100,149,3,5,0,3,0,3DH,,TEX,2025
3,Marcus Semien,34,2B,3.3,127,534,470,62,108,16,1,15,62,11,1,50,93,.230,.305,.364,.669,97,.301,100,171,8,5,0,9,0,*4,GG,TEX,2025
4,Corey Seager*,31,SS,6.2,102,445,380,61,103,19,0,21,50,3,0,58,87,.271,.373,.487,.860,151,.370,153,185,13,5,0,2,10,6/D,,TEX,2025
5,Josh Jung,27,3B,1.4,131,511,482,53,121,23,1,14,61,4,1,27,129,.251,.294,.390,.684,100,.301,102,188,10,2,0,0,0,*5/DH,,TEX,2025
6,Wyatt Langford,23,LF,5.6,134,573,489,73,118,25,1,22,62,22,6,74,151,.241,.344,.431,.775,127,.342,130,211,9,5,0,5,3,*78/H,,TEX,2025
7,Evan Carter*,22,CF,1.9,63,220,194,31,48,9,2,5,25,14,2,19,41,.247,.336,.392,.728,114,.333,118,76,2,7,0,0,1,8/HD,,TEX,2025
8,Adolis García,32,RF,2.7,135,547,507,58,115,28,0,19,75,13,4,28,135,.227,.271,.394,.665,93,.291,94,200,9,5,0,7,1,*9/DH,,TEX,2025
9,Joc Pederson*,33,DH,-0.3,96,306,265,28,48,10,1,9,26,2,0,34,65,.181,.285,.328,.614,81,.278,84,87,5,5,0,1,0,DH/39,,TEX,2025
10,Josh Smith*,27,IF,3.0,144,563,495,70,124,23,2,10,35,12,3,55,100,.251,.335,.366,.700,107,.318,113,181,3,8,3,1,2,653HD/7948,,TEX,2025
11,Kyle Higashioka,35,C,1.6,94,327,303,33,73,14,1,11,47,3,1,20,72,.241,.291,.403,.693,102,.305,105,122,5,2,0,2,0,2D/H,,TEX,2025
12,Ezequiel Durán,26,IF,0.2,90,219,205,16,46,14,0,0,14,11,2,8,55,.224,.266,.293,.559,65,.251,61,60,3,4,1,1,0,63H45/91D7,,TEX,2025
13,Sam Haggerty#,31,OF,0.9,64,182,162,31,41,7,3,2,13,12,4,16,37,.253,.328,.370,.698,106,.334,123,60,1,2,1,0,1,H78D/49,,TEX,2025
14,Alejandro Osuna*,22,LF,0.2,63,176,151,12,32,4,0,2,15,5,4,21,34,.212,.313,.278,.591,77,.264,79,42,1,2,0,2,1,79/DH8,,TEX,2025
15,Rowdy Tellez*,30,1B,0.4,50,127,116,14,30,5,0,6,22,0,0,9,34,.259,.315,.457,.772,124,.336,128,53,3,1,0,1,0,3H/D1,,TEX,2025
16,Cody Freeman,24,2B,-0.3,36,121,114,13,26,4,0,3,15,1,1,5,19,.228,.258,.342,.600,75,.264,77,39,3,0,1,1,0,4/59HD7,,TEX,2025
17,Michael Helman,29,CF,1.0,38,110,99,18,23,5,1,5,20,4,0,7,21,.232,.290,.455,.744,115,.330,118,45,0,1,3,0,0,8/H6,,TEX,2025
18,Leody Taveras#,26,CF,0.1,30,82,79,7,19,3,1,1,8,6,1,2,23,.241,.259,.342,.601,76,.268,70,27,0,0,1,0,0,8/H,,TEX,2025
19,Dustin Harris*,25,OF,0.2,19,43,40,5,8,3,0,1,2,1,1,3,13,.200,.256,.350,.606,77,.258,76,14,1,0,0,0,0,/7H89D,,TEX,2025
20,Kevin Pillar,36,OF,-0.1,20,43,43,6,9,2,0,0,1,3,0,0,8,.209,.209,.256,.465,37,.213,26,11,0,0,0,0,0,/8H9D7,,TEX,2025
21,Dylan Moore,32,UT,0.2,18,30,27,6,7,0,0,2,6,2,1,1,6,.259,.300,.481,.781,126,.326,122,13,0,1,0,1,0,4/HD39,,TEX,2025
22,Billy McKinney*,30,OF,-0.1,6,21,20,4,4,1,0,0,1,0,0,1,1,.200,.238,.250,.488,45,.261,73,5,0,0,0,0,0,/97DH,,TEX,2025
23,Tucker Barnhart*,34,C,0.0,8,15,13,0,3,0,0,0,0,0,0,1,4,.231,.333,.231,.564,72,.271,81,3,2,1,0,0,0,/21,,TEX,2025
24,Blaine Crim,28,1B,-0.2,5,13,11,1,0,0,0,0,0,0,0,1,6,.000,.154,.000,.154,-48,.108,-38,0,0,1,0,0,0,/3DH,,TEX,2025
25,Nick Ahmed,35,SS,0.1,5,10,9,1,0,0,0,0,0,1,0,1,3,.000,.100,.000,.100,-66,.182,-1,0,1,0,0,0,0,/6,,TEX,2025
26,Justin Foscue,26,1B,-0.1,4,9,9,0,1,1,0,0,2,0,0,0,3,.111,.111,.222,.333,-5,.138,-17,2,0,0,0,0,0,/3DH,,TEX,2025
27,Jonathan Ornelas,25,MI,0.0,4,6,5,0,0,0,0,0,0,0,0,1,3,.000,.167,.000,.167,-44,.114,-34,0,0,0,0,0,0,/64,,TEX,2025
28,Donovan Solano,37,2B,-0.1,2,3,3,0,0,0,0,0,0,0,0,0,2,.000,.000,.000,.000,-100,.000,-118,0,0,0,0,0,0,/4,,TEX,2025
29,Jack Leiter,25,P,0.0,1,1,1,0,0,0,0,0,0,0,0,0,1,.000,.000,.000,.000,-100,.000,-127,0,0,0,0,0,0,1/H,ROY-7,TEX,2025
30,Luis Curvelo,24,P,0.0,1,0,0,0,0,0,0,0,0,0,0,0,0,,,,,,,,0,0,0,0,0,0,1,,TEX,2025
31,Hoby Milner*,34,P,0.0,2,0,0,0,0,0,0,0,0,0,0,0,0,,,,,,,,0,0,0,0,0,0,1,,TEX,2025
32,Shawn Armstrong,34,P,0.0,1,0,0,0,0,0,0,0,0,0,0,0,0,,,,,,,,0,0,0,0,0,0,1,,TEX,2025
33,Robert Garcia,29,P,0.0,1,0,0,0,0,0,0,0,0,0,0,0,0,,,,,,,,0,0,0,0,0,0,1,,TEX,2025
1,Alejandro Kirk,26,C,2.3,130,506,451,45,127,18,0,15,76,1,0,48,59,.282,.348,.421,.769,111,.334,110,190,16,1,0,6,2,*2H/D,AS,TOR,2025
2,Vladimir Guerrero Jr.,26,1B,4.6,156,680,589,96,172,34,0,23,84,6,3,81,94,.292,.381,.467,.848,133,.365,133,275,17,6,0,4,8,*3D/H,"AS,MVP-13",TOR,2025
3,Andrés Giménez*,26,2B,1.1,101,369,329,39,69,11,1,7,35,12,2,25,66,.210,.285,.313,.598,66,.277,65,103,8,11,1,3,0,46/H,,TOR,2025
4,Bo Bichette,27,SS,3.5,139,628,582,78,181,44,1,18,94,4,3,40,91,.311,.357,.483,.840,129,.364,132,281,17,3,0,3,2,*6/DH,MVP-16,TOR,2025
5,Addison Barger*,25,3B,1.2,135,502,460,61,112,32,1,21,74,4,1,36,121,.243,.301,.454,.756,105,.320,100,209,8,3,0,2,4,59H/D,,TOR,2025
6,Davis Schneider,26,LF,1.3,82,227,188,33,44,5,0,11,31,3,1,36,60,.234,.361,.436,.797,119,.360,128,82,4,2,0,1,0,74H/5D,,TOR,2025
7,Daulton Varsho*,28,CF,2.8,71,271,248,43,59,13,2,20,55,2,0,17,77,.238,.284,.548,.833,122,.343,116,136,1,1,0,5,1,8/HD,,TOR,2025
8,Nathan Lukes*,30,RF,2.0,135,438,388,55,99,19,2,12,65,2,4,38,60,.255,.323,.407,.730,100,.313,97,158,12,2,7,3,2,*978H/D,,TOR,2025
9,George Springer,35,DH,4.8,140,586,498,106,154,27,1,32,84,18,1,69,111,.309,.399,.560,.959,161,.414,165,279,14,8,0,4,3,D978/H,"MVP-7,SS",TOR,2025
10,Ernie Clement,29,IF,4.3,157,588,545,83,151,35,2,9,50,6,5,27,61,.277,.313,.398,.711,95,.306,91,217,13,4,7,5,1,5463H,,TOR,2025
11,Myles Straw,30,OF,2.9,137,299,267,51,70,14,1,4,32,12,1,19,50,.262,.313,.367,.680,87,.311,87,98,5,1,11,1,0,*87H9/4,,TOR,2025
12,Anthony Santander#,30,DH,-1.0,54,221,194,16,34,5,0,6,18,0,0,25,61,.175,.271,.294,.565,57,.253,51,57,6,1,0,1,1,D9/7H3,,TOR,2025
13,Tyler Heineman#,34,C,1.9,61,174,149,25,43,8,1,3,20,2,0,12,31,.289,.361,.416,.777,114,.339,112,62,1,6,5,2,0,2/H1,,TOR,2025
14,Will Wagner*,26,3B,-0.5,40,132,114,13,27,7,0,0,7,1,0,15,26,.237,.336,.298,.634,78,.311,92,34,2,2,1,0,0,53/DH4,,TOR,2025
15,Alan Roden*,25,LF,-0.1,43,113,98,12,20,5,1,1,8,0,1,8,24,.204,.283,.306,.589,63,.256,56,30,0,4,0,3,0,79/H8,,TOR,2025
16,Jonatan Clase#,23,LF,-0.2,34,112,100,10,21,3,0,2,9,3,1,10,28,.210,.288,.300,.588,63,.264,57,30,1,1,1,0,0,7/8H9D,,TOR,2025
17,Joey Loperfido*,26,LF,0.6,41,104,96,12,32,4,0,4,14,1,2,4,27,.333,.379,.500,.879,140,.381,150,48,2,3,1,0,0,7H/9,,TOR,2025
18,Ty France,30,1B,0.2,37,103,94,9,26,6,0,1,8,0,0,3,20,.277,.320,.372,.693,91,.299,84,35,3,4,0,2,1,3H/D,GG,TOR,2025
19,Leo Jiménez,24,MI,-0.3,18,32,29,2,2,0,0,1,1,0,0,2,8,.069,.129,.172,.301,-18,.167,-15,5,1,0,1,0,0,4/H6D,,TOR,2025
20,Isiah Kiner-Falefa,30,IF,0.0,19,31,30,5,7,1,0,1,5,0,0,0,8,.233,.258,.367,.625,70,.262,58,11,0,1,0,0,0,4/5H16,,TOR,2025
21,Michael Stefanic,29,2B,0.0,9,25,22,1,4,0,0,0,0,0,0,3,3,.182,.280,.182,.462,32,.221,28,4,0,0,0,0,0,/4H16,,TOR,2025
22,Ali Sánchez,28,C,-0.2,8,21,21,2,5,2,0,0,0,0,0,0,5,.238,.238,.333,.571,56,.240,42,7,1,0,0,0,0,/213H,,TOR,2025
23,Will Robertson*,27,OF,-0.2,3,12,10,0,1,0,0,0,1,0,0,1,7,.100,.250,.100,.350,3,.191,6,1,1,1,0,0,0,/789,,TOR,2025
24,Buddy Kennedy,26,IF,-0.1,2,6,5,1,1,1,0,0,0,0,0,1,1,.200,.333,.400,.733,102,.321,100,2,0,0,0,0,0,/45,,TOR,2025
25,Nick Sandlin,28,P,0.0,1,0,0,0,0,0,0,0,0,0,0,0,0,,,,,,,,0,0,0,0,0,0,1,,TOR,2025
26,Jeff Hoffman,32,P,0.0,2,0,0,0,0,0,0,0,0,0,0,0,0,,,,,,,,0,0,0,0,0,0,1,,TOR,2025
27,Yimi García,34,P,0.0,1,0,0,0,0,0,0,0,0,0,0,0,0,,,,,,,,0,0,0,0,0,0,1,,TOR,2025
1,Riley Adams,29,C,0.4,83,286,263,29,49,8,0,8,24,1,0,18,110,.186,.252,.308,.560,59,.258,61,81,6,5,0,0,0,2/H3D,,WSN,2025
2,Nathaniel Lowe*,29,1B,-0.3,119,490,440,50,95,17,2,16,68,1,0,47,130,.216,.292,.373,.665,88,.297,88,164,5,1,0,2,0,*3/DH,,WSN,2025
3,Luis García Jr.*,25,2B,0.4,139,526,488,67,123,28,1,16,66,14,5,27,84,.252,.289,.412,.701,97,.310,96,201,7,2,0,9,1,*4H/3D,,WSN,2025
4,CJ Abrams*,24,SS,3.4,144,635,580,92,149,35,5,19,60,31,3,37,125,.257,.315,.433,.748,111,.338,111,251,5,14,1,3,1,*6/HD,,WSN,2025
5,Brady House,22,3B,-0.6,73,274,261,26,61,11,0,4,29,5,3,8,78,.234,.252,.322,.574,62,.252,58,84,11,0,0,5,0,5/H,,WSN,2025
6,James Wood*,22,LF,3.7,157,689,598,87,153,38,0,31,94,15,7,85,221,.256,.350,.475,.825,132,.357,132,284,12,3,0,3,8,*7D/H,AS,WSN,2025
7,Jacob Young,25,CF,1.4,120,364,324,34,75,10,1,2,31,15,11,27,65,.231,.296,.287,.583,68,.268,71,93,7,3,9,1,0,*8H/D,,WSN,2025
8,Dylan Crews,23,RF,0.3,85,322,293,43,61,8,2,10,27,17,5,24,76,.208,.280,.352,.631,79,.288,79,103,4,5,0,0,0,98/D,,WSN,2025
9,Josh Bell#,32,DH,0.4,140,533,468,54,111,16,1,22,63,0,3,57,88,.237,.325,.417,.741,110,.327,110,195,15,5,0,3,1,D3H,,WSN,2025
10,Daylen Lile*,22,OF,0.8,91,351,321,51,96,15,11,9,41,8,6,21,56,.299,.347,.498,.845,137,.368,142,160,5,4,1,3,0,97D/H,ROY-5,WSN,2025
11,Keibert Ruiz#,26,C,0.8,68,267,255,19,63,12,0,2,25,0,2,8,26,.247,.277,.318,.595,69,.271,73,81,4,3,0,1,0,2/H,,WSN,2025
12,Alex Call,30,OF,1.1,72,237,197,30,54,9,2,3,26,1,1,26,36,.274,.371,.386,.756,117,.345,124,76,5,6,5,3,0,97H/D8,,WSN,2025
13,Paul DeJong,31,3B,-0.1,57,208,193,18,44,10,0,6,23,4,0,11,70,.228,.269,.373,.642,81,.283,75,72,3,1,0,3,0,546/D3H,,WSN,2025
14,Robert Hassell III*,23,CF,-0.1,70,206,197,22,44,9,0,3,18,4,0,8,62,.223,.257,.315,.572,62,.266,64,62,4,1,0,0,0,89H/7D,,WSN,2025
15,José Tena*,24,3B,0.3,50,169,152,19,37,13,2,0,16,3,1,15,37,.243,.314,.355,.669,91,.297,88,54,4,1,0,1,0,5/4HD,,WSN,2025
16,Amed Rosario,29,IF,0.3,46,158,148,19,40,8,0,5,18,1,0,7,22,.270,.310,.426,.736,107,.326,108,63,5,2,0,1,0,54H/D169,,WSN,2025
17,Nasim Nuñez#,24,MI,0.7,39,92,82,13,19,2,0,4,13,9,1,8,20,.232,.297,.402,.699,97,.323,94,33,1,0,1,1,0,64H/8D,,WSN,2025
18,Andrés Chaparro,26,1B,-0.4,34,73,66,4,12,2,0,1,5,0,0,5,22,.182,.247,.258,.504,44,.231,42,17,0,1,0,1,0,3/HD,,WSN,2025
19,Drew Millas#,27,C,0.2,18,55,49,6,15,5,1,0,7,2,0,4,7,.306,.358,.449,.807,129,.357,126,22,0,0,1,0,0,2/DH,,WSN,2025
20,Jorge Alfaro,32,C,-0.3,14,39,39,3,10,2,0,0,3,1,0,0,14,.256,.256,.308,.564,60,.271,66,12,0,0,0,0,0,2,,WSN,2025
21,Trey Lipscomb,25,IF,0.1,3,4,4,1,2,0,0,0,0,0,0,0,1,.500,.500,.500,1.000,187,.426,179,2,0,0,0,0,0,/356H,,WSN,2025
22,CJ Stubbs,28,C,0.1,1,3,3,0,0,0,0,0,0,0,0,0,0,.000,.000,.000,.000,-100,.000,-120,0,0,0,0,0,0,/2,,WSN,2025
23,Shinnosuke Ogasawara*,27,P,0.0,1,1,1,0,0,0,0,0,0,0,0,0,1,.000,.000,.000,.000,-100,.000,-117,0,0,0,0,0,0,1,,WSN,2025
24,PJ Poulin,28,P,0.0,1,0,0,0,0,0,0,0,0,0,0,0,0,,,,,,,,0,0,0,0,0,0,1,,WSN,2025
25,Konnor Pilkington*,27,P,0.0,1,0,0,0,0,0,0,0,0,0,0,0,0,,,,,,,,0,0,0,0,0,0,1,,WSN,2025
26,Jackson Rutledge,26,P,0.0,1,0,0,0,0,0,0,0,0,0,0,0,0,,,,,,,,0,0,0,0,0,0,1,,WSN,2025
27,Cade Cavalli,26,P,0.0,1,0,0,0,0,0,0,0,0,0,0,0,0,,,,,,,,0,0,0,0,0,0,1,,WSN,2025
28,Jose A. Ferrer*,25,P,0.0,1,0,0,0,0,0,0,0,0,0,0,0,0,,,,,,,,0,0,0,0,0,0,1,,WSN,2025
