1,Zac Gallen,29,SP,1.1,13,15,.464,4.83,33,33,0,0,0,0,192.0,176,109,103,31,66,1,175,4,0,2,813,89,4.50,1.260,8.3,1.5,3.1,8.2,2.65,,ARI
2,Brandon Pfaadt,26,SP,0.6,13,9,.591,5.25,33,33,0,0,0,0,176.2,198,107,103,26,37,2,147,12,0,3,767,82,4.22,1.330,10.1,1.3,1.9,7.5,3.97,,ARI
3,Eduardo Rodríguez*,32,SP,0.3,9,9,.500,5.02,29,29,0,0,0,0,154.1,178,94,86,25,60,2,143,1,1,4,694,86,4.57,1.542,10.4,1.5,3.5,8.3,2.38,,ARI
4,Ryne Nelson,27,SP,3.5,7,3,.700,3.39,33,23,4,0,0,1,154.0,124,62,58,17,41,0,132,4,0,1,619,127,3.73,1.071,7.2,1.0,2.4,7.7,3.22,,ARI
5,Merrill Kelly,36,SP,3.0,9,6,.600,3.22,22,22,0,0,0,0,128.2,98,53,46,14,38,0,121,1,1,0,514,134,3.58,1.057,6.9,1.0,2.7,8.5,3.18,,ARI
6,Corbin Burnes,30,SP,2.0,3,2,.600,2.66,11,11,0,0,0,0,64.1,49,23,19,7,26,1,63,3,2,1,265,163,3.94,1.166,6.9,1.0,3.6,8.8,2.42,,ARI
7,Shelby Miller,34,CL,1.6,3,3,.500,1.98,37,0,21,0,0,10,36.1,24,11,8,3,11,3,40,3,0,0,143,219,3.16,0.963,5.9,0.7,2.7,9.9,3.64,,ARI
8,Jalen Beeks*,31,RP,0.9,5,3,.625,3.77,61,2,10,0,0,1,57.1,42,26,24,6,20,2,47,2,0,1,231,115,4.01,1.081,6.6,0.9,3.1,7.4,2.35,,ARI
9,Ryan Thompson,33,RP,0.3,3,2,.600,3.92,48,0,9,0,0,1,41.1,42,21,18,4,13,2,36,2,1,0,175,111,3.74,1.331,9.1,0.9,2.8,7.8,2.77,,ARI
10,Juan Morillo,26,RP,0.2,0,3,.000,4.19,42,0,6,0,0,1,34.1,38,19,16,2,20,0,36,1,0,3,152,104,3.63,1.689,10.0,0.5,5.2,9.4,1.80,,ARI
11,Kyle Backhus*,27,RP,-0.1,0,3,.000,4.62,32,0,10,0,0,2,25.1,28,14,13,3,8,0,22,3,0,1,115,95,4.24,1.421,9.9,1.1,2.8,7.8,2.75,,ARI
12,Anthony DeSclafani,35,,-0.1,1,2,.333,5.12,13,4,5,0,0,2,38.2,37,23,22,11,12,2,36,5,0,0,169,85,6.29,1.267,8.6,2.6,2.8,8.4,3.00,,ARI
13,John Curtiss,32,,0.4,3,2,.600,3.93,30,0,12,0,0,1,36.2,29,18,16,5,5,0,24,0,0,0,141,111,4.01,0.927,7.1,1.2,1.2,5.9,4.80,,ARI
14,Jake Woodford,28,,-0.8,0,4,.000,6.44,22,0,8,0,0,3,36.1,45,28,26,3,13,1,23,3,0,1,170,68,4.26,1.596,11.1,0.7,3.2,5.7,1.77,,ARI
15,Nabil Crismatt,30,,0.2,3,0,1.000,3.71,8,5,1,0,0,0,34.0,40,20,14,6,9,0,25,1,0,1,153,117,4.84,1.441,10.6,1.6,2.4,6.6,2.78,,ARI
16,Andrew Saalfrank*,27,,1.6,2,1,.667,1.24,28,0,10,0,0,3,29.0,19,5,4,1,10,1,19,0,0,2,113,351,3.31,1.000,5.9,0.3,3.1,5.9,1.90,,ARI
17,Kevin Ginkel,31,,-0.8,1,4,.200,7.36,29,0,9,0,0,3,25.2,29,22,21,2,13,0,29,2,0,1,121,59,3.64,1.636,10.2,0.7,4.6,10.2,2.23,,ARI
18,Bryce Jarvis,27,,0.0,0,0,,5.73,12,0,7,0,0,1,22.0,23,14,14,3,10,0,21,1,0,0,98,76,4.50,1.500,9.4,1.2,4.1,8.6,2.10,,ARI
19,Kendall Graveman,34,,-0.4,1,0,1.000,7.13,19,0,4,0,0,0,17.2,23,14,14,2,12,0,9,1,0,0,82,62,5.80,1.981,11.7,1.0,6.1,4.6,0.75,,ARI
20,Taylor Rashi,29,,0.2,0,1,.000,4.41,10,0,5,0,0,2,16.1,16,8,8,0,8,0,22,0,0,1,72,100,1.91,1.469,8.8,0.0,4.4,12.1,2.75,,ARI
21,Justin Martínez,23,,0.2,1,2,.333,4.11,17,0,9,0,0,5,15.1,7,8,7,1,12,1,22,3,0,2,67,107,4.05,1.239,4.1,0.6,7.0,12.9,1.83,,ARI
22,Brandyn Garcia*,25,,-0.1,0,2,.000,5.84,12,0,1,0,0,0,12.1,14,10,8,0,5,0,13,1,0,0,55,76,2.49,1.541,10.2,0.0,3.6,9.5,2.60,,ARI
23,Joe Mantiply*,34,,-0.8,0,1,.000,15.83,10,0,4,0,0,0,9.2,26,17,17,5,3,1,8,1,0,0,58,28,9.45,3.000,24.2,4.7,2.8,7.4,2.67,,ARI
24,Tayler Scott,33,,-0.4,0,0,,9.00,6,0,3,0,0,0,9.0,13,9,9,3,4,0,7,0,0,0,44,50,7.25,1.889,13.0,3.0,4.0,7.0,1.75,,ARI
25,A.J. Puk*,30,,0.2,0,0,,3.38,8,0,5,0,0,4,8.0,8,3,3,2,2,0,12,1,0,1,35,133,4.51,1.250,9.0,2.3,2.3,13.5,6.00,,ARI
26,Andrew Hoffmann,25,,-0.3,1,1,.500,7.36,8,0,2,0,0,0,7.1,7,6,6,1,6,0,7,0,0,0,35,61,5.45,1.773,8.6,1.2,7.4,8.6,1.17,,ARI
27,Scott McGough,35,,-0.1,0,0,,6.43,7,0,2,0,0,0,7.0,6,5,5,1,6,0,5,1,0,0,35,70,6.56,1.714,7.7,1.3,7.7,6.4,0.83,,ARI
28,Cristian Mena,22,,0.4,1,0,1.000,1.35,3,0,0,0,0,0,6.2,3,1,1,1,3,0,8,0,0,1,26,336,4.04,0.900,4.1,1.4,4.1,10.8,2.67,,ARI
29,Tommy Henry*,27,,0.1,0,0,,4.05,2,0,1,0,0,0,6.2,6,3,3,3,1,0,8,1,0,0,26,112,7.49,1.050,8.1,4.1,1.4,10.8,8.00,,ARI
30,Juan Burgos,25,,-0.5,1,1,.500,8.10,9,0,0,0,0,0,6.2,10,7,6,2,6,1,6,0,0,0,35,56,7.94,2.400,13.5,2.7,8.1,8.1,1.00,,ARI
31,José Castillo*,29,,-0.3,0,1,.000,11.37,5,0,2,0,0,0,6.1,10,8,8,3,3,0,3,0,3,0,31,40,9.77,2.053,14.2,4.3,4.3,4.3,1.00,,ARI
32,Philip Abner*,23,,0.0,0,0,,4.91,5,0,0,0,0,0,3.2,5,2,2,0,3,0,5,0,0,0,18,96,2.86,2.182,12.3,0.0,7.4,12.3,1.67,,ARI
33,Jeff Brigham,33,,-0.1,0,0,,8.10,4,0,1,0,0,0,3.1,7,3,3,1,1,0,3,0,0,0,18,59,6.14,2.400,18.9,2.7,2.7,8.1,3.00,,ARI
34,Yilber Díaz,24,,-0.1,0,0,,9.00,1,0,1,0,0,0,3.0,4,3,3,0,3,0,1,0,0,1,15,54,5.47,2.333,12.0,0.0,9.0,3.0,0.33,,ARI
35,Drey Jameson,27,,0.2,0,1,.000,3.00,3,0,2,0,0,1,3.0,4,2,1,0,3,0,0,0,0,1,13,161,6.14,2.333,12.0,0.0,9.0,0.0,0.00,,ARI
36,Christian Montes De Oca,25,,0.1,0,0,,0.00,1,0,0,0,0,0,2.2,0,0,0,0,1,0,2,0,0,0,9,,2.76,0.375,0.0,0.0,3.4,6.8,2.00,,ARI
37,Trevor Richards,32,,0.0,0,0,,3.38,2,0,1,0,0,0,2.2,4,1,1,0,0,0,3,0,0,1,11,145,0.89,1.500,13.5,0.0,0.0,10.1,,,ARI
38,Kyle Nelson*,28,,-0.1,0,0,,9.00,3,0,1,0,0,1,2.0,1,2,2,1,4,0,2,0,0,1,11,56,13.64,2.500,4.5,4.5,18.0,9.0,0.50,,ARI
39,J.P. Feyereisen,32,,-0.2,0,1,.000,9.00,2,0,2,0,0,0,2.0,3,3,2,1,0,0,2,0,0,0,9,56,7.64,1.500,13.5,4.5,0.0,9.0,,,ARI
40,Austin Pope,26,,0.1,0,0,,0.00,1,0,0,0,0,0,2.0,2,0,0,0,1,0,1,0,0,0,9,,3.64,1.500,9.0,0.0,4.5,4.5,1.00,,ARI
41,José Herrera,28,,0.0,0,0,,4.50,2,0,2,0,0,0,2.0,4,1,1,0,0,0,0,0,0,0,10,113,3.14,2.000,18.0,0.0,0.0,0.0,,,ARI
42,Casey Kelly,35,,0.1,0,0,,0.00,2,0,2,0,0,0,1.2,1,0,0,0,1,0,0,0,0,1,6,,4.94,1.200,5.4,0.0,5.4,0.0,0.00,,ARI
1,Jeffrey Springs*,32,SP,2.0,11,11,.500,4.11,32,30,0,0,0,0,171.0,153,90,78,28,54,0,138,3,3,0,713,102,4.65,1.211,8.1,1.5,2.8,7.3,2.56,,ATH
2,Luis Severino,31,SP,1.0,8,11,.421,4.54,29,29,0,0,0,0,162.2,162,93,82,16,50,1,124,16,0,3,705,92,4.11,1.303,9.0,0.9,2.8,6.9,2.48,,ATH
3,JP Sears*,29,SP,0.9,7,9,.438,4.95,22,22,0,0,0,0,111.0,112,63,61,23,29,0,97,5,0,1,472,85,5.00,1.270,9.1,1.9,2.4,7.9,3.34,,ATH
4,Jacob Lopez*,27,SP,1.1,7,7,.500,4.08,21,17,1,0,0,0,92.2,81,47,42,15,37,0,113,8,1,0,399,103,4.26,1.273,7.9,1.5,3.6,11.0,3.05,,ATH
5,J.T. Ginn,26,SP,0.5,4,7,.364,5.08,23,16,0,0,0,0,90.1,92,52,51,17,31,1,99,6,0,1,392,83,4.62,1.362,9.2,1.7,3.1,9.9,3.19,,ATH
6,Mason Miller,26,CL,0.8,1,2,.333,3.76,38,0,32,0,0,20,38.1,21,17,16,4,18,2,59,1,1,3,151,112,2.90,1.017,4.9,0.9,4.2,13.9,3.28,,ATH
7,Justin Sterner,28,RP,1.5,4,3,.571,3.18,59,1,8,0,0,0,65.0,47,24,23,10,21,2,70,7,0,1,266,132,4.27,1.046,6.5,1.4,2.9,9.7,3.33,,ATH
8,Hogan Harris*,28,RP,1.2,2,1,.667,3.20,48,0,20,0,0,4,64.2,54,26,23,5,33,4,65,1,0,1,277,131,3.71,1.345,7.5,0.7,4.6,9.0,1.97,,ATH
9,Tyler Ferguson,31,RP,0.2,4,2,.667,4.66,56,0,10,0,0,2,58.0,43,32,30,4,34,2,54,4,0,1,246,90,4.14,1.328,6.7,0.6,5.3,8.4,1.59,,ATH
10,Michael Kelly,32,RP,0.7,4,4,.500,3.18,42,0,13,0,0,2,39.2,32,17,14,5,19,3,29,1,0,1,166,133,4.82,1.286,7.3,1.1,4.3,6.6,1.53,,ATH
11,Mitch Spence,27,,-0.6,3,6,.333,5.10,32,8,3,0,0,1,84.2,96,57,48,16,26,2,66,4,0,1,375,82,5.10,1.441,10.2,1.7,2.8,7.0,2.54,,ATH
12,Osvaldo Bido,29,,-0.7,2,5,.286,5.87,26,10,7,0,0,1,79.2,93,56,52,19,35,1,68,6,0,0,363,71,6.07,1.607,10.5,2.1,4.0,7.7,1.94,,ATH
13,Sean Newcomb*,32,,1.7,2,1,.667,1.75,36,0,6,0,0,2,51.1,39,12,10,2,14,2,50,3,0,0,201,240,2.69,1.032,6.8,0.4,2.5,8.8,3.57,,ATH
14,Luis Morales,22,,1.2,4,3,.571,3.14,10,9,0,0,0,0,48.2,38,18,17,8,18,0,43,1,0,2,199,134,4.68,1.151,7.0,1.5,3.3,8.0,2.39,ROY-13,ATH
15,Elvis Alvarado,26,,0.7,1,1,.500,3.19,37,0,13,0,0,0,42.1,34,17,15,6,22,1,50,2,0,2,183,132,4.32,1.323,7.2,1.3,4.7,10.6,2.27,,ATH
16,Jack Perkins,25,,0.5,3,2,.600,4.19,12,4,5,0,0,3,38.2,27,18,18,4,18,0,37,2,0,3,161,101,4.12,1.164,6.3,0.9,4.2,8.6,2.06,,ATH
17,Gunnar Hoglund,25,,-0.1,1,3,.250,6.40,6,6,0,0,0,0,32.1,38,23,23,10,11,0,23,0,0,1,139,66,6.75,1.515,10.6,2.8,3.1,6.4,2.09,,ATH
18,Grant Holman,25,,0.1,4,2,.667,5.09,22,2,7,0,0,0,23.0,26,14,13,3,9,0,17,1,0,1,103,83,4.66,1.522,10.2,1.2,3.5,6.7,1.89,,ATH
19,Mason Barnett,24,,-0.3,1,1,.500,6.85,5,5,0,0,0,0,22.1,26,18,17,3,11,0,18,1,0,2,104,62,4.88,1.657,10.5,1.2,4.4,7.3,1.64,,ATH
20,Noah Murdock,26,,-1.4,1,1,.500,13.24,14,0,2,0,0,0,17.0,26,25,25,0,20,3,21,2,1,0,98,32,4.55,2.706,13.8,0.0,10.6,11.1,1.05,,ATH
21,T.J. McFarland*,36,,-0.3,0,0,,6.89,27,0,5,0,0,0,15.2,26,12,12,2,3,0,7,1,0,1,74,62,4.67,1.851,14.9,1.1,1.7,4.0,2.33,,ATH
22,Brady Basso*,27,,0.3,1,1,.500,2.31,11,1,4,0,0,0,11.2,12,4,3,0,9,1,8,0,0,0,56,186,4.08,1.800,9.3,0.0,6.9,6.2,0.89,,ATH
23,Joey Estes,23,,-0.3,0,2,.000,9.82,3,2,1,0,0,0,11.0,16,12,12,4,6,0,6,1,0,0,55,44,8.68,2.000,13.1,3.3,4.9,4.9,1.00,,ATH
24,Ben Bowden*,30,,0.0,0,0,,4.22,11,0,4,0,0,0,10.2,9,6,5,2,5,0,7,0,0,0,47,102,5.67,1.313,7.6,1.7,4.2,5.9,1.40,,ATH
25,José Leclerc,31,,0.0,0,1,.000,6.00,10,0,1,0,0,0,9.0,13,6,6,3,5,0,8,0,1,1,46,72,7.36,2.000,13.0,3.0,5.0,8.0,1.60,,ATH
26,Scott McGough,35,,-0.1,0,0,,7.00,6,0,5,0,0,0,9.0,12,7,7,3,1,0,11,0,0,0,40,62,5.36,1.444,12.0,3.0,1.0,11.0,11.00,,ATH
27,Eduarniel Núñez,26,,-0.2,1,0,1.000,9.00,6,0,1,0,0,0,8.0,9,8,8,1,7,0,9,2,0,1,39,49,5.89,2.000,10.1,1.1,7.9,10.1,1.29,,ATH
28,Jason Alexander,32,,-0.6,0,0,,18.00,4,0,3,0,0,0,6.0,12,13,12,3,5,0,5,0,0,0,35,25,10.47,2.833,18.0,4.5,7.5,7.5,1.00,,ATH
29,Anthony Maldonado,27,,-0.3,0,0,,12.00,6,0,5,0,0,0,6.0,10,8,8,3,5,1,7,0,0,1,33,37,9.80,2.500,15.0,4.5,7.5,10.5,1.40,,ATH
30,Michel Otañez,27,,-0.5,0,0,,13.50,6,0,1,0,0,0,5.1,7,8,8,2,5,0,6,1,0,0,28,33,9.14,2.250,11.8,3.4,8.4,10.1,1.20,,ATH
31,Angel Perdomo*,31,,0.0,0,0,,5.40,4,0,0,0,0,0,3.1,2,2,2,0,3,0,2,1,0,0,16,86,5.54,1.500,5.4,0.0,8.1,5.4,0.67,,ATH
32,Matt Krook*,30,,0.0,0,0,,5.40,3,0,0,0,0,0,3.1,5,2,2,0,1,0,3,0,0,1,15,86,2.24,1.800,13.5,0.0,2.7,8.1,3.00,,ATH
33,Jhonny Pereda,29,,-0.2,0,0,,21.00,3,0,3,0,0,0,3.0,9,7,7,1,2,0,3,0,0,0,20,22,7.47,3.667,27.0,3.0,6.0,9.0,1.50,,ATH
34,Willie MacIver,28,,0.1,0,0,,0.00,2,0,2,0,0,0,2.0,4,0,0,0,0,0,0,0,0,0,10,,3.14,2.000,18.0,0.0,0.0,0.0,,,ATH
35,Carlos Durán,23,,-0.2,0,0,,81.00,1,0,0,0,0,0,0.1,1,3,3,0,3,0,0,0,0,0,5,11,30.14,1.200,27.0,0.0,81.0,0.0,0.00,,ATH
1,Bryce Elder,26,SP,-0.4,8,11,.421,5.30,28,28,0,0,0,0,156.1,167,95,92,24,51,1,131,6,0,2,679,78,4.55,1.394,9.6,1.4,2.9,7.5,2.57,,ATL
2,Chris Sale*,36,SP,4.0,7,5,.583,2.58,21,20,0,0,0,0,125.2,102,38,36,11,32,0,165,11,0,3,510,161,2.67,1.066,7.3,0.8,2.3,11.8,5.16,AS,ATL
3,Spencer Strider,26,SP,1.1,7,14,.333,4.45,23,23,0,0,0,0,125.1,124,63,62,20,51,0,131,8,1,1,539,93,4.53,1.396,8.9,1.4,3.7,9.4,2.57,,ATL
4,Grant Holmes,29,SP,1.4,4,9,.308,3.99,22,21,1,0,0,0,115.0,100,52,51,16,54,1,123,7,0,5,492,104,4.40,1.339,7.8,1.3,4.2,9.6,2.28,,ATL
5,Spencer Schwellenbach,25,SP,2.2,7,4,.636,3.09,17,17,0,1,0,0,110.2,89,44,38,13,18,1,108,2,0,2,434,134,3.25,0.967,7.2,1.1,1.5,8.8,6.00,,ATL
6,Joey Wentz*,27,SP,-0.2,3,6,.333,4.92,14,13,0,0,0,0,64.0,68,38,35,6,23,1,64,0,0,3,278,85,3.43,1.422,9.6,0.8,3.2,9.0,2.78,,ATL
7,Raisel Iglesias,35,CL,1.3,4,6,.400,3.21,70,0,57,0,0,29,67.1,51,25,24,8,16,2,73,2,0,0,266,130,3.31,0.995,6.8,1.1,2.1,9.8,4.56,,ATL
8,Dylan Lee*,30,RP,1.0,2,4,.333,3.29,74,0,6,0,0,2,68.1,53,27,25,13,14,1,76,0,3,3,266,126,4.00,0.980,7.0,1.7,1.8,10.0,5.43,,ATL
9,Pierce Johnson,34,RP,1.1,3,3,.500,3.05,65,0,13,0,0,1,59.0,52,21,20,8,19,2,59,1,0,2,238,137,3.91,1.203,7.9,1.2,2.9,9.0,3.11,,ATL
10,Aaron Bummer*,31,RP,0.1,3,2,.600,3.81,42,2,5,0,0,0,54.1,51,27,23,3,17,4,51,11,0,1,235,109,3.52,1.252,8.4,0.5,2.8,8.4,3.00,,ATL
11,Enyel De Los Santos,29,RP,-0.3,3,3,.500,4.53,43,0,6,0,0,0,43.2,39,25,22,2,18,2,38,2,1,2,189,92,3.36,1.305,8.0,0.4,3.7,7.8,2.11,,ATL
12,Hurston Waldrep,23,,1.4,6,1,.857,2.88,10,9,0,0,0,0,56.1,45,18,18,3,22,1,55,3,0,0,229,145,3.21,1.189,7.2,0.5,3.5,8.8,2.50,,ATL
13,AJ Smith-Shawver,22,,0.4,3,2,.600,3.86,9,9,0,0,0,0,44.1,42,20,19,4,21,0,42,1,0,3,192,108,3.90,1.421,8.5,0.8,4.3,8.5,2.00,,ATL
14,Daysbel Hernández,28,,0.4,4,3,.571,3.41,39,0,6,0,0,0,37.0,27,16,14,3,30,1,33,2,0,2,164,123,5.00,1.541,6.6,0.7,7.3,8.0,1.10,,ATL
15,Dylan Dodd*,27,,0.3,1,0,1.000,3.60,28,0,12,0,0,0,35.0,28,14,14,5,5,0,30,1,0,1,136,116,3.79,0.943,7.2,1.3,1.3,7.7,6.00,,ATL
16,Rafael Montero,34,,-0.4,0,1,.000,5.50,36,0,11,0,0,0,34.1,27,22,21,3,21,2,34,0,0,0,150,76,4.13,1.398,7.1,0.8,5.5,8.9,1.62,,ATL
17,Tyler Kinley,34,,1.3,5,0,1.000,0.72,24,0,5,0,0,0,25.0,11,2,2,1,6,0,22,1,1,1,94,583,2.74,0.680,4.0,0.4,2.2,7.9,3.67,,ATL
18,Erick Fedde,32,,-0.6,1,2,.333,8.10,5,4,0,0,0,0,23.1,30,21,21,3,13,0,13,1,0,0,111,52,5.49,1.843,11.6,1.2,5.0,5.0,1.00,,ATL
19,Austin Cox*,28,,-0.7,0,0,,8.86,13,1,4,0,0,0,21.1,30,21,21,9,7,0,22,0,0,2,102,48,7.54,1.734,12.7,3.8,3.0,9.3,3.14,,ATL
20,José Suarez*,27,,0.6,2,0,1.000,1.86,7,1,2,0,0,1,19.1,15,5,4,1,10,1,16,0,0,0,81,227,3.70,1.293,7.0,0.5,4.7,7.4,1.60,,ATL
21,Hunter Stratton,28,,0.4,1,1,.500,2.20,12,0,5,0,0,1,16.1,13,5,4,2,5,0,15,2,0,0,68,192,4.18,1.102,7.2,1.1,2.8,8.3,3.00,,ATL
22,Scott Blewett,29,,0.0,2,0,1.000,5.51,11,1,6,0,0,0,16.1,16,11,10,5,10,0,13,0,0,0,72,77,7.36,1.592,8.8,2.8,5.5,7.2,1.30,,ATL
23,Carlos Carrasco,38,,-0.6,0,0,,9.88,3,3,0,0,0,0,13.2,22,15,15,3,7,0,9,0,0,1,70,43,6.21,2.122,14.5,2.0,4.6,5.9,1.29,,ATL
24,Didier Fuentes,20,,-0.9,0,3,.000,13.85,4,4,0,0,0,0,13.0,23,20,20,6,6,0,12,2,0,1,69,31,9.14,2.231,15.9,4.2,4.2,8.3,2.00,,ATL
25,Dane Dunning,30,,-0.4,0,0,,10.80,7,0,2,0,0,0,10.0,15,13,12,2,2,0,11,2,0,0,49,40,4.74,1.700,13.5,1.8,1.8,9.9,5.50,,ATL
26,Davis Daniel,28,,0.0,0,1,.000,5.40,3,2,1,0,0,0,10.0,9,6,6,1,7,0,9,1,0,0,46,79,5.04,1.600,8.1,0.9,6.3,8.1,1.29,,ATL
27,Cal Quantrill,30,,-0.5,0,2,.000,13.50,2,2,0,0,0,0,8.0,14,12,12,5,5,0,3,0,0,0,43,32,12.39,2.375,15.8,5.6,5.6,3.4,0.60,,ATL
28,Jesse Chavez,41,,-0.3,0,1,.000,9.00,4,0,0,0,0,0,8.0,14,8,8,4,5,0,8,0,0,0,43,48,9.51,2.375,15.8,4.5,5.6,9.0,1.60,,ATL
29,Michael Petersen,31,,0.0,0,0,,4.05,4,0,2,0,0,0,6.2,7,3,3,1,2,0,5,0,0,1,28,108,4.49,1.350,9.5,1.4,2.7,6.8,2.50,,ATL
30,Wander Suero,33,,-0.3,0,0,,11.37,5,0,2,0,0,0,6.1,10,8,8,3,4,0,7,0,1,0,32,39,8.98,2.211,14.2,4.3,5.7,9.9,1.75,,ATL
31,Luke Williams,28,,0.1,0,0,,3.00,6,0,5,0,0,0,6.0,6,2,2,1,1,0,4,0,0,0,25,146,4.47,1.167,9.0,1.5,1.5,6.0,4.00,,ATL
32,Reynaldo López,31,,0.0,0,0,,5.40,1,1,0,0,0,0,5.0,9,3,3,1,2,0,1,0,0,0,25,82,6.54,2.200,16.2,1.8,3.6,1.8,0.50,,ATL
33,John Brebbia,35,,-0.2,0,1,.000,7.71,3,0,2,0,0,0,4.2,6,5,4,2,1,0,6,1,0,0,22,58,7.42,1.500,11.6,3.9,1.9,11.6,6.00,,ATL
34,Rolddy Muñoz,25,,-0.2,0,0,,12.27,3,0,0,0,0,0,3.2,4,5,5,1,5,0,5,2,0,1,21,37,9.68,2.455,9.8,2.5,12.3,12.3,1.00,,ATL
35,Connor Seabold,29,,-0.2,0,0,,9.82,4,0,2,0,0,0,3.2,5,4,4,1,3,0,5,0,0,1,19,46,6.41,2.182,12.3,2.5,7.4,12.3,1.67,,ATL
36,Zach Thompson,31,,0.1,0,0,,0.00,2,0,0,0,0,0,3.2,0,0,0,0,1,0,3,0,0,1,12,,2.32,0.273,0.0,0.0,2.5,7.4,3.00,,ATL
37,Joel Payamps,31,,0.0,0,0,,3.38,2,0,0,0,0,0,2.2,2,1,1,1,0,0,2,0,0,0,9,140,6.51,0.750,6.8,3.4,0.0,6.8,,,ATL
38,Hayden Harris*,26,,0.0,0,0,,3.38,3,0,0,0,0,0,2.2,3,1,1,0,2,0,0,0,0,0,12,140,5.39,1.875,10.1,0.0,6.8,0.0,0.00,,ATL
39,Alexis Díaz,28,,-0.2,0,0,,10.13,3,0,1,0,0,0,2.2,0,4,3,0,5,0,5,1,0,0,14,47,6.14,1.875,0.0,0.0,16.9,16.9,1.00,,ATL
40,José Ruiz,30,,-0.1,0,0,,13.50,2,0,0,0,0,0,2.0,2,3,3,0,3,0,3,0,1,0,11,36,4.64,2.500,9.0,0.0,13.5,13.5,1.00,,ATL
41,Vidal Bruján,27,,-0.1,0,0,,13.50,2,0,2,0,0,0,2.0,4,3,3,1,1,0,0,0,0,0,11,36,11.14,2.500,18.0,4.5,4.5,0.0,0.00,,ATL
42,Charlie Morton,41,,0.1,0,0,,0.00,1,1,0,0,0,0,1.1,2,0,0,0,1,0,1,0,0,0,6,,3.89,2.250,13.5,0.0,6.8,6.8,1.00,,ATL
43,Héctor Neris,36,,-0.4,0,1,.000,45.00,2,0,1,0,0,0,1.0,5,5,5,1,1,0,1,0,0,0,8,13,17.14,6.000,45.0,9.0,9.0,9.0,1.00,,ATL
44,Craig Kimbrel,37,,0.1,0,0,,0.00,1,0,0,0,0,0,1.0,1,0,0,0,1,0,1,0,0,0,3,,4.14,2.000,9.0,0.0,9.0,9.0,1.00,,ATL
45,Kevin Herget,34,,0.0,0,0,,0.00,1,0,1,0,0,0,1.0,1,0,0,0,2,0,0,0,0,1,6,,9.14,3.000,9.0,0.0,18.0,0.0,0.00,,ATL
46,Nathan Wiles,26,,-0.1,0,0,,27.00,1,0,1,0,0,0,1.0,4,3,3,0,0,0,1,0,0,0,7,21,1.14,4.000,36.0,0.0,0.0,9.0,,,ATL
1,Dean Kremer,29,SP,2.2,11,10,.524,4.19,31,29,0,0,0,0,171.2,163,83,80,22,45,0,142,2,1,9,708,96,3.97,1.212,8.5,1.2,2.4,7.4,3.16,,BAL
2,Tomoyuki Sugano,35,SP,1.3,10,10,.500,4.64,30,30,0,0,0,0,157.0,173,85,81,33,36,2,106,8,1,3,675,87,5.36,1.331,9.9,1.9,2.1,6.1,2.94,,BAL
3,Cade Povich*,25,SP,-0.2,3,8,.273,5.21,22,20,0,0,0,0,112.1,125,70,65,17,43,2,118,1,0,6,488,77,4.18,1.496,10.0,1.4,3.4,9.5,2.74,,BAL
4,Trevor Rogers*,27,SP,5.5,9,3,.750,1.81,18,18,0,1,0,0,109.2,70,23,22,6,29,0,103,2,1,0,423,223,2.82,0.903,5.7,0.5,2.4,8.5,3.55,CYA-9,BAL
5,Charlie Morton,41,SP,-0.1,7,8,.467,5.42,23,17,1,0,0,0,101.1,110,63,61,16,48,1,101,9,1,1,464,74,4.88,1.559,9.8,1.4,4.3,9.0,2.10,,BAL
6,Zach Eflin,31,SP,-0.3,6,5,.545,5.93,14,14,0,0,0,0,71.1,88,48,47,18,13,0,50,2,0,1,309,68,5.64,1.416,11.1,2.3,1.6,6.3,3.85,,BAL
7,Félix Bautista,30,CL,1.1,1,1,.500,2.60,35,0,28,0,0,19,34.2,16,10,10,3,23,0,50,0,0,1,142,156,3.37,1.125,4.2,0.8,6.0,13.0,2.17,,BAL
8,Keegan Akin*,30,RP,1.0,5,4,.556,3.41,64,3,18,0,0,8,63.1,54,28,24,10,33,2,59,1,0,2,268,118,4.94,1.374,7.7,1.4,4.7,8.4,1.79,,BAL
9,Yennier Cano,31,RP,-0.4,3,7,.300,5.12,65,0,11,0,0,2,58.0,62,36,33,7,24,1,53,3,1,2,251,79,4.27,1.483,9.6,1.1,3.7,8.2,2.21,,BAL
10,Seranthony Domínguez,30,RP,0.5,2,3,.400,3.24,43,0,11,0,0,2,41.2,32,19,15,4,24,1,54,0,0,9,175,125,3.52,1.344,6.9,0.9,5.2,11.7,2.25,,BAL
11,Gregory Soto*,30,RP,0.4,0,2,.000,3.96,45,0,10,0,0,1,36.1,29,17,16,2,18,1,44,5,0,7,160,102,3.33,1.294,7.2,0.5,4.5,10.9,2.44,,BAL
12,Brandon Young,26,,-0.6,1,7,.125,6.24,12,12,0,0,0,0,57.2,67,42,40,12,22,0,47,0,0,0,256,65,5.35,1.543,10.5,1.9,3.4,7.3,2.14,,BAL
13,Bryan Baker,30,,0.5,3,2,.600,3.52,42,0,7,0,0,2,38.1,33,17,15,8,9,0,49,0,0,1,151,115,4.00,1.096,7.7,1.9,2.1,11.5,5.44,,BAL
14,Kyle Bradish,28,,1.2,1,1,.500,2.53,6,6,0,0,0,0,32.0,23,9,9,3,10,0,47,1,0,0,126,160,2.45,1.031,6.5,0.8,2.8,13.2,4.70,,BAL
15,Andrew Kittredge,35,,0.5,2,2,.500,3.45,31,0,9,0,0,0,31.1,26,13,12,4,8,1,32,0,0,1,126,118,3.52,1.085,7.5,1.1,2.3,9.2,4.00,,BAL
16,Dietrich Enns*,34,,0.6,2,2,.500,3.14,17,1,3,0,0,2,28.2,27,13,10,4,11,4,34,0,0,1,123,130,3.73,1.326,8.5,1.3,3.5,10.7,3.09,,BAL
17,Grant Wolfram*,28,,-0.4,3,1,.750,5.40,21,0,3,0,0,0,26.2,35,20,16,2,15,1,31,1,0,3,133,75,3.59,1.875,11.8,0.7,5.1,10.5,2.07,,BAL
18,Kade Strowd,27,,0.9,0,1,.000,1.71,25,0,6,0,0,0,26.1,16,6,5,1,13,0,24,1,0,2,105,238,3.40,1.101,5.5,0.3,4.4,8.2,1.85,,BAL
19,Matt Bowman,34,,-0.3,0,1,.000,6.20,20,0,8,0,0,0,24.2,31,18,17,4,6,0,18,2,0,1,114,66,4.76,1.500,11.3,1.5,2.2,6.6,3.00,,BAL
20,Scott Blewett,29,,-0.3,1,0,1.000,6.17,13,1,2,0,0,0,23.1,25,17,16,4,8,0,17,0,0,1,103,66,4.94,1.414,9.6,1.5,3.1,6.6,2.13,,BAL
21,Tyler Wells,30,,0.6,2,1,.667,2.91,4,4,0,0,0,0,21.2,17,7,7,4,2,0,18,0,0,0,82,140,4.15,0.877,7.1,1.7,0.8,7.5,9.00,,BAL
22,Cionel Pérez*,29,,-0.6,0,0,,8.31,19,0,6,0,0,0,21.2,28,22,20,3,18,1,21,2,1,1,110,49,5.77,2.123,11.6,1.2,7.5,8.7,1.17,,BAL
23,Yaramil Hiraldo,29,,-0.2,0,0,,4.58,18,0,6,0,0,0,19.2,17,13,10,4,9,0,21,0,0,2,84,89,5.02,1.322,7.8,1.8,4.1,9.6,2.33,,BAL
24,Rico Garcia,31,,0.6,0,2,.000,2.84,20,1,3,0,0,0,19.0,21,6,6,3,6,1,20,0,0,1,82,144,4.03,1.421,9.9,1.4,2.8,9.5,3.33,,BAL
25,Corbin Martin,29,,-0.5,1,0,1.000,6.00,17,0,7,0,0,2,18.0,22,15,12,4,9,0,23,2,1,1,89,68,5.30,1.722,11.0,2.0,4.5,11.5,2.56,,BAL
26,Colin Selby,27,,0.2,0,2,.000,3.21,11,0,5,0,0,0,14.0,16,5,5,2,2,0,14,0,0,0,60,128,3.42,1.286,10.3,1.3,1.3,9.0,7.00,,BAL
27,Kyle Gibson,37,,-1.1,0,3,.000,16.78,4,4,0,0,0,0,12.1,29,23,23,7,7,0,10,0,0,1,73,25,10.59,2.919,21.2,5.1,5.1,7.3,1.43,,BAL
28,Albert Suárez,35,,0.5,2,0,1.000,2.31,5,1,3,0,0,0,11.2,9,4,3,0,2,1,10,1,0,4,44,179,2.19,0.943,6.9,0.0,1.5,7.7,5.00,,BAL
29,Chayce McDermott,26,,-0.8,0,1,.000,15.58,4,1,0,0,0,0,8.2,12,15,15,3,12,0,9,1,1,2,51,27,10.06,2.769,12.5,3.1,12.5,9.3,0.75,,BAL
30,Shawn Dubin,29,,0.2,0,0,,3.38,7,0,3,0,0,0,8.0,7,3,3,0,3,0,7,1,0,0,34,125,2.89,1.250,7.9,0.0,3.4,7.9,2.33,,BAL
31,José Castillo*,29,,0.1,0,0,,2.45,5,0,1,0,0,0,7.1,6,3,2,1,3,0,7,0,0,0,31,172,4.23,1.227,7.4,1.2,3.7,8.6,2.33,,BAL
32,Carson Ragsdale,27,,-0.3,0,0,,14.40,2,0,1,0,0,0,5.0,10,8,8,1,1,0,4,0,0,0,25,30,4.74,2.200,18.0,1.8,1.8,7.2,4.00,,BAL
33,Luis Vázquez,25,,0.2,0,0,,0.00,4,0,4,0,0,0,4.1,3,0,0,0,1,0,0,0,0,0,14,,3.83,0.923,6.2,0.0,2.1,0.0,0.00,,BAL
34,Roansy Contreras,25,,0.2,0,0,,0.00,1,0,0,0,0,0,4.1,3,0,0,0,1,0,2,1,0,0,17,,3.60,0.923,6.2,0.0,2.1,4.2,2.00,,BAL
35,José Espada,28,,0.1,0,0,,0.00,1,0,1,0,0,0,3.0,1,0,0,0,0,0,4,0,0,0,9,,0.47,0.333,3.0,0.0,0.0,12.0,,,BAL
36,Cody Poteet,30,,-0.2,0,0,,16.88,1,0,0,0,0,0,2.2,6,5,5,0,2,0,1,0,0,0,16,27,4.64,3.000,20.3,0.0,6.8,3.4,0.50,,BAL
37,Emmanuel Rivera,29,,-0.2,0,0,,72.00,1,0,1,0,0,0,1.0,8,8,8,1,2,0,0,0,0,0,13,8,22.14,1.000,72.0,9.0,18.0,0.0,0.00,,BAL
38,Elvin Rodríguez,27,,-0.1,0,0,,18.00,1,0,1,0,0,0,1.0,3,2,2,2,0,0,1,0,0,0,6,31,27.14,3.000,27.0,18.0,0.0,9.0,,,BAL
39,Gary Sánchez,32,,-0.1,0,0,,36.00,1,0,1,0,0,0,1.0,2,4,4,1,1,0,0,1,0,0,7,15,22.14,3.000,18.0,9.0,9.0,0.0,0.00,,BAL
40,Jorge Mateo,30,,-0.2,0,0,,45.00,1,0,0,0,0,0,1.0,5,5,5,1,2,0,0,1,0,0,11,12,25.14,7.000,45.0,9.0,18.0,0.0,0.00,,BAL
41,Alex Jackson,29,,-0.1,0,0,,27.00,1,0,1,0,0,0,1.0,3,3,3,0,2,0,0,0,0,0,8,21,9.14,5.000,27.0,0.0,18.0,0.0,0.00,,BAL
1,Garrett Crochet*,26,SP,6.3,18,5,.783,2.59,32,32,0,1,1,0,205.1,165,62,59,24,46,0,255,3,3,7,814,159,2.89,1.028,7.2,1.1,2.0,11.2,5.54,"AS,CYA-2,MVP-8",BOS
2,Brayan Bello,26,SP,2.5,11,9,.550,3.35,29,28,0,1,0,0,166.2,147,71,62,16,59,0,124,13,0,5,700,123,4.19,1.236,7.9,0.9,3.2,6.7,2.10,,BOS
3,Lucas Giolito,30,SP,2.1,10,4,.714,3.41,26,26,0,0,0,0,145.0,131,62,55,17,56,0,121,1,0,4,613,120,4.17,1.290,8.1,1.1,3.5,7.5,2.16,,BOS
4,Walker Buehler,30,SP,-0.9,7,7,.500,5.45,23,22,1,0,0,0,112.1,120,72,68,22,55,0,84,9,0,0,508,75,5.89,1.558,9.6,1.8,4.4,6.7,1.53,,BOS
5,Hunter Dobbins,25,SP,0.4,4,1,.800,4.13,13,11,0,0,0,0,61.0,61,30,28,6,17,1,45,2,0,0,256,100,3.87,1.279,9.0,0.9,2.5,6.6,2.65,,BOS
6,Aroldis Chapman*,37,CL,3.5,5,3,.625,1.17,67,0,43,0,0,32,61.1,28,9,8,3,15,0,85,0,0,6,228,351,1.73,0.701,4.1,0.4,2.2,12.5,5.67,"AS,CYA-7,MVP-18",BOS
7,Garrett Whitlock,29,RP,2.4,7,3,.700,2.25,62,0,9,0,0,1,72.0,54,21,18,2,24,2,91,5,0,3,293,183,2.18,1.083,6.8,0.3,3.0,11.4,3.79,,BOS
8,Greg Weissert,30,RP,1.1,6,6,.500,2.82,72,0,11,0,0,4,67.0,57,27,21,6,21,1,57,3,0,1,278,146,3.67,1.164,7.7,0.8,2.8,7.7,2.71,,BOS
9,Brennan Bernardino*,33,RP,0.4,4,3,.571,3.14,55,3,12,0,0,1,51.2,39,23,18,1,26,5,43,3,0,3,224,132,3.41,1.258,6.8,0.2,4.5,7.5,1.65,,BOS
10,Justin Wilson*,37,RP,0.3,4,1,.800,3.35,61,0,3,0,0,0,48.1,48,22,18,3,20,3,57,2,0,3,207,123,2.95,1.407,8.9,0.6,3.7,10.6,2.85,,BOS
11,Richard Fitts,25,,-0.3,2,4,.333,5.00,11,10,0,0,0,0,45.0,43,27,25,11,16,0,40,3,1,1,195,83,5.80,1.311,8.6,2.2,3.2,8.0,2.50,,BOS
12,Tanner Houck,29,,-1.4,0,3,.000,8.04,9,9,0,0,0,0,43.2,57,41,39,10,17,0,32,5,0,2,203,51,6.16,1.695,11.7,2.1,3.5,6.6,1.88,,BOS
13,Sean Newcomb*,32,,-0.1,0,4,.000,3.95,12,5,5,0,0,0,41.0,55,24,18,3,17,0,41,2,0,2,190,105,3.48,1.756,12.1,0.7,3.7,9.0,2.41,,BOS
14,Zack Kelly,30,,-0.2,1,3,.250,4.58,28,0,5,0,0,0,35.1,35,21,18,3,12,1,35,3,0,1,152,90,3.53,1.330,8.9,0.8,3.1,8.9,2.92,,BOS
15,Chris Murphy*,27,,0.5,3,0,1.000,3.12,23,0,12,0,0,0,34.2,21,12,12,4,20,1,30,5,0,1,148,133,5.07,1.183,5.5,1.0,5.2,7.8,1.50,,BOS
16,Justin Slaten,27,,-0.2,2,4,.333,4.24,36,0,8,0,0,3,34.0,27,19,16,3,10,2,25,0,0,1,137,98,3.69,1.088,7.1,0.8,2.6,6.6,2.50,,BOS
17,Dustin May,27,,-0.3,1,4,.200,5.40,6,5,1,0,0,0,28.1,35,18,17,5,13,0,26,4,0,0,133,77,5.39,1.694,11.1,1.6,4.1,8.3,2.00,,BOS
18,Steven Matz*,34,,0.5,0,0,,2.08,21,0,2,0,0,1,21.2,17,6,5,4,2,0,12,1,0,1,82,201,4.84,0.877,7.1,1.7,0.8,5.0,6.00,,BOS
19,Connelly Early*,23,,0.6,1,2,.333,2.33,4,4,0,0,0,0,19.1,17,6,5,0,4,0,29,1,0,0,79,179,0.91,1.086,7.9,0.0,1.9,13.5,7.25,,BOS
20,Jordan Hicks,28,,-1.1,1,2,.333,8.20,21,0,8,0,0,2,18.2,25,20,17,3,12,1,15,4,0,6,97,51,6.19,1.982,12.1,1.4,5.8,7.2,1.25,,BOS
21,Cooper Criswell,28,,-0.1,1,0,1.000,3.57,7,1,5,0,0,1,17.2,23,10,7,3,5,0,9,0,0,0,80,117,5.17,1.585,11.7,1.5,2.5,4.6,1.80,,BOS
22,Luis Guerrero,24,,0.1,0,1,.000,4.15,13,0,6,0,0,0,17.1,9,8,8,0,14,0,10,0,0,0,72,101,4.40,1.327,4.7,0.0,7.3,5.2,0.71,,BOS
23,Payton Tolle*,22,,-0.3,0,1,.000,6.06,7,3,2,0,0,0,16.1,18,12,11,5,8,0,19,0,0,1,74,69,6.26,1.592,9.9,2.8,4.4,10.5,2.38,,BOS
24,Jorge Alcala,29,,-0.2,0,0,,3.31,19,0,7,0,0,0,16.1,19,11,6,4,8,0,18,0,1,3,76,127,5.58,1.653,10.5,2.2,4.4,9.9,2.25,,BOS
25,Liam Hendriks,36,,-0.3,0,2,.000,6.59,14,0,6,0,0,0,13.2,12,11,10,2,7,0,12,1,0,0,59,64,5.04,1.390,7.9,1.3,4.6,7.9,1.71,,BOS
26,Kyle Harrison*,23,,0.3,0,0,,3.00,3,2,0,0,0,0,12.0,14,4,4,0,5,0,13,1,0,1,56,141,2.47,1.583,10.5,0.0,3.8,9.8,2.60,,BOS
27,Josh Winckowski,27,,-0.1,0,1,.000,3.86,6,0,4,0,0,0,11.2,11,7,5,0,5,0,9,1,0,0,52,110,3.14,1.371,8.5,0.0,3.9,6.9,1.80,,BOS
28,Isaiah Campbell,27,,-0.1,0,0,,7.04,6,0,4,0,0,0,7.2,13,6,6,1,1,0,3,1,0,0,35,61,4.83,1.826,15.3,1.2,1.2,3.5,3.00,,BOS
29,José De León,32,,0.1,1,0,1.000,4.05,1,1,0,0,0,0,6.2,8,3,3,1,3,0,8,0,0,0,28,107,4.04,1.650,10.8,1.4,4.1,10.8,2.67,,BOS
30,Nick Burdi,32,,0.2,0,0,,0.00,4,0,2,0,0,0,5.1,5,0,0,0,2,0,5,0,0,1,21,,2.39,1.313,8.4,0.0,3.4,8.4,2.50,,BOS
31,Jovani Morán*,28,,-0.1,0,0,,6.75,2,0,1,0,0,0,4.0,5,3,3,0,3,0,5,0,0,0,20,66,2.89,2.000,11.3,0.0,6.8,11.3,1.67,,BOS
32,Michael Fulmer,32,,-0.1,0,0,,10.13,1,0,0,0,0,0,2.2,4,3,3,1,2,0,2,0,0,0,13,46,8.76,2.250,13.5,3.4,6.8,6.8,1.00,,BOS
33,Robert Stock,35,,-0.1,0,0,,10.13,2,0,1,0,0,0,2.2,4,3,3,1,4,0,1,0,0,0,15,46,11.76,3.000,13.5,3.4,13.5,3.4,0.25,,BOS
34,Nate Eaton,28,,0.0,0,0,,0.00,1,0,1,0,0,0,1.0,2,0,0,0,0,0,0,0,0,0,4,,3.14,2.000,18.0,0.0,0.0,0.0,,,BOS
35,Abraham Toro,28,,-0.1,0,0,,18.00,1,0,1,0,0,0,1.0,4,2,2,0,1,0,0,0,0,0,8,31,6.14,5.000,36.0,0.0,9.0,0.0,0.00,,BOS
1,Matthew Boyd*,34,SP,2.5,14,8,.636,3.21,31,31,0,0,0,0,179.2,154,69,64,19,42,0,154,9,0,2,718,120,3.65,1.091,7.7,1.0,2.1,7.7,3.67,AS,CHC
2,Colin Rea,34,SP,0.6,11,7,.611,3.95,32,27,3,0,0,1,159.1,155,73,70,20,44,0,127,6,0,2,662,97,4.11,1.249,8.8,1.1,2.5,7.2,2.89,,CHC
3,Shota Imanaga*,31,SP,1.5,9,8,.529,3.73,25,25,0,0,0,0,144.2,117,62,60,31,26,0,117,1,0,1,567,103,4.86,0.988,7.3,1.9,1.6,7.3,4.50,,CHC
4,Jameson Taillon,33,SP,1.3,11,7,.611,3.68,23,23,0,0,0,0,129.2,110,54,53,24,27,0,98,0,0,1,519,105,4.65,1.057,7.6,1.7,1.9,6.8,3.63,,CHC
5,Cade Horton,23,SP,2.0,11,4,.733,2.67,23,22,0,0,0,0,118.0,95,40,35,10,33,0,97,6,0,1,476,144,3.58,1.085,7.2,0.8,2.5,7.4,2.94,ROY-2,CHC
6,Ben Brown,25,SP,-1.6,5,8,.385,5.92,25,15,3,0,0,1,106.1,121,73,70,18,32,0,121,4,0,5,472,65,4.08,1.439,10.2,1.5,2.7,10.2,3.78,,CHC
7,Daniel Palencia,25,CL,0.6,1,6,.143,2.91,54,0,38,0,0,22,52.2,44,19,17,5,16,1,61,2,0,2,215,133,3.08,1.139,7.5,0.9,2.7,10.4,3.81,,CHC
8,Brad Keller,29,RP,1.4,4,2,.667,2.07,68,1,12,0,0,3,69.2,45,18,16,4,22,0,75,6,0,1,276,187,2.93,0.962,5.8,0.5,2.8,9.7,3.41,,CHC
9,Caleb Thielbar*,38,RP,1.1,3,4,.429,2.64,67,0,4,0,0,1,58.0,38,17,17,5,13,1,56,0,0,0,220,147,3.00,0.879,5.9,0.8,2.0,8.7,4.31,,CHC
10,Drew Pomeranz*,36,RP,0.9,2,2,.500,2.17,57,4,11,0,0,1,49.2,38,14,12,5,15,1,57,5,0,1,203,178,3.36,1.067,6.9,0.9,2.7,10.3,3.80,,CHC
11,Ryan Pressly,36,RP,-0.6,2,3,.400,4.35,44,0,17,0,0,5,41.1,46,24,20,6,17,0,28,2,0,0,182,89,5.05,1.524,10.0,1.3,3.7,6.1,1.65,,CHC
12,Chris Flexen,30,,0.4,5,1,.833,3.09,21,1,12,0,0,1,43.2,38,18,15,7,12,0,22,0,0,3,178,125,5.04,1.145,7.8,1.4,2.5,4.5,1.83,,CHC
13,Javier Assad,27,,0.4,4,1,.800,3.65,8,7,0,0,0,0,37.0,33,15,15,3,12,0,23,4,0,1,153,106,4.24,1.216,8.0,0.7,2.9,5.6,1.92,,CHC
14,Porter Hodge,24,,-0.9,2,2,.500,6.27,36,0,10,0,0,2,33.0,34,24,23,9,18,1,40,0,1,5,147,62,5.89,1.576,9.3,2.5,4.9,10.9,2.22,,CHC
15,Ryan Brasier,37,,-0.2,0,1,.000,4.50,28,1,4,0,0,0,26.0,27,13,13,2,5,0,20,0,0,0,105,87,3.17,1.231,9.3,0.7,1.7,6.9,4.00,,CHC
16,Justin Steele*,29,,0.1,3,1,.750,4.76,4,4,0,0,0,0,22.2,21,12,12,5,5,0,21,1,0,0,92,82,4.94,1.147,8.3,2.0,2.0,8.3,4.20,,CHC
17,Andrew Kittredge,35,,0.1,2,1,.667,3.32,23,0,8,0,0,5,21.2,15,9,8,3,3,0,32,0,0,0,82,118,2.40,0.831,6.2,1.2,1.2,13.3,10.67,,CHC
18,Julian Merryweather,33,,-0.5,0,1,.000,5.79,21,0,2,0,0,0,18.2,23,13,12,2,11,2,15,0,0,1,88,68,4.69,1.821,11.1,1.0,5.3,7.2,1.36,,CHC
19,Taylor Rogers*,34,,-0.2,1,0,1.000,5.09,17,0,4,0,0,0,17.2,18,10,10,4,4,0,19,1,0,0,75,77,4.78,1.245,9.2,2.0,2.0,9.7,4.75,,CHC
20,Nate Pearson,28,,-0.5,0,1,.000,9.20,11,0,4,0,0,0,14.2,22,15,15,2,10,1,7,1,0,1,75,43,6.20,2.182,13.5,1.2,6.1,4.3,0.70,,CHC
21,Jordan Wicks*,25,,-0.4,0,1,.000,6.28,8,0,5,0,0,1,14.1,24,12,10,2,1,0,13,0,0,0,67,63,3.34,1.744,15.1,1.3,0.6,8.2,13.00,,CHC
22,Aaron Civale,30,,0.3,1,0,1.000,2.08,5,0,2,0,0,1,13.0,7,3,3,3,0,0,14,3,0,0,50,191,4.67,0.538,4.8,2.1,0.0,9.7,,,CHC
23,Gavin Hollowell,27,,0.0,0,0,,4.82,7,0,4,0,0,0,9.1,9,5,5,1,7,0,10,0,0,1,43,83,4.64,1.714,8.7,1.0,6.8,9.6,1.43,,CHC
24,Génesis Cabrera*,28,,-0.4,0,0,,8.68,9,0,3,0,0,0,9.1,10,9,9,4,3,0,8,0,0,0,39,46,7.96,1.393,9.6,3.9,2.9,7.7,2.67,,CHC
25,Ethan Roberts,27,,-0.2,1,0,1.000,6.00,10,0,3,0,0,0,9.0,10,6,6,3,2,0,6,1,0,1,39,67,7.14,1.333,10.0,3.0,2.0,6.0,3.00,,CHC
26,Michael Soroka,27,,-0.1,0,0,,1.08,6,1,1,0,0,0,8.1,4,5,1,1,5,0,8,1,0,0,36,373,4.94,1.080,4.3,1.1,5.4,8.6,1.60,,CHC
27,Eli Morgan,29,,-0.4,0,1,.000,12.27,7,0,2,0,0,0,7.1,12,10,10,3,3,1,4,0,0,0,35,33,8.59,2.045,14.7,3.7,3.7,4.9,1.33,,CHC
28,Brooks Kriske,31,,0.2,0,0,,0.00,4,0,3,0,0,0,6.0,2,0,0,0,5,1,4,0,0,0,24,,4.30,1.167,3.0,0.0,7.5,6.0,0.80,,CHC
29,Tom Cosgrove*,29,,0.1,0,0,,2.25,2,0,2,0,0,0,4.0,3,1,1,0,1,0,3,0,0,0,16,188,2.39,1.000,6.8,0.0,2.3,6.8,3.00,,CHC
30,Jon Berti,35,,-0.1,0,0,,7.36,4,0,4,0,0,0,3.2,4,3,3,0,4,0,0,0,0,0,19,58,6.41,2.182,9.8,0.0,9.8,0.0,0.00,,CHC
31,Michael Fulmer,32,,0.1,0,0,,0.00,2,0,0,0,0,0,3.0,2,0,0,0,0,0,1,0,0,0,10,,2.47,0.667,6.0,0.0,0.0,3.0,,,CHC
32,Luke Little*,24,,-0.1,0,0,,3.38,2,0,0,0,0,0,2.2,1,2,1,0,6,0,4,0,0,0,15,131,6.89,2.625,3.4,0.0,20.3,13.5,0.67,,CHC
33,Reese McGuire,30,,0.0,0,0,,9.00,1,0,1,0,0,0,1.0,2,1,1,1,1,0,0,0,0,0,6,60,19.14,3.000,18.0,9.0,9.0,0.0,0.00,,CHC
1,Shane Smith,25,SP,2.3,7,8,.467,3.81,29,29,0,0,0,0,146.1,117,70,62,17,58,1,145,12,0,8,616,110,4.10,1.196,7.2,1.0,3.6,8.9,2.50,"AS,ROY-10",CHW
2,Davis Martin,28,SP,1.5,7,10,.412,4.10,26,25,0,0,0,0,142.2,136,74,65,20,48,1,104,6,2,2,601,102,4.64,1.290,8.6,1.3,3.0,6.6,2.17,,CHW
3,Sean Burke,25,SP,0.9,4,11,.267,4.22,28,22,0,0,0,0,134.1,131,76,63,23,63,0,133,6,0,2,596,99,4.92,1.444,8.8,1.5,4.2,8.9,2.11,,CHW
4,Jonathan Cannon,24,SP,-0.6,4,10,.286,5.82,22,17,1,0,0,0,103.2,116,69,67,19,38,1,86,6,1,2,466,72,5.13,1.486,10.1,1.6,3.3,7.5,2.26,,CHW
5,Adrian Houser,32,SP,3.0,6,2,.750,2.10,11,11,0,0,0,0,68.2,62,19,16,3,22,0,47,1,1,3,275,200,3.34,1.223,8.1,0.4,2.9,6.2,2.14,,CHW
6,Aaron Civale,30,SP,-0.2,2,7,.222,5.37,13,13,0,0,0,0,67.0,66,44,40,8,26,0,55,2,2,0,291,78,4.30,1.373,8.9,1.1,3.5,7.4,2.12,,CHW
7,Jordan Leasure,26,CL,0.7,5,6,.455,3.92,68,1,17,0,0,7,64.1,49,30,28,12,30,1,81,1,0,3,269,107,4.49,1.228,6.9,1.7,4.2,11.3,2.70,,CHW
8,Mike Vasil,25,RP,2.9,5,3,.625,2.50,47,3,17,0,0,4,101.0,74,32,28,8,52,5,82,8,2,4,423,168,4.32,1.248,6.6,0.7,4.6,7.3,1.58,,CHW
9,Brandon Eisert*,27,RP,0.4,3,8,.273,4.39,72,3,14,0,0,2,69.2,75,36,34,12,25,6,74,5,1,3,306,96,4.54,1.435,9.7,1.6,3.2,9.6,2.96,,CHW
10,Steven Wilson,30,RP,1.2,2,2,.500,3.42,59,0,23,0,0,2,55.1,50,21,21,7,22,2,51,3,0,2,241,123,4.29,1.301,8.1,1.1,3.6,8.3,2.32,,CHW
11,Tyler Gilbert*,31,RP,0.5,4,2,.667,3.88,46,5,7,0,0,1,51.0,40,24,22,5,24,3,49,2,0,2,215,108,4.02,1.255,7.1,0.9,4.2,8.6,2.04,,CHW
12,Tyler Alexander*,30,,0.7,2,9,.182,4.26,31,1,5,0,0,0,61.1,65,31,29,6,18,5,52,1,1,1,259,99,3.64,1.353,9.5,0.9,2.6,7.6,2.89,,CHW
13,Martín Pérez*,34,,1.2,1,6,.143,3.54,11,10,0,0,0,0,56.0,40,23,22,6,22,0,44,2,0,0,228,119,4.24,1.107,6.4,1.0,3.5,7.1,2.00,,CHW
14,Yoendrys Gómez,25,,0.1,2,2,.500,4.84,12,9,3,0,0,0,48.1,45,29,26,9,16,0,47,4,0,2,208,87,4.85,1.262,8.4,1.7,3.0,8.8,2.94,,CHW
15,Bryse Wilson,27,,-0.7,0,2,.000,6.65,20,5,8,0,0,0,47.1,67,37,35,11,19,0,28,2,0,0,224,63,6.30,1.817,12.7,2.1,3.6,5.3,1.47,,CHW
16,Grant Taylor,23,,0.0,2,4,.333,4.91,36,2,10,0,0,6,36.2,37,20,20,0,15,1,54,0,0,5,157,86,1.42,1.418,9.1,0.0,3.7,13.3,3.60,,CHW
17,Cam Booser*,33,,-0.5,2,4,.333,5.52,39,0,10,0,0,1,31.0,28,22,19,8,19,1,35,2,0,3,143,77,6.26,1.516,8.1,2.3,5.5,10.2,1.84,,CHW
18,Dan Altavilla,32,,0.8,0,1,.000,2.48,28,0,13,0,0,2,29.0,19,9,8,4,15,0,21,4,0,1,120,170,5.45,1.172,5.9,1.2,4.7,6.5,1.40,,CHW
19,Wikelman González,23,,0.2,1,0,1.000,2.66,16,0,6,0,0,0,20.1,13,9,6,1,12,0,25,0,0,0,87,160,3.09,1.230,5.8,0.4,5.3,11.1,2.08,,CHW
20,Fraser Ellard*,27,,0.0,1,2,.333,4.24,18,3,5,0,0,0,17.0,8,9,8,1,19,0,22,1,0,3,74,101,4.84,1.588,4.2,0.5,10.1,11.6,1.16,,CHW
21,Jared Shuster*,26,,-0.4,0,0,,8.04,12,2,4,0,0,0,15.2,27,15,14,0,5,2,12,2,0,1,82,53,2.94,2.043,15.5,0.0,2.9,6.9,2.40,,CHW
22,Penn Murfee,31,,-0.3,0,1,.000,7.82,15,0,4,0,0,0,12.2,19,11,11,3,5,0,13,1,0,0,63,55,5.58,1.895,13.5,2.1,3.6,9.2,2.60,,CHW
23,Owen White,25,,-0.2,0,0,,9.00,3,0,1,0,0,0,7.0,14,7,7,1,3,0,6,0,0,0,35,49,4.56,2.429,18.0,1.3,3.9,7.7,2.00,,CHW
24,Miguel Castro,30,,-0.1,0,0,,7.50,6,0,1,0,0,0,6.0,5,5,5,1,5,0,4,1,0,0,28,59,6.97,1.667,7.5,1.5,7.5,6.0,0.80,,CHW
25,Mike Clevinger,34,,-0.2,0,2,.000,7.94,8,0,3,0,0,0,5.2,5,5,5,0,8,0,3,0,0,1,31,56,6.31,2.294,7.9,0.0,12.7,4.8,0.38,,CHW
26,Bryan Hudson*,28,,-0.1,0,0,,5.79,4,0,0,0,0,0,4.2,7,3,3,2,1,0,6,0,0,0,21,78,6.78,1.714,13.5,3.9,1.9,11.6,6.00,,CHW
27,Caleb Freeman,27,,0.0,0,0,,5.40,5,0,3,0,0,0,3.1,5,2,2,1,1,0,3,0,0,0,16,86,6.14,1.800,13.5,2.7,2.7,8.1,3.00,,CHW
28,Korey Lee,26,,0.0,0,0,,3.00,2,0,2,0,0,0,3.0,4,1,1,0,2,0,0,0,0,0,14,156,5.14,2.000,12.0,0.0,6.0,0.0,0.00,,CHW
29,Vinny Capra,28,,-0.1,0,0,,6.00,3,0,3,0,0,0,3.0,5,4,2,1,0,0,1,0,0,0,15,78,6.80,1.667,15.0,3.0,0.0,3.0,,,CHW
30,Elvis Peguero,28,,-0.2,0,0,,13.50,2,1,0,0,0,0,2.0,4,3,3,0,2,0,3,0,0,0,11,37,3.14,3.000,18.0,0.0,9.0,13.5,1.50,,CHW
31,Jake Palisch*,26,,-0.1,0,0,,18.00,1,0,1,0,0,0,1.0,3,2,2,0,0,0,0,0,0,0,6,32,3.14,3.000,27.0,0.0,0.0,0.0,,,CHW
32,Jacob Amaya,26,,0.0,0,0,,0.00,1,0,1,0,0,0,1.0,0,0,0,0,0,0,0,0,0,0,3,,3.14,0.000,0.0,0.0,0.0,0.0,,,CHW
1,Brady Singer,28,SP,3.1,14,12,.538,4.03,32,32,0,0,0,0,169.2,150,80,76,19,60,0,163,14,0,3,716,113,3.98,1.238,8.0,1.0,3.2,8.6,2.72,,CIN
2,Andrew Abbott*,26,SP,5.6,10,7,.588,2.87,29,29,0,1,1,0,166.1,148,60,53,19,43,0,149,3,0,4,684,159,3.66,1.148,8.0,1.0,2.3,8.1,3.47,"AS,CYA-8",CIN
3,Nick Martinez,34,SP,2.3,11,14,.440,4.45,40,26,2,0,0,0,165.2,158,86,82,22,42,1,116,6,0,6,683,103,4.33,1.207,8.6,1.2,2.3,6.3,2.76,,CIN
4,Nick Lodolo*,27,SP,4.9,9,8,.529,3.33,29,28,0,2,1,0,156.2,138,60,58,22,31,1,156,13,1,2,642,137,3.81,1.079,7.9,1.3,1.8,9.0,5.03,,CIN
5,Hunter Greene,25,SP,4.4,7,4,.636,2.76,19,19,0,1,1,0,107.2,75,35,33,15,26,0,132,2,0,5,420,166,3.27,0.938,6.3,1.3,2.2,11.0,5.08,,CIN
6,Emilio Pagán,34,CL,2.0,2,4,.333,2.88,70,0,56,0,0,32,68.2,41,26,22,10,22,0,81,2,1,1,270,159,3.72,0.917,5.4,1.3,2.9,10.6,3.68,,CIN
7,Tony Santillan,28,RP,3.0,1,5,.167,2.44,80,0,16,0,0,7,73.2,53,23,20,7,29,0,75,5,0,4,301,188,3.72,1.113,6.5,0.9,3.5,9.2,2.59,,CIN
8,Scott Barlow,32,RP,0.7,6,3,.667,4.21,75,1,8,0,0,1,68.1,50,35,32,8,45,3,75,6,0,2,303,109,4.70,1.390,6.6,1.1,5.9,9.9,1.67,,CIN
9,Brent Suter*,35,RP,0.3,1,2,.333,4.52,48,3,19,0,0,0,67.2,69,38,34,11,18,1,53,2,0,2,291,101,4.57,1.286,9.2,1.5,2.4,7.0,2.94,,CIN
10,Graham Ashcraft,27,RP,0.3,8,5,.615,3.99,62,0,5,0,0,0,65.1,68,37,29,2,25,0,64,0,0,5,284,115,2.72,1.423,9.4,0.3,3.4,8.8,2.56,,CIN
11,Zack Littell,29,,0.8,2,0,1.000,4.39,10,10,0,0,0,0,53.1,46,28,26,10,11,0,41,2,0,1,222,105,4.77,1.069,7.8,1.7,1.9,6.9,3.73,,CIN
12,Chase Burns,22,,0.2,0,3,.000,4.57,13,8,1,0,0,0,43.1,41,25,22,5,16,0,67,0,0,0,188,101,2.65,1.315,8.5,1.0,3.3,13.9,4.19,,CIN
13,Lyon Richardson,25,,-0.2,0,3,.000,4.54,34,0,11,0,0,0,37.2,37,25,19,2,21,4,30,2,0,0,172,101,4.06,1.540,8.8,0.5,5.0,7.2,1.43,,CIN
14,Taylor Rogers*,34,,0.5,2,2,.500,2.45,40,0,4,0,0,0,33.0,29,15,9,3,19,2,34,2,0,0,146,188,4.17,1.455,7.9,0.8,5.2,9.3,1.79,,CIN
15,Ian Gibaut,31,,0.2,0,1,.000,4.62,25,0,5,0,0,0,25.1,26,13,13,3,8,0,15,0,0,0,109,100,4.44,1.342,9.2,1.1,2.8,5.3,1.88,,CIN
16,Connor Phillips,24,,0.7,5,0,1.000,2.88,21,0,5,0,0,0,25.0,11,9,8,3,12,0,32,2,0,2,98,160,3.82,0.920,4.0,1.1,4.3,11.5,2.67,,CIN
17,Luis Mey,24,,0.5,2,0,1.000,3.43,23,0,7,0,0,0,21.0,17,8,8,3,17,0,21,1,0,2,96,135,5.56,1.619,7.3,1.3,7.3,9.0,1.24,,CIN
18,Sam Moll*,33,,-0.5,1,0,1.000,6.38,23,0,3,0,0,0,18.1,16,16,13,4,10,0,22,0,0,4,81,73,5.21,1.418,7.9,2.0,4.9,10.8,2.20,,CIN
19,Carson Spiers,27,,0.0,0,2,.000,6.08,3,2,1,0,0,0,13.1,13,9,9,3,7,0,11,1,0,0,60,77,6.21,1.500,8.8,2.0,4.7,7.4,1.57,,CIN
20,Wade Miley*,38,,-0.1,1,0,1.000,6.75,3,2,1,0,0,0,12.0,15,9,9,3,6,0,7,1,0,0,55,69,6.97,1.750,11.3,2.3,4.5,5.3,1.17,,CIN
21,Zach Maxwell,24,,0.1,0,0,,4.50,8,0,1,0,0,0,10.0,10,5,5,3,4,0,13,0,0,0,43,105,5.64,1.400,9.0,2.7,3.6,11.7,3.25,,CIN
22,Yosver Zulueta,27,,-0.1,1,0,1.000,6.14,7,0,5,0,0,0,7.1,5,5,5,1,4,0,5,0,0,1,32,78,5.18,1.227,6.1,1.2,4.9,6.1,1.25,,CIN
23,Joe La Sorsa*,27,,-0.4,0,1,.000,10.80,5,0,2,0,0,0,6.2,13,9,8,4,2,0,2,0,0,0,33,44,11.24,2.250,17.6,5.4,2.7,2.7,1.00,,CIN
24,Chase Petty,22,,-0.8,0,3,.000,19.50,3,2,1,0,0,0,6.0,14,14,13,3,8,0,7,1,0,0,40,25,11.80,3.667,21.0,4.5,12.0,10.5,0.88,,CIN
25,Alexis Díaz,28,,-0.4,0,0,,12.00,6,0,2,0,0,0,6.0,8,8,8,4,5,0,3,2,0,0,33,40,14.30,2.167,12.0,6.0,7.5,4.5,0.60,,CIN
26,Randy Wynne,32,,0.0,0,0,,3.00,1,0,1,0,0,1,3.0,3,1,1,1,1,0,3,0,0,0,13,169,6.47,1.333,9.0,3.0,3.0,9.0,3.00,,CIN
27,Jose Trevino,32,,0.0,0,0,,3.86,2,0,2,0,0,0,2.1,4,1,1,0,1,0,1,0,0,0,12,135,3.56,2.143,15.4,0.0,3.9,3.9,1.00,,CIN
28,Reiver Sanmartin*,29,,0.0,0,0,,0.00,1,0,0,0,0,0,1.2,2,1,0,0,1,1,2,0,0,1,8,,2.54,1.800,10.8,0.0,5.4,10.8,2.00,,CIN
1,Tanner Bibee,26,SP,1.1,12,11,.522,4.24,31,31,0,2,1,0,182.1,170,93,86,27,54,1,162,10,1,3,762,99,4.34,1.229,8.4,1.3,2.7,8.0,3.00,,CLE
2,Gavin Williams,25,SP,3.8,12,5,.706,3.06,31,31,0,0,0,0,167.2,130,62,57,23,83,0,173,3,1,9,704,137,4.39,1.270,7.0,1.2,4.5,9.3,2.08,,CLE
3,Logan Allen*,26,SP,0.5,8,11,.421,4.25,30,29,0,0,0,0,156.2,157,84,74,18,62,1,122,6,0,4,676,98,4.37,1.398,9.0,1.0,3.6,7.0,1.97,,CLE
4,Slade Cecconi,26,SP,0.8,7,7,.500,4.30,23,23,0,0,0,0,132.0,125,66,63,24,32,1,109,3,1,3,545,97,4.64,1.189,8.5,1.6,2.2,7.4,3.41,,CLE
5,Luis Ortiz,26,SP,0.6,4,9,.308,4.36,16,16,0,0,0,0,88.2,80,44,43,12,42,0,96,1,0,0,382,96,4.18,1.376,8.1,1.2,4.3,9.7,2.29,,CLE
6,Emmanuel Clase,27,CL,0.7,5,3,.625,3.23,48,0,41,0,0,24,47.1,46,20,17,2,12,2,47,4,0,4,201,130,2.71,1.225,8.7,0.4,2.3,8.9,3.92,,CLE
7,Cade Smith,26,RP,0.9,8,5,.615,2.93,76,0,30,0,0,16,73.2,55,31,24,4,19,3,104,4,2,3,300,143,1.95,1.005,6.7,0.5,2.3,12.7,5.47,,CLE
8,Jakob Junis,32,RP,0.9,4,1,.800,2.97,57,0,9,0,0,0,66.2,64,24,22,5,18,2,55,4,0,0,274,141,3.45,1.230,8.6,0.7,2.4,7.4,3.06,,CLE
9,Hunter Gaddis,27,RP,1.2,2,2,.500,3.11,73,0,8,0,0,3,66.2,58,24,23,8,21,2,73,1,0,2,274,135,3.50,1.185,7.8,1.1,2.8,9.9,3.48,,CLE
10,Matt Festa,32,RP,-0.2,5,4,.556,4.12,63,0,5,0,0,0,54.2,44,29,25,4,15,2,56,5,1,1,226,102,3.14,1.079,7.2,0.7,2.5,9.2,3.73,,CLE
11,Joey Cantillo*,25,,1.4,5,3,.625,3.21,34,13,10,0,0,1,95.1,78,39,34,10,42,0,108,0,0,2,401,131,3.55,1.259,7.4,0.9,4.0,10.2,2.57,,CLE
12,Kolby Allard*,27,,1.3,2,2,.500,2.63,33,2,16,0,0,0,65.0,64,22,19,5,14,3,42,1,0,0,266,160,3.54,1.200,8.9,0.7,1.9,5.8,3.00,,CLE
13,Ben Lively,33,,0.9,2,2,.500,3.22,9,9,0,0,0,0,44.2,38,16,16,6,15,0,29,0,0,0,178,131,4.59,1.187,7.7,1.2,3.0,5.8,1.93,,CLE
14,Tim Herrin*,28,,-0.2,5,4,.556,4.85,54,0,4,0,0,0,42.2,37,23,23,5,30,2,45,6,0,2,194,87,5.08,1.570,7.8,1.1,6.3,9.5,1.50,,CLE
15,Parker Messick*,24,,1.2,3,1,.750,2.72,7,7,0,0,0,0,39.2,46,12,12,4,6,0,38,0,1,2,165,155,2.98,1.311,10.4,0.9,1.4,8.6,6.33,,CLE
16,Nic Enright,28,,1.0,2,1,.667,2.03,27,0,8,0,0,1,31.0,24,8,7,3,12,0,30,2,1,0,127,208,3.81,1.161,7.0,0.9,3.5,8.7,2.50,,CLE
17,Erik Sabrowski*,27,,0.8,0,1,.000,1.84,33,0,3,0,0,0,29.1,14,8,6,2,21,0,42,3,0,0,121,230,3.61,1.193,4.3,0.6,6.4,12.9,2.00,,CLE
18,Zak Kent,27,,0.1,1,0,1.000,4.58,12,0,11,0,0,0,17.2,17,10,9,1,8,0,16,1,1,3,76,93,3.59,1.415,8.7,0.5,4.1,8.2,2.00,,CLE
19,Paul Sewald,35,,-0.2,1,1,.500,4.70,18,0,3,0,0,2,15.1,14,9,8,3,4,0,18,0,0,0,62,91,4.11,1.174,8.2,1.8,2.3,10.6,4.50,,CLE
20,Carlos Hernández,28,,0.1,0,0,,3.86,5,0,4,0,0,0,7.0,4,3,3,0,3,0,3,0,0,1,27,114,3.56,1.000,5.1,0.0,3.9,3.9,1.00,,CLE
21,Triston McKenzie,27,,-0.2,0,0,,11.12,4,0,3,0,0,0,5.2,7,7,7,1,7,0,4,0,0,3,30,40,7.72,2.471,11.1,1.6,11.1,6.4,0.57,,CLE
22,Doug Nikhazy*,25,,-0.3,0,1,.000,13.50,2,1,1,0,0,0,4.0,5,6,6,0,6,0,5,0,0,1,23,34,5.14,2.750,11.3,0.0,13.5,11.3,0.83,,CLE
23,Austin Hedges,32,,0.0,0,0,,6.00,3,0,3,0,0,0,3.0,6,2,2,0,1,0,1,0,0,0,16,78,3.47,2.333,18.0,0.0,3.0,3.0,1.00,,CLE
24,Cody Bolton,27,,-0.1,0,0,,13.50,1,0,0,0,0,0,2.0,4,3,3,0,0,0,1,0,0,0,10,37,2.14,2.000,18.0,0.0,0.0,4.5,,,CLE
25,Will Wilson,26,,-0.1,0,0,,9.00,1,0,1,0,0,0,2.0,2,2,2,1,0,0,0,0,0,0,8,55,9.64,1.000,9.0,4.5,0.0,0.0,,,CLE
26,Andrew Walters,24,,-0.1,0,0,,13.50,2,0,0,0,0,0,1.1,2,2,2,1,0,0,2,0,0,0,6,39,9.89,1.500,13.5,6.8,0.0,13.5,,,CLE
1,Kyle Freeland*,32,SP,1.4,5,17,.227,4.98,31,31,0,0,0,0,162.2,193,105,90,22,38,2,124,6,0,2,709,98,4.18,1.420,10.7,1.2,2.1,6.9,3.26,,COL
2,Antonio Senzatela,30,SP,-0.4,4,15,.211,6.65,30,23,0,0,0,0,130.0,192,103,96,22,47,2,73,8,1,9,618,73,5.48,1.838,13.3,1.5,3.3,5.1,1.55,,COL
3,Germán Márquez,30,SP,-1.1,3,16,.158,6.70,26,26,0,0,0,0,126.1,168,106,94,23,48,1,83,6,0,6,591,73,5.47,1.710,12.0,1.6,3.4,5.9,1.73,,COL
4,Chase Dollander,23,SP,-0.3,2,12,.143,6.52,21,21,0,0,0,0,98.0,103,76,71,18,49,0,82,6,0,2,441,75,5.53,1.551,9.5,1.7,4.5,7.5,1.67,,COL
5,Tanner Gordon,27,SP,-0.1,6,8,.429,6.33,15,15,0,0,0,0,75.1,96,60,53,16,17,0,62,3,1,1,337,77,5.05,1.500,11.5,1.9,2.0,7.4,3.65,,COL
6,Bradley Blalock,24,SP,-1.6,2,6,.250,9.36,14,12,2,0,0,0,58.2,85,61,61,17,23,1,27,3,0,2,275,52,7.31,1.841,13.0,2.6,3.5,4.1,1.17,,COL
7,Seth Halvorsen,25,CL,0.2,1,2,.333,4.99,42,0,23,0,0,11,39.2,41,26,22,7,21,1,36,0,0,3,173,98,5.20,1.563,9.3,1.6,4.8,8.2,1.71,,COL
8,Jimmy Herget,31,RP,3.0,1,2,.333,2.48,59,0,9,0,0,0,83.1,72,24,23,6,26,1,81,7,2,2,347,196,3.32,1.176,7.8,0.6,2.8,8.7,3.12,,COL
9,Juan Mejia,24,RP,0.6,2,2,.500,3.96,55,0,16,0,0,1,61.1,52,34,27,6,25,1,68,6,0,2,261,123,3.71,1.255,7.6,0.9,3.7,10.0,2.72,,COL
10,Victor Vodnik,25,RP,1.8,4,3,.571,3.02,52,0,31,0,0,10,50.2,45,19,17,4,26,2,49,0,0,4,215,162,3.77,1.401,8.0,0.7,4.6,8.7,1.88,,COL
11,Tyler Kinley,34,RP,0.2,1,3,.250,5.66,49,0,15,0,0,3,47.2,42,33,30,5,27,4,51,2,0,5,214,86,4.18,1.448,7.9,0.9,5.1,9.6,1.89,,COL
12,Angel Chivilli,22,,-0.7,1,5,.167,7.06,43,0,7,0,0,0,58.2,76,49,46,13,23,1,43,6,0,4,275,69,6.03,1.688,11.7,2.0,3.5,6.6,1.87,,COL
13,Austin Gomber*,31,,-0.7,0,7,.000,7.49,12,12,0,0,0,0,57.2,82,51,48,16,17,0,34,1,0,4,272,65,6.50,1.717,12.8,2.5,2.7,5.3,2.00,,COL
14,Jake Bird,29,,0.5,4,1,.800,4.73,45,0,5,0,0,0,53.1,56,30,28,5,23,3,62,3,0,4,236,103,3.49,1.481,9.5,0.8,3.9,10.5,2.70,,COL
15,Ryan Rolison*,27,,-0.3,1,0,1.000,7.02,31,1,10,0,0,0,42.1,55,35,33,11,20,0,25,0,1,1,193,70,6.75,1.772,11.7,2.3,4.3,5.3,1.25,,COL
16,Anthony Molina,23,,-0.2,1,1,.500,7.27,17,1,5,0,0,0,34.2,52,30,28,12,6,0,24,2,1,1,160,67,6.94,1.673,13.5,3.1,1.6,6.2,4.00,,COL
17,Carson Palmquist*,24,,-0.7,0,4,.000,8.91,9,7,0,0,0,0,34.1,45,35,34,10,25,0,27,3,0,1,175,55,7.80,2.039,11.8,2.6,6.6,7.1,1.08,,COL
18,Zach Agnos,24,,-0.4,1,3,.250,6.61,30,0,14,0,0,4,31.1,31,25,23,5,17,0,19,0,0,2,138,74,5.62,1.532,8.9,1.4,4.9,5.5,1.12,,COL
19,Ryan Feltner,28,,0.6,0,2,.000,4.75,6,6,0,0,0,0,30.1,33,17,16,4,12,0,25,0,0,0,135,103,4.39,1.484,9.8,1.2,3.6,7.4,2.08,,COL
20,Jaden Hill,25,,0.5,1,1,.500,3.38,28,0,7,0,0,0,29.1,27,14,11,2,12,0,31,3,0,3,129,145,3.44,1.330,8.3,0.6,3.7,9.5,2.58,,COL
21,McCade Brown,24,,-0.2,0,5,.000,7.36,7,7,0,0,0,0,25.2,30,21,21,6,17,0,23,5,0,1,126,67,6.95,1.831,10.5,2.1,6.0,8.1,1.35,,COL
22,Luis Peralta*,24,,-0.8,1,3,.250,9.47,22,0,2,0,0,0,19.0,26,22,20,6,18,0,16,2,1,1,101,52,8.71,2.316,12.3,2.8,8.5,7.6,0.89,,COL
23,Scott Alexander*,35,,0.0,1,1,.500,6.06,19,0,4,0,0,0,16.1,20,11,11,4,7,0,6,1,0,0,72,82,7.05,1.653,11.0,2.2,3.9,3.3,0.86,,COL
24,Nick Anderson,34,,0.0,0,0,,6.14,12,0,2,0,0,0,14.2,17,10,10,3,2,0,10,0,0,0,61,81,4.84,1.295,10.4,1.8,1.2,6.1,5.00,,COL
25,Dugan Darnell,28,,0.3,1,0,1.000,3.86,9,0,4,0,0,0,11.2,10,5,5,1,7,0,5,0,0,0,48,129,5.19,1.457,7.7,0.8,5.4,3.9,0.71,,COL
26,Roansy Contreras,25,,-0.2,0,0,,8.64,4,0,1,0,0,0,8.1,9,8,8,3,1,0,4,0,0,0,34,58,7.22,1.200,9.7,3.2,1.1,4.3,4.00,,COL
27,Jacob Stallings,35,,0.0,0,0,,4.50,1,0,1,0,0,0,2.0,2,1,1,0,0,0,1,0,0,0,8,125,2.14,1.000,9.0,0.0,0.0,4.5,,,COL
28,Austin Nola,35,,-0.2,0,0,,72.00,1,0,1,0,0,0,1.0,8,8,8,2,0,0,0,0,0,0,11,9,29.14,8.000,72.0,18.0,0.0,0.0,,,COL
29,Kyle Farmer,34,,0.0,0,0,,9.00,1,0,1,0,0,0,1.0,3,1,1,1,0,0,0,0,0,0,5,71,16.14,3.000,27.0,9.0,0.0,0.0,,,COL
30,Alan Trejo,29,,0.0,0,0,,0.00,1,0,1,0,0,0,1.0,1,0,0,0,0,0,0,0,0,0,3,,3.14,1.000,9.0,0.0,0.0,0.0,,,COL
31,Lucas Gilbreath*,29,,0.0,0,0,,9.00,1,0,1,0,0,0,1.0,1,1,1,1,0,0,2,0,0,0,4,71,12.14,1.000,9.0,9.0,0.0,18.0,,,COL
1,Tarik Skubal*,28,SP,6.5,13,6,.684,2.21,31,31,0,1,1,0,195.1,141,55,48,18,33,0,241,5,2,3,748,187,2.45,0.891,6.5,0.8,1.5,11.1,7.30,"AS,CYA-1,MVP-5",DET
2,Jack Flaherty,29,SP,0.8,8,15,.348,4.64,31,31,0,0,0,0,161.0,147,85,83,23,59,1,188,5,0,4,681,89,3.85,1.280,8.2,1.3,3.3,10.5,3.19,,DET
3,Casey Mize,28,SP,1.6,14,6,.700,3.87,28,28,0,0,0,0,149.0,153,68,64,21,36,1,139,3,0,2,627,107,3.89,1.268,9.2,1.3,2.2,8.4,3.86,AS,DET
4,Keider Montero,24,SP,0.6,5,3,.625,4.37,20,12,1,0,0,0,90.2,95,46,44,16,31,0,72,2,0,2,389,95,4.93,1.390,9.4,1.6,3.1,7.1,2.32,,DET
5,Reese Olson,25,SP,1.7,4,4,.500,3.15,13,13,0,0,0,0,68.2,58,24,24,5,25,2,65,5,0,2,285,132,3.50,1.209,7.6,0.7,3.3,8.5,2.60,,DET
6,Will Vest,30,CL,1.6,6,5,.545,3.01,64,0,40,0,0,23,68.2,61,26,23,4,22,1,75,1,0,4,284,138,2.71,1.209,8.0,0.5,2.9,9.8,3.41,,DET
7,Tyler Holton*,29,RP,0.7,6,5,.545,3.66,70,6,6,0,0,0,78.2,65,34,32,15,17,1,64,0,0,3,312,113,4.64,1.042,7.4,1.7,1.9,7.3,3.76,,DET
8,Tommy Kahnle,35,RP,-0.2,1,5,.167,4.43,66,0,16,0,0,9,63.0,51,32,31,8,31,0,50,1,0,3,267,94,4.72,1.302,7.3,1.1,4.4,7.1,1.61,,DET
9,Brant Hurter*,26,RP,0.6,4,3,.571,2.43,43,4,5,0,0,2,63.0,57,26,17,4,27,3,68,11,0,2,277,171,3.61,1.333,8.1,0.6,3.9,9.7,2.52,,DET
10,Brenan Hanifee,27,RP,0.0,3,3,.500,3.00,54,0,11,0,0,0,60.0,65,31,20,3,14,2,40,2,0,2,260,139,3.25,1.317,9.8,0.5,2.1,6.0,2.86,,DET
11,Jackson Jobe,22,,0.4,4,1,.800,4.22,10,10,0,0,0,0,49.0,46,24,23,7,27,0,39,2,0,1,218,99,5.18,1.490,8.4,1.3,5.0,7.2,1.44,,DET
12,Chris Paddack,29,,-0.6,2,3,.400,6.32,12,7,3,0,0,1,47.0,51,33,33,14,10,0,29,0,0,2,198,66,6.41,1.298,9.8,2.7,1.9,5.6,2.90,,DET
13,Troy Melton,24,,0.9,3,2,.600,2.76,16,4,0,0,0,0,45.2,31,15,14,7,15,0,36,1,0,2,180,151,4.60,1.007,6.1,1.4,3.0,7.1,2.40,,DET
14,Charlie Morton,41,,-0.8,2,3,.400,7.09,9,9,0,0,0,0,39.1,40,31,31,7,23,1,47,5,1,2,184,59,5.19,1.602,9.2,1.6,5.3,10.8,2.04,,DET
15,Chase Lee,26,,0.2,4,1,.800,4.10,32,0,7,0,0,0,37.1,32,17,17,7,9,1,36,2,0,0,148,102,4.53,1.098,7.7,1.7,2.2,8.7,4.00,,DET
16,Sawyer Gipson-Long,27,,-0.9,0,2,.000,7.18,8,3,0,0,0,0,31.1,34,26,25,8,6,0,26,2,0,3,133,58,5.56,1.277,9.8,2.3,1.7,7.5,4.33,,DET
17,Rafael Montero,34,,0.2,1,1,.500,2.86,20,0,10,0,0,0,22.0,12,10,7,2,14,0,19,0,0,0,87,147,4.50,1.182,4.9,0.8,5.7,7.8,1.36,,DET
18,Beau Brieske,27,,-0.8,1,3,.250,6.55,22,1,9,0,0,1,22.0,24,20,16,5,12,1,16,0,0,2,103,64,6.27,1.636,9.8,2.0,4.9,6.5,1.33,,DET
19,John Brebbia,35,,-0.6,1,0,1.000,7.71,19,0,11,0,0,0,18.2,22,18,16,3,11,0,20,3,0,2,93,55,5.33,1.768,10.6,1.4,5.3,9.6,1.82,,DET
20,Kyle Finnegan,33,,0.8,3,0,1.000,1.50,16,0,4,0,0,4,18.0,9,3,3,1,4,0,23,0,0,1,66,281,1.97,0.722,4.5,0.5,2.0,11.5,5.75,,DET
21,Dietrich Enns*,34,,-0.2,1,1,.500,5.60,7,2,2,0,0,0,17.2,23,12,11,2,4,0,15,0,0,0,77,75,3.59,1.528,11.7,1.0,2.0,7.6,3.75,,DET
22,Dylan Smith,25,,0.3,1,0,1.000,1.38,7,0,5,0,0,0,13.0,6,2,2,0,5,0,4,3,0,0,48,307,4.37,0.846,4.2,0.0,3.5,2.8,0.80,,DET
23,Bailey Horn*,27,,0.4,0,1,.000,1.59,10,0,2,0,0,0,11.1,11,2,2,1,7,0,10,0,0,1,50,269,4.37,1.588,8.7,0.8,5.6,7.9,1.43,,DET
24,Carlos Hernández,28,,-0.4,0,0,,10.13,11,0,4,0,0,0,10.2,14,13,12,0,6,0,13,0,0,4,53,42,2.39,1.875,11.8,0.0,5.1,11.0,2.17,,DET
25,Sean Guenther*,29,,-0.1,0,1,.000,5.23,9,1,0,0,0,0,10.1,10,7,6,0,5,0,8,0,0,0,43,82,3.04,1.452,8.7,0.0,4.4,7.0,1.60,,DET
26,Kenta Maeda,37,,-0.2,0,0,,7.88,7,0,5,0,0,0,8.0,9,8,7,1,6,0,8,3,0,2,43,55,6.14,1.875,10.1,1.1,6.8,9.0,1.33,,DET
27,Matt Gage*,32,,0.2,0,0,,0.00,6,0,2,0,0,0,5.2,7,0,0,0,2,0,3,0,0,0,25,,3.14,1.588,11.1,0.0,3.2,4.8,1.50,,DET
28,Luke Jackson,33,,-0.1,0,0,,7.71,3,0,2,0,0,0,4.2,3,4,4,0,5,0,4,0,0,0,22,58,4.64,1.714,5.8,0.0,9.6,7.7,0.80,,DET
29,Paul Sewald,35,,0.0,0,0,,4.15,4,0,2,0,0,0,4.1,4,2,2,1,2,0,2,0,0,0,19,108,6.60,1.385,8.3,2.1,4.2,4.2,1.00,,DET
30,Jake Rogers,30,,0.1,0,0,,2.45,4,0,4,0,0,0,3.2,5,1,1,0,0,0,0,1,0,0,16,186,3.95,1.364,12.3,0.0,0.0,0.0,,,DET
31,Codi Heuer,28,,0.0,0,0,,5.40,2,0,1,0,0,0,3.1,3,2,2,2,2,0,4,0,0,1,16,85,10.34,1.500,8.1,5.4,5.4,10.8,2.00,,DET
32,Drew Sommers*,24,,-0.3,0,1,.000,18.00,4,0,2,0,0,0,3.0,7,6,6,1,3,0,3,1,0,0,19,26,9.47,3.333,21.0,3.0,9.0,9.0,1.00,,DET
33,Tyler Owens,24,,0.0,0,0,,3.00,3,0,2,0,0,0,3.0,3,1,1,0,3,0,1,0,0,0,15,155,5.47,2.000,9.0,0.0,9.0,3.0,0.33,,DET
34,José Urquidy,30,,-0.1,0,0,,7.71,2,0,0,0,0,0,2.1,4,2,2,0,3,0,3,0,0,0,14,62,4.42,3.000,15.4,0.0,11.6,11.6,1.00,,DET
35,Geoff Hartlieb,31,,-0.1,0,0,,9.00,2,0,1,0,0,0,2.0,3,2,2,1,2,0,1,0,0,0,11,54,11.64,2.500,13.5,4.5,9.0,4.5,0.50,,DET
36,Tanner Rainey,32,,-0.1,0,0,,13.50,2,0,1,0,0,0,2.0,1,3,3,0,3,0,2,0,1,0,10,36,5.64,2.000,4.5,0.0,13.5,9.0,0.67,,DET
37,Tomás Nido,31,,0.1,0,0,,0.00,1,0,1,0,0,0,1.2,0,0,0,0,0,0,0,1,0,0,6,,4.94,0.000,0.0,0.0,0.0,0.0,,,DET
38,Alex Lange,29,,0.0,0,0,,0.00,1,0,1,0,0,0,1.0,2,0,0,0,1,0,1,0,0,0,6,,4.14,3.000,18.0,0.0,9.0,9.0,1.00,,DET
39,Zach McKinstry,30,,0.0,0,0,,0.00,1,0,1,0,0,0,0.1,0,0,0,0,0,0,0,0,0,0,1,,3.14,0.000,0.0,0.0,0.0,0.0,,"AS,SS",DET
1,Framber Valdez*,31,SP,3.8,13,11,.542,3.66,31,31,0,2,0,0,192.0,171,82,78,15,68,0,187,7,1,12,802,114,3.37,1.245,8.0,0.7,3.2,8.8,2.75,,HOU
2,Hunter Brown,26,SP,6.1,12,9,.571,2.43,31,31,0,1,0,0,185.1,133,55,50,17,57,1,206,7,1,0,729,172,3.14,1.025,6.5,0.8,2.8,10.0,3.61,"AS,CYA-3",HOU
3,Ryan Gusto,26,SP,0.2,7,4,.636,4.92,24,14,2,0,0,0,86.0,95,50,47,13,28,0,87,3,0,0,379,85,4.16,1.430,9.9,1.4,2.9,9.1,3.11,,HOU
4,Colton Gordon*,26,SP,-0.3,6,4,.600,5.34,20,14,2,0,0,1,86.0,103,54,51,21,19,2,72,2,1,3,379,79,5.37,1.419,10.8,2.2,2.0,7.5,3.79,,HOU
5,Jason Alexander,32,SP,1.2,4,2,.667,3.66,14,13,1,0,0,1,71.1,68,32,29,12,21,0,60,3,0,1,301,115,4.65,1.248,8.6,1.5,2.6,7.6,2.86,,HOU
6,Lance McCullers Jr.,31,SP,-1.1,2,5,.286,6.51,16,13,2,0,0,0,55.1,61,45,40,10,39,0,61,7,0,1,274,65,5.77,1.807,9.9,1.6,6.3,9.9,1.56,,HOU
7,Josh Hader*,31,CL,2.3,6,2,.750,2.05,48,0,41,0,0,28,52.2,29,16,12,8,16,1,76,2,0,2,206,205,3.25,0.854,5.0,1.4,2.7,13.0,4.75,AS,HOU
8,Steven Okert*,33,RP,1.5,3,2,.600,3.01,68,1,7,0,0,1,71.2,45,25,24,6,19,1,84,2,0,0,276,139,2.76,0.893,5.7,0.8,2.4,10.5,4.42,,HOU
9,Bryan Abreu,28,RP,2.6,3,4,.429,2.28,70,0,19,0,0,7,71.0,51,18,18,4,31,0,105,4,0,4,296,184,2.39,1.155,6.5,0.5,3.9,13.3,3.39,,HOU
10,Bryan King*,28,RP,1.7,5,4,.556,2.78,68,0,11,0,0,2,68.0,60,21,21,10,11,0,69,4,0,3,275,151,3.68,1.044,7.9,1.3,1.5,9.1,6.27,,HOU
11,Kaleb Ort,33,RP,-0.1,2,2,.500,4.89,49,0,17,0,0,1,46.0,35,26,25,8,27,1,49,0,0,2,194,86,5.03,1.348,6.8,1.6,5.3,9.6,1.81,,HOU
12,Brandon Walter*,28,,1.3,1,3,.250,3.35,9,9,0,0,0,0,53.2,46,20,20,10,4,0,52,3,0,0,212,125,4.01,0.932,7.7,1.7,0.7,8.7,13.00,,HOU
13,Bennett Sousa*,30,,1.4,5,1,.833,2.84,44,0,13,0,0,4,50.2,37,18,16,4,15,0,59,0,0,4,199,148,2.72,1.026,6.6,0.7,2.7,10.5,3.93,,HOU
14,Ronel Blanco,31,,0.7,3,4,.429,4.10,9,9,0,0,0,0,48.1,37,22,22,7,20,0,48,0,0,0,199,103,4.27,1.179,6.9,1.3,3.7,8.9,2.40,,HOU
15,Cristian Javier,28,,0.1,2,4,.333,4.62,8,8,0,0,0,0,37.0,32,22,19,3,15,0,34,1,0,3,157,91,3.65,1.270,7.8,0.7,3.6,8.3,2.27,,HOU
16,Spencer Arrighetti,25,,0.1,1,5,.167,5.35,7,7,0,0,0,0,35.1,30,21,21,6,20,0,31,3,0,0,156,79,5.54,1.415,7.6,1.5,5.1,7.9,1.55,,HOU
17,Hayden Wesneski,27,,0.3,1,3,.250,4.50,6,6,0,0,0,0,32.0,29,16,16,7,6,0,29,1,0,0,131,94,4.82,1.094,8.2,2.0,1.7,8.2,4.83,,HOU
18,AJ Blubaugh,24,,0.8,3,1,.750,1.69,11,3,2,0,0,0,32.0,17,11,6,6,11,0,35,0,0,0,124,250,4.42,0.875,4.8,1.7,3.1,9.8,3.18,,HOU
19,Shawn Dubin,29,,-0.3,2,0,1.000,5.61,23,0,1,0,0,0,25.2,30,16,16,6,8,0,21,1,0,0,111,76,5.59,1.481,10.5,2.1,2.8,7.4,2.63,,HOU
20,Enyel De Los Santos,29,,0.4,3,0,1.000,4.03,22,0,3,0,0,0,22.1,22,10,10,5,6,0,24,0,0,0,91,105,4.70,1.254,8.9,2.0,2.4,9.7,4.00,,HOU
21,Tayler Scott,33,,-0.6,1,2,.333,7.36,18,0,1,0,0,0,18.1,21,16,15,3,14,0,17,1,0,0,90,58,5.86,1.909,10.3,1.5,6.9,8.3,1.21,,HOU
22,Luis Contreras,29,,-0.2,0,0,,6.75,9,0,4,0,0,0,12.0,11,9,9,2,8,0,13,0,0,1,54,64,5.14,1.583,8.3,1.5,6.0,9.8,1.63,,HOU
23,Jayden Murray,28,,0.5,0,0,,1.54,9,1,2,0,0,0,11.2,10,2,2,0,3,0,8,0,0,0,47,279,2.54,1.114,7.7,0.0,2.3,6.2,2.67,,HOU
24,Héctor Neris,36,,-0.3,0,1,.000,5.40,12,0,4,0,0,0,11.2,13,11,7,3,8,1,15,0,1,1,56,80,5.96,1.800,10.0,2.3,6.2,11.6,1.88,,HOU
25,Craig Kimbrel,37,,0.3,0,1,.000,2.45,13,0,5,0,0,0,11.0,9,4,3,2,6,0,16,0,0,0,46,176,4.23,1.364,7.4,1.6,4.9,13.1,2.67,,HOU
26,Nick Hernandez,30,,0.0,0,0,,5.06,10,0,6,0,0,0,10.2,12,6,6,3,8,0,11,0,0,0,52,85,6.98,1.875,10.1,2.5,6.8,9.3,1.38,,HOU
27,Logan VanWey,26,,-0.1,0,0,,5.06,9,0,3,0,0,0,10.2,15,7,6,2,3,0,7,1,0,0,49,85,5.39,1.688,12.7,1.7,2.5,5.9,2.33,,HOU
28,Luis Garcia,28,,0.1,1,0,1.000,3.52,2,2,0,0,0,0,7.2,3,3,3,2,1,0,7,1,0,0,28,124,5.48,0.522,3.5,2.3,1.2,8.2,7.00,,HOU
29,Forrest Whitley,27,,-0.3,0,0,,12.27,5,0,3,0,0,0,7.1,9,10,10,2,6,0,8,1,0,1,39,36,7.36,2.045,11.0,2.5,7.4,9.8,1.33,,HOU
30,Jordan Weems,32,,-0.2,0,1,.000,14.54,4,0,2,0,0,0,4.1,9,7,7,0,3,0,0,0,0,0,23,31,5.21,2.769,18.7,0.0,6.2,0.0,0.00,,HOU
31,Rafael Montero,34,,0.0,0,0,,4.50,3,0,2,0,0,0,4.0,3,2,2,0,2,0,5,0,0,0,16,101,2.14,1.250,6.8,0.0,4.5,11.3,2.50,,HOU
32,J.P. France,30,,0.1,1,0,1.000,2.25,2,0,1,0,0,0,4.0,2,1,1,0,2,0,5,0,0,0,16,203,2.14,1.000,4.5,0.0,4.5,11.3,2.50,,HOU
33,Chas McCormick*,30,,0.0,0,0,,6.00,3,0,3,0,0,0,3.0,3,2,2,0,2,0,1,2,0,0,15,78,6.47,1.667,9.0,0.0,6.0,3.0,0.50,,HOU
34,John Rooney*,28,,0.0,0,0,,6.75,1,0,0,0,0,0,1.1,1,1,1,1,1,0,2,0,0,0,6,79,12.14,1.500,6.8,6.8,6.8,13.5,2.00,,HOU
35,César Salazar,29,,0.0,0,0,,0.00,1,0,1,0,0,0,1.0,0,0,0,0,0,0,0,1,0,0,4,,6.14,0.000,0.0,0.0,0.0,0.0,,,HOU
36,Cooper Hummel,30,,-0.1,0,0,,36.00,1,0,1,0,0,0,1.0,5,4,4,1,0,0,0,1,0,0,9,16,19.14,5.000,45.0,9.0,0.0,0.0,,,HOU
1,Michael Wacha,33,SP,2.8,10,13,.435,3.86,31,31,0,0,0,0,172.2,166,74,74,15,45,0,126,4,0,2,716,106,3.66,1.222,8.7,0.8,2.3,6.6,2.80,,KCR
2,Seth Lugo,35,SP,1.7,8,7,.533,4.15,26,26,0,0,0,0,145.1,133,70,67,27,55,1,125,6,0,5,611,99,5.09,1.294,8.2,1.7,3.4,7.7,2.27,,KCR
3,Michael Lorenzen,33,SP,0.4,7,11,.389,4.64,27,26,0,0,0,0,141.2,149,76,73,25,39,0,127,6,0,12,606,89,4.59,1.327,9.5,1.6,2.5,8.1,3.26,,KCR
4,Noah Cameron*,25,SP,3.8,9,7,.563,2.99,24,24,0,0,0,0,138.1,109,46,46,18,43,1,114,3,0,3,556,137,4.18,1.099,7.1,1.2,2.8,7.4,2.65,ROY-4,KCR
5,Kris Bubic*,27,SP,3.1,8,7,.533,2.55,20,20,0,0,0,0,116.1,98,38,33,6,39,1,116,3,0,1,476,161,2.89,1.178,7.6,0.5,3.0,9.0,2.97,AS,KCR
6,Cole Ragans*,27,SP,0.2,3,3,.500,4.67,13,13,0,0,0,0,61.2,53,33,32,7,20,0,98,2,0,3,257,88,2.50,1.184,7.7,1.0,2.9,14.3,4.90,,KCR
7,Carlos Estévez,32,CL,2.1,4,5,.444,2.45,67,0,57,0,0,42,66.0,48,22,18,5,22,6,54,4,1,2,269,168,3.67,1.061,6.5,0.7,3.0,7.4,2.45,AS,KCR
8,Daniel Lynch IV*,28,RP,1.3,6,2,.750,3.06,57,2,8,0,0,1,67.2,66,24,23,8,26,1,45,6,0,1,289,135,4.76,1.360,8.8,1.1,3.5,6.0,1.73,,KCR
9,Angel Zerpa*,25,RP,0.3,5,2,.714,4.18,69,2,4,0,0,0,64.2,67,30,30,7,22,0,58,2,1,1,275,99,3.86,1.376,9.3,1.0,3.1,8.1,2.64,,KCR
10,John Schreiber,31,RP,0.4,3,3,.500,3.80,74,0,8,0,0,1,64.0,57,29,27,10,19,1,62,1,0,2,265,108,4.17,1.188,8.0,1.4,2.7,8.7,3.26,,KCR
11,Lucas Erceg,30,RP,1.5,8,4,.667,2.64,61,0,10,0,0,2,61.1,54,19,18,4,18,3,48,4,0,3,249,156,3.49,1.174,7.9,0.6,2.6,7.0,2.67,,KCR
12,Taylor Clarke,32,,1.0,1,1,.500,3.25,51,0,15,0,0,1,55.1,38,20,20,8,9,0,44,1,0,5,206,127,3.97,0.849,6.2,1.3,1.5,7.2,4.89,,KCR
13,Steven Cruz,26,,0.4,3,1,.750,3.74,47,0,9,0,0,0,45.2,36,20,19,5,18,1,38,1,0,1,189,110,4.14,1.182,7.1,1.0,3.5,7.5,2.11,,KCR
14,Jonathan Bowlan,28,,0.2,1,2,.333,3.86,34,1,7,0,0,0,44.1,37,21,19,6,17,0,46,0,0,1,180,107,3.97,1.218,7.5,1.2,3.5,9.3,2.71,,KCR
15,Ryan Bergert,25,,0.2,1,2,.333,4.43,8,8,0,0,0,0,40.2,37,21,20,4,17,1,39,0,0,1,174,93,3.75,1.328,8.2,0.9,3.8,8.6,2.29,,KCR
16,Sam Long*,29,,-0.7,2,3,.400,5.36,39,0,19,0,0,0,40.1,48,31,24,7,22,1,33,2,0,5,189,77,5.54,1.736,10.7,1.6,4.9,7.4,1.50,,KCR
17,Stephen Kolek,28,,1.1,1,2,.333,1.91,5,5,0,0,0,0,33.0,20,9,7,1,5,0,21,0,0,0,125,217,2.71,0.758,5.5,0.3,1.4,5.7,4.20,,KCR
18,Chris Stratton,34,,-0.4,0,0,,7.94,12,0,7,0,0,0,17.0,29,17,15,2,8,0,16,0,0,0,87,53,4.19,2.176,15.4,1.1,4.2,8.5,2.00,,KCR
19,Luinder Avila,23,,0.4,1,1,.500,1.29,13,0,9,0,0,0,14.0,7,2,2,0,6,0,16,0,0,0,56,327,2.14,0.929,4.5,0.0,3.9,10.3,2.67,,KCR
20,Bailey Falter*,28,,-0.7,0,2,.000,11.25,4,2,1,0,0,0,12.0,20,15,15,2,7,0,11,0,0,1,61,38,5.22,2.250,15.0,1.5,5.3,8.3,1.57,,KCR
21,Hunter Harvey,30,,0.7,1,0,1.000,0.00,12,0,1,0,0,0,10.2,6,0,0,0,1,0,11,0,0,0,39,,1.35,0.656,5.1,0.0,0.8,9.3,11.00,,KCR
22,Rich Hill*,45,,-0.1,0,2,.000,5.00,2,2,0,0,0,0,9.0,9,7,5,2,8,0,4,0,0,0,43,85,7.80,1.889,9.0,2.0,8.0,4.0,0.50,,KCR
23,Evan Sisk*,28,,0.1,0,0,,1.69,5,0,1,0,0,0,5.1,5,1,1,0,5,0,11,0,1,1,26,260,1.82,1.875,8.4,0.0,8.4,18.6,2.20,,KCR
24,Andrew Hoffmann,25,,-0.2,0,0,,3.86,3,0,2,0,0,0,4.2,7,6,2,1,4,0,5,0,0,1,26,115,6.35,2.357,13.5,1.9,7.7,9.6,1.25,,KCR
25,Trevor Richards,32,,-0.1,0,0,,12.00,3,0,2,0,0,0,3.0,7,4,4,0,2,0,2,0,0,3,18,38,3.80,3.000,21.0,0.0,6.0,6.0,1.00,,KCR
26,Luke Maile,34,,0.0,0,0,,0.00,1,0,1,0,0,0,1.0,0,0,0,0,1,0,0,0,0,0,4,,6.14,1.000,0.0,0.0,9.0,0.0,0.00,,KCR
27,Thomas Hatch,30,,-0.1,0,0,,18.00,1,0,1,0,0,0,1.0,2,2,2,1,0,0,1,0,0,0,5,31,14.14,2.000,18.0,9.0,0.0,9.0,,,KCR
1,Yusei Kikuchi*,34,SP,3.3,7,11,.389,3.99,33,33,0,0,0,0,178.1,180,87,79,24,74,3,174,3,0,8,772,107,4.23,1.424,9.1,1.2,3.7,8.8,2.35,AS,LAA
2,José Soriano,26,SP,2.4,10,11,.476,4.26,31,31,0,0,0,0,169.0,158,89,80,12,78,0,152,5,0,8,724,100,3.73,1.396,8.4,0.6,4.2,8.1,1.95,,LAA
3,Kyle Hendricks,35,SP,1.7,8,10,.444,4.76,31,31,0,0,0,0,164.2,167,92,87,25,43,3,114,5,0,0,695,90,4.60,1.275,9.1,1.4,2.4,6.2,2.65,,LAA
4,Tyler Anderson*,35,SP,2.0,2,8,.200,4.56,26,26,0,0,0,0,136.1,135,73,69,28,57,4,104,3,3,5,599,94,5.60,1.408,8.9,1.8,3.8,6.9,1.82,,LAA
5,Jack Kochanowicz,24,SP,-1.4,3,11,.214,6.81,23,23,0,0,0,0,111.0,136,89,84,21,58,4,72,7,1,4,512,63,6.05,1.748,11.0,1.7,4.7,5.8,1.24,,LAA
6,Kenley Jansen,37,CL,2.4,5,4,.556,2.59,62,0,47,0,0,29,59.0,37,18,17,8,19,2,57,1,3,0,234,165,3.98,0.949,5.6,1.2,2.9,8.7,3.00,,LAA
7,Reid Detmers*,25,RP,1.3,5,3,.625,3.96,61,0,7,0,0,3,63.2,58,29,28,6,25,4,80,2,0,2,266,108,3.12,1.304,8.2,0.8,3.5,11.3,3.20,,LAA
8,Brock Burke*,28,RP,1.5,7,1,.875,3.36,69,1,14,0,0,0,61.2,58,24,23,8,18,4,52,3,1,0,257,128,4.16,1.232,8.5,1.2,2.6,7.6,2.89,,LAA
9,Ryan Zeferjahn,27,RP,0.6,6,5,.545,4.74,62,1,7,0,0,2,57.0,49,31,30,12,35,3,73,4,0,3,257,90,5.36,1.474,7.7,1.9,5.5,11.5,2.09,,LAA
10,Connor Brogdon,30,RP,-0.2,3,2,.600,5.55,43,0,11,0,0,0,47.0,45,31,29,11,18,4,49,0,0,2,199,77,5.24,1.340,8.6,2.1,3.4,9.4,2.72,,LAA
11,José Fermín,23,,0.0,3,2,.600,4.46,40,0,3,0,0,0,34.1,25,21,17,8,23,2,39,1,1,1,152,97,5.99,1.398,6.6,2.1,6.0,10.2,1.70,,LAA
12,Caden Dana,21,,-0.4,0,4,.000,6.40,7,5,2,0,0,0,32.1,30,24,23,9,18,0,33,1,0,2,141,67,6.48,1.485,8.4,2.5,5.0,9.2,1.83,,LAA
13,Carson Fulmer,31,,0.0,0,0,,5.83,13,0,11,0,0,0,29.1,25,19,19,5,11,0,26,0,0,2,123,74,4.70,1.227,7.7,1.5,3.4,8.0,2.36,,LAA
14,Mitch Farris*,24,,-0.4,1,3,.250,6.66,5,5,0,0,0,0,24.1,24,19,18,4,11,0,24,1,0,1,107,65,4.78,1.438,8.9,1.5,4.1,8.9,2.18,,LAA
15,Hunter Strickland,36,,0.6,1,2,.333,3.27,19,0,6,0,0,1,22.0,17,9,8,2,10,2,14,0,0,1,91,132,4.41,1.227,7.0,0.8,4.1,5.7,1.40,,LAA
16,Sam Bachman,25,,-0.2,2,3,.400,6.20,23,0,5,0,0,0,20.1,22,15,14,1,10,0,18,1,0,2,94,70,3.63,1.574,9.7,0.4,4.4,8.0,1.80,,LAA
17,José Ureña,33,,0.2,0,0,,3.79,6,1,3,0,0,0,19.0,17,9,8,2,10,0,14,1,0,0,85,114,4.77,1.421,8.1,0.9,4.7,6.6,1.40,,LAA
18,Jake Eder*,26,,0.1,0,1,.000,4.91,8,0,7,0,0,0,18.1,15,10,10,3,9,1,15,1,0,3,78,88,5.26,1.309,7.4,1.5,4.4,7.4,1.67,,LAA
19,Luis García,38,,0.6,0,2,.000,2.00,20,0,2,0,0,2,18.0,16,5,4,0,8,1,17,0,0,2,74,217,2.58,1.333,8.0,0.0,4.0,8.5,2.13,,LAA
20,Víctor Mederos,24,,-0.2,0,2,.000,7.41,5,3,1,0,0,0,17.0,18,14,14,4,12,0,14,3,0,1,81,59,7.19,1.765,9.5,2.1,6.4,7.4,1.17,,LAA
21,Ryan Johnson,22,,-0.7,1,1,.500,7.36,14,0,4,0,0,1,14.2,24,15,12,4,5,1,16,0,0,0,72,59,5.52,1.977,14.7,2.5,3.1,9.8,3.20,,LAA
22,Héctor Neris,36,,-0.1,3,0,1.000,5.14,21,0,3,0,0,0,14.0,11,9,8,2,7,0,19,1,0,3,60,85,3.99,1.286,7.1,1.3,4.5,12.2,2.71,,LAA
23,Sam Aldegheri*,23,,-0.5,0,2,.000,7.90,4,2,0,0,0,0,13.2,20,14,12,3,10,0,12,4,0,1,73,55,7.31,2.195,13.2,2.0,6.6,7.9,1.20,,LAA
24,Andrew Chafin*,35,,0.5,0,0,,1.98,16,0,3,0,0,0,13.2,9,3,3,1,7,0,18,0,0,3,55,221,2.99,1.171,5.9,0.7,4.6,11.9,2.57,,LAA
25,Shaun Anderson,30,,-0.5,1,0,1.000,10.32,7,0,2,0,0,0,11.1,20,13,13,6,3,0,11,0,0,0,56,43,8.87,2.029,15.9,4.8,2.4,8.7,3.67,,LAA
26,Chase Silseth,25,,0.4,0,0,,1.64,10,0,0,0,0,0,11.0,10,2,2,1,6,1,13,1,0,1,49,269,3.86,1.455,8.2,0.8,4.9,10.6,2.17,,LAA
27,Garrett McDaniels*,25,,-0.2,0,0,,5.91,10,0,4,0,0,0,10.2,13,8,7,2,8,0,6,1,0,2,50,75,6.98,1.969,11.0,1.7,6.8,5.1,0.75,,LAA
28,Sammy Peralta*,27,,-0.5,0,1,.000,7.59,5,0,5,0,0,0,10.2,14,12,9,0,6,3,8,0,0,0,52,58,3.32,1.875,11.8,0.0,5.1,6.8,1.33,,LAA
29,Robert Stephenson,32,,0.3,2,0,1.000,2.70,12,0,0,0,0,0,10.0,7,4,3,1,3,1,10,1,1,1,42,163,3.64,1.000,6.3,0.9,2.7,9.0,3.33,,LAA
30,Ian Anderson,27,,-0.6,0,1,.000,11.57,7,0,4,0,0,0,9.1,17,13,12,2,7,1,8,0,0,2,51,38,6.46,2.571,16.4,1.9,6.8,7.7,1.14,,LAA
31,Michael Darrell-Hicks,27,,-0.2,1,0,1.000,9.39,6,0,2,0,0,0,7.2,10,8,8,1,4,0,6,1,0,1,38,47,5.22,1.826,11.7,1.2,4.7,7.0,1.50,,LAA
32,Ben Joyce,24,,-0.3,1,0,1.000,6.23,5,0,0,0,0,0,4.1,5,4,3,1,1,0,1,0,0,2,20,74,6.37,1.385,10.4,2.1,2.1,2.1,1.00,,LAA
33,Kevin Newman,31,,0.0,0,0,,6.75,2,0,2,0,0,0,4.0,4,3,3,2,0,0,0,0,0,0,16,69,9.64,1.000,9.0,4.5,0.0,0.0,,,LAA
34,Carl Edwards Jr.,33,,-0.1,0,0,,9.00,2,0,1,0,0,0,3.0,4,3,3,1,1,0,2,0,0,0,13,53,7.14,1.667,12.0,3.0,3.0,6.0,2.00,,LAA
35,Oswald Peraza,25,,-0.2,0,0,,30.86,2,0,1,0,0,0,2.1,9,8,8,1,0,0,0,1,0,0,16,16,9.99,3.857,34.7,3.9,0.0,0.0,,,LAA
36,Scott Kingery,31,,-0.2,0,0,,36.00,1,0,1,0,0,0,2.0,12,8,8,2,0,0,1,0,0,0,18,14,15.14,6.000,54.0,9.0,0.0,4.5,,,LAA
37,Touki Toussaint,29,,0.0,0,0,,9.00,1,0,1,0,0,0,2.0,4,2,2,0,1,0,3,0,0,0,11,56,1.64,2.500,18.0,0.0,4.5,13.5,3.00,,LAA
38,Niko Kavadas,26,,0.1,0,0,,0.00,1,0,1,0,0,0,1.2,3,0,0,0,1,0,1,0,0,0,9,,3.74,2.400,16.2,0.0,5.4,5.4,1.00,,LAA
39,José Quijada*,29,,0.1,0,0,,0.00,2,0,0,0,0,0,1.1,1,0,0,0,2,0,3,0,0,0,8,,3.14,2.250,6.8,0.0,13.5,20.3,1.50,,LAA
40,Logan Davidson,27,,0.0,0,0,,0.00,1,0,1,0,0,0,1.0,0,0,0,0,0,0,1,0,0,0,3,,1.14,0.000,0.0,0.0,0.0,9.0,,,LAA
41,Nicky Lopez,30,,0.0,0,0,,0.00,1,0,1,0,0,0,0.1,0,0,0,0,1,0,0,0,0,0,2,,12.14,3.000,0.0,0.0,27.0,0.0,0.00,,LAA
1,Yoshinobu Yamamoto,26,SP,4.9,12,8,.600,2.49,30,30,0,0,0,0,173.2,113,53,48,14,59,0,201,3,0,5,684,167,2.94,0.990,5.9,0.7,3.1,10.4,3.41,"AS,CYA-3",LAD
2,Clayton Kershaw*,37,SP,1.6,11,2,.846,3.36,23,22,0,0,0,0,112.2,102,46,42,8,35,0,84,2,1,5,463,124,3.55,1.216,8.1,0.6,2.8,6.7,2.40,AS,LAD
3,Dustin May,27,SP,-0.4,6,7,.462,4.85,19,18,0,0,0,0,104.0,97,60,56,16,43,3,97,8,0,1,451,86,4.74,1.346,8.4,1.4,3.7,8.4,2.26,,LAD
4,Tyler Glasnow,31,SP,1.9,4,3,.571,3.19,18,18,0,0,0,0,90.1,56,33,32,10,43,0,106,3,2,5,366,130,3.75,1.096,5.6,1.0,4.3,10.6,2.47,,LAD
5,Emmet Sheehan,25,SP,1.0,6,3,.667,2.82,15,12,0,0,0,0,73.1,49,29,23,7,22,0,89,2,0,2,291,147,2.93,0.968,6.0,0.9,2.7,10.9,4.05,,LAD
6,Shohei Ohtani,30,SP,1.1,1,1,.500,2.87,14,14,0,0,0,0,47.0,40,15,15,3,9,0,62,0,0,10,188,145,1.90,1.043,7.7,0.6,1.7,11.9,6.89,"AS,MVP-1,SS",LAD
7,Tanner Scott*,30,CL,-0.6,1,4,.200,4.74,61,0,33,0,0,23,57.0,54,33,30,11,18,2,60,4,0,2,238,88,4.70,1.263,8.5,1.7,2.8,9.5,3.33,,LAD
8,Jack Dreyer*,26,RP,1.3,3,2,.600,2.95,67,5,14,0,0,4,76.1,56,26,25,4,24,5,74,0,0,1,307,141,2.82,1.048,6.6,0.5,2.8,8.7,3.08,ROY-9,LAD
9,Anthony Banda*,31,RP,0.9,5,1,.833,3.18,71,1,15,0,0,0,65.0,45,23,23,8,34,6,61,2,0,7,268,131,4.52,1.215,6.2,1.1,4.7,8.4,1.79,,LAD
10,Alex Vesia*,29,RP,1.0,4,2,.667,3.02,68,0,11,0,0,5,59.2,37,21,20,9,22,3,80,5,0,3,237,138,3.77,0.989,5.6,1.4,3.3,12.1,3.64,,LAD
11,Kirby Yates,38,RP,-0.5,4,3,.571,5.23,50,0,15,0,0,3,41.1,38,26,24,9,17,0,52,1,0,1,178,80,4.76,1.331,8.3,2.0,3.7,11.3,3.06,,LAD
12,Ben Casparius,26,,-0.3,7,5,.583,4.64,46,3,6,0,0,2,77.2,78,41,40,8,21,0,71,3,0,1,333,90,3.57,1.275,9.0,0.9,2.4,8.2,3.38,,LAD
13,Justin Wrobleski*,24,,-0.1,5,5,.500,4.32,24,2,9,0,0,2,66.2,65,34,32,6,17,1,76,3,0,1,280,96,2.93,1.230,8.8,0.8,2.3,10.3,4.47,,LAD
14,Blake Snell*,32,,1.3,5,4,.556,2.35,11,11,0,0,0,0,61.1,51,21,16,3,26,1,72,0,0,7,254,177,2.69,1.255,7.5,0.4,3.8,10.6,2.77,,LAD
15,Landon Knack,27,,-0.1,3,2,.600,4.89,10,7,1,0,0,1,42.1,40,25,23,10,19,0,42,2,0,1,185,85,5.71,1.394,8.5,2.1,4.0,8.9,2.21,,LAD
16,Roki Sasaki,23,,0.3,1,1,.500,4.46,10,8,0,0,0,0,36.1,30,18,18,6,22,0,28,3,0,2,161,94,5.80,1.431,7.4,1.5,5.4,6.9,1.27,,LAD
17,Tony Gonsolin,31,,0.0,3,2,.600,5.00,7,7,0,0,0,0,36.0,33,21,20,9,18,0,38,3,0,1,157,84,6.02,1.417,8.3,2.3,4.5,9.5,2.11,,LAD
18,Matt Sauer,26,,-0.7,2,1,.667,6.37,10,1,4,0,0,1,29.2,35,23,21,6,8,0,24,2,0,1,129,66,5.16,1.449,10.6,1.8,2.4,7.3,3.00,,LAD
19,Luis García,38,,-0.2,2,0,1.000,5.27,28,0,12,0,0,0,27.1,34,17,16,1,16,4,24,0,0,6,126,80,3.61,1.829,11.2,0.3,5.3,7.9,1.50,,LAD
20,Blake Treinen,37,,-0.6,2,7,.222,5.40,32,0,9,0,0,2,26.2,30,18,16,4,19,4,36,2,0,1,129,78,4.75,1.838,10.1,1.4,6.4,12.2,1.89,,LAD
21,Lou Trivino,33,,0.0,2,1,.667,3.76,26,2,1,0,0,0,26.1,29,12,11,2,8,1,18,4,1,1,115,112,4.12,1.405,9.9,0.7,2.7,6.2,2.25,,LAD
22,Edgardo Henriquez,23,,0.4,2,1,.667,2.37,22,0,3,0,0,1,19.0,17,5,5,2,5,0,18,0,0,2,78,178,3.40,1.158,8.1,0.9,2.4,8.5,3.60,,LAD
23,Will Klein,25,,0.2,1,1,.500,2.35,14,0,5,0,0,0,15.1,14,6,4,0,10,0,21,2,0,0,70,181,2.74,1.565,8.2,0.0,5.9,12.3,2.10,,LAD
24,Michael Kopech,29,,0.2,0,0,,2.45,14,0,1,0,0,0,11.0,6,3,3,0,13,0,12,0,1,3,53,174,4.50,1.727,4.9,0.0,10.6,9.8,0.92,,LAD
25,Alexis Díaz,28,,-0.1,1,0,1.000,5.00,9,0,1,0,0,0,9.0,7,5,5,2,2,0,9,2,0,0,38,86,5.36,1.000,7.0,2.0,2.0,9.0,4.50,,LAD
26,Noah Davis,28,,-0.8,0,1,.000,19.50,5,0,2,0,0,0,6.0,10,14,13,3,5,0,8,4,0,0,35,23,11.47,2.500,15.0,4.5,7.5,12.0,1.60,,LAD
27,Evan Phillips,30,,0.4,0,0,,0.00,7,0,1,0,0,1,5.2,4,0,0,0,2,0,6,0,0,0,22,,2.08,1.059,6.4,0.0,3.2,9.5,3.00,,LAD
28,Kiké Hernández,33,,-0.4,0,0,,15.19,5,0,3,0,0,0,5.1,11,11,9,1,8,0,1,0,0,1,37,29,9.70,3.563,18.6,1.7,13.5,1.7,0.13,,LAD
29,Miguel Rojas,36,,-0.2,0,0,,12.60,4,0,4,0,0,0,5.0,11,7,7,3,2,0,0,1,0,0,28,35,12.74,2.600,19.8,5.4,3.6,0.0,0.00,,LAD
30,Bobby Miller,26,,-0.3,0,0,,12.60,2,1,1,0,0,0,5.0,11,7,7,2,2,1,7,1,0,0,28,35,7.34,2.600,19.8,3.6,3.6,12.6,3.50,,LAD
31,Yoendrys Gómez,25,,-0.2,0,0,,14.54,3,0,2,0,0,1,4.1,10,7,7,2,2,0,6,0,0,0,25,31,7.75,2.769,20.8,4.2,4.2,12.5,3.00,,LAD
32,Chris Stratton,34,,0.0,0,0,,6.75,3,0,2,0,0,0,4.0,3,3,3,2,2,0,6,0,0,0,17,67,8.14,1.250,6.8,4.5,4.5,13.5,3.00,,LAD
33,Brock Stewart,33,,-0.1,0,1,.000,4.91,4,0,1,0,0,0,3.2,6,2,2,0,2,0,3,1,0,0,20,93,3.95,2.182,14.7,0.0,4.9,7.4,1.50,,LAD
34,Ryan Loutos,26,,-0.2,0,0,,15.00,2,0,2,0,0,0,3.0,4,5,5,1,2,0,2,1,0,0,16,31,9.14,2.000,12.0,3.0,6.0,6.0,1.00,,LAD
35,Jack Little,27,,0.0,0,0,,6.00,2,0,2,0,0,0,3.0,4,2,2,0,1,0,2,1,0,0,14,77,3.80,1.667,12.0,0.0,3.0,6.0,2.00,,LAD
36,José Ureña,33,,0.1,0,0,,3.00,2,0,0,0,0,0,3.0,4,1,1,0,1,1,2,0,0,1,13,155,2.80,1.667,12.0,0.0,3.0,6.0,2.00,,LAD
37,Paul Gervase,25,,0.0,0,0,,4.50,1,0,0,0,0,0,2.0,2,1,1,0,1,0,2,0,0,0,9,109,2.64,1.500,9.0,0.0,4.5,9.0,2.00,,LAD
38,Andrew Heaney*,34,,-0.2,0,0,,13.50,1,0,0,0,0,0,2.0,4,3,3,1,1,0,2,0,0,0,11,36,9.14,2.500,18.0,4.5,4.5,9.0,2.00,,LAD
39,J.P. Feyereisen,32,,-0.3,0,1,.000,13.50,2,0,1,0,0,0,2.0,8,4,3,1,1,1,2,0,0,0,14,36,9.14,4.500,36.0,4.5,4.5,9.0,2.00,,LAD
40,Julian Fernández,29,,0.0,0,0,,9.00,1,0,1,0,0,0,2.0,2,2,2,1,1,0,1,0,0,0,9,55,10.14,1.500,9.0,4.5,4.5,4.5,1.00,,LAD
1,Sandy Alcantara,29,SP,0.1,11,12,.478,5.36,31,31,0,0,0,0,174.2,165,107,104,22,57,0,142,9,2,8,745,82,4.28,1.271,8.5,1.1,2.9,7.3,2.49,,MIA
2,Edward Cabrera,27,SP,2.8,8,7,.533,3.53,26,26,0,0,0,0,137.2,121,60,54,17,48,0,150,10,0,8,581,125,3.83,1.228,7.9,1.1,3.1,9.8,3.13,,MIA
3,Janson Junk,29,SP,1.0,6,4,.600,4.17,21,16,3,0,0,1,110.0,112,54,51,8,13,0,77,4,0,2,447,106,3.14,1.136,9.2,0.7,1.1,6.3,5.92,,MIA
4,Cal Quantrill,30,SP,-0.1,4,10,.286,5.50,24,24,0,0,0,0,109.2,122,69,67,17,30,0,82,5,0,3,470,80,4.61,1.386,10.0,1.4,2.5,6.7,2.73,,MIA
5,Eury Pérez,22,SP,1.2,7,6,.538,4.25,20,20,0,0,0,0,95.1,68,47,45,12,32,0,105,3,2,9,385,104,3.67,1.049,6.4,1.1,3.0,9.9,3.28,,MIA
6,Max Meyer,26,SP,0.0,3,5,.375,4.73,12,12,0,0,0,0,64.2,72,39,34,12,20,0,68,2,1,0,285,93,4.46,1.423,10.0,1.7,2.8,9.5,3.40,,MIA
7,Calvin Faucher,29,CL,0.8,4,4,.500,3.28,65,0,29,0,0,15,60.1,53,27,22,8,24,0,59,3,0,2,255,135,4.25,1.276,7.9,1.2,3.6,8.8,2.46,,MIA
8,Tyler Phillips,27,RP,1.8,2,1,.667,2.78,54,1,19,0,0,4,77.2,65,26,24,8,24,0,52,2,0,6,313,159,4.14,1.146,7.5,0.9,2.8,6.0,2.17,,MIA
9,Ronny Henriquez,25,RP,2.3,7,1,.875,2.22,69,0,9,0,0,7,73.0,53,23,18,8,27,2,98,4,2,2,303,199,3.15,1.096,6.5,1.0,3.3,12.1,3.63,,MIA
10,Lake Bachar,30,RP,0.7,8,2,.800,3.93,53,1,12,0,0,3,71.0,55,34,31,10,30,3,75,3,0,5,296,112,4.25,1.197,7.0,1.3,3.8,9.5,2.50,,MIA
11,Anthony Bender,30,RP,1.9,3,5,.375,2.16,51,0,12,0,0,4,50.0,32,13,12,3,21,2,42,2,0,1,204,205,3.62,1.060,5.8,0.5,3.8,7.6,2.00,,MIA
12,Valente Bellozo,25,,0.3,1,4,.200,4.65,32,6,12,0,0,0,81.1,85,44,42,15,23,0,54,4,1,0,348,95,5.20,1.328,9.4,1.7,2.5,6.0,2.35,,MIA
13,Cade Gibson*,27,,1.4,4,5,.444,2.63,44,1,10,0,0,0,54.2,44,18,16,3,21,3,43,6,0,6,230,168,3.76,1.189,7.2,0.5,3.5,7.1,2.05,,MIA
14,Ryan Weathers*,25,,0.6,2,2,.500,3.99,8,8,0,0,0,0,38.1,37,20,17,7,12,0,37,1,0,1,166,111,4.60,1.278,8.7,1.6,2.8,8.7,3.08,,MIA
15,George Soriano,26,,-1.0,2,0,1.000,8.35,24,0,12,0,0,1,36.2,46,36,34,10,19,1,36,2,1,3,173,53,6.44,1.773,11.3,2.5,4.7,8.8,1.89,,MIA
16,Josh Simpson*,27,,-1.2,4,2,.667,7.34,31,0,10,0,0,0,30.2,34,28,25,5,22,2,36,3,0,3,151,61,5.35,1.826,10.0,1.5,6.5,10.6,1.64,,MIA
17,Adam Mazur,24,,-0.2,0,4,.000,4.80,6,6,0,0,0,0,30.0,33,21,16,4,12,0,19,1,0,2,139,93,4.90,1.500,9.9,1.2,3.6,5.7,1.58,,MIA
18,Connor Gillispie,27,,-0.8,0,3,.000,8.65,6,6,0,0,0,0,26.0,32,26,25,6,11,0,23,1,0,1,123,51,5.75,1.654,11.1,2.1,3.8,8.0,2.09,,MIA
19,Anthony Veneziano*,27,,0.1,0,0,,4.71,24,1,3,0,0,0,21.0,25,11,11,4,10,0,20,1,0,1,100,95,5.28,1.667,10.7,1.7,4.3,8.6,2.00,,MIA
20,Jesús Tinoco,30,,-0.1,2,1,.667,5.12,20,0,8,0,0,4,19.1,17,12,11,1,8,1,10,0,0,0,80,87,4.01,1.293,7.9,0.5,3.7,4.7,1.25,,MIA
21,Ryan Gusto,26,,-0.6,0,3,.000,9.77,3,3,0,0,0,0,15.2,19,17,17,4,8,0,10,2,0,0,74,46,7.09,1.723,10.9,2.3,4.6,5.7,1.25,,MIA
22,Michael Petersen,31,,0.1,0,0,,3.97,11,0,2,0,0,0,11.1,11,8,5,2,5,2,12,0,0,1,51,114,4.64,1.412,8.7,1.6,4.0,9.5,2.40,,MIA
23,Luarbert Arias,24,,-0.4,0,0,,11.32,7,0,5,0,0,0,10.1,17,13,13,2,5,0,10,2,0,1,55,40,5.75,2.129,14.8,1.7,4.4,8.7,2.00,,MIA
24,Tyler Zuber,30,,-0.6,0,1,.000,11.70,9,0,3,0,0,0,10.0,14,13,13,3,6,1,11,0,0,0,50,39,6.64,2.000,12.6,2.7,5.4,9.9,1.83,,MIA
25,Javier Sanoja,22,,-0.5,0,0,,16.39,8,0,8,0,0,0,9.1,24,17,17,4,5,0,1,0,0,0,54,28,10.10,3.107,23.1,3.9,4.8,1.0,0.20,GG,MIA
26,Freddy Tarnok,26,,0.2,1,0,1.000,2.45,5,0,3,0,0,1,7.1,1,2,2,1,4,0,10,1,0,0,28,187,4.23,0.682,1.2,1.2,4.9,12.3,2.50,,MIA
27,Seth Martinez,30,,0.0,0,0,,5.40,6,0,0,0,0,0,6.2,4,4,4,2,3,0,4,0,1,0,27,86,7.19,1.050,5.4,2.7,4.1,5.4,1.33,,MIA
28,Patrick Monteverde*,27,,-0.1,0,0,,9.82,1,0,0,0,0,0,3.2,9,4,4,0,1,0,4,0,0,0,20,49,1.77,2.727,22.1,0.0,2.5,9.8,4.00,,MIA
29,Christian Roa,26,,0.2,0,0,,0.00,2,0,1,0,0,0,3.0,1,0,0,0,3,0,3,0,0,0,12,,4.14,1.333,3.0,0.0,9.0,9.0,1.00,,MIA
30,Xzavion Curry,26,,-0.3,0,1,.000,6.00,3,0,1,0,0,0,3.0,4,4,2,0,3,0,1,0,0,0,16,82,5.47,2.333,12.0,0.0,9.0,3.0,0.33,,MIA
31,Robinson Piña,26,,0.0,0,0,,9.00,1,0,0,0,0,0,1.0,1,1,1,1,0,0,0,0,0,0,4,66,16.14,1.000,9.0,9.0,0.0,0.0,,,MIA
1,Freddy Peralta,29,SP,5.5,17,6,.739,2.70,33,33,0,0,0,0,176.2,124,54,53,21,66,0,204,9,2,4,723,154,3.64,1.075,6.3,1.1,3.4,10.4,3.09,"AS,CYA-5",MIL
2,Quinn Priester,24,SP,2.9,13,3,.813,3.32,29,24,2,0,0,0,157.1,145,62,58,18,50,0,132,6,0,4,653,125,4.01,1.239,8.3,1.0,2.9,7.6,2.64,,MIL
3,Jose Quintana*,36,SP,1.3,11,7,.611,3.96,24,24,0,0,0,0,131.2,120,65,58,18,50,0,89,5,1,1,556,105,4.81,1.291,8.2,1.2,3.4,6.1,1.78,,MIL
4,Chad Patrick,26,SP,1.9,3,8,.273,3.53,27,23,0,0,0,0,119.2,113,49,47,13,40,1,127,4,0,1,503,117,3.53,1.279,8.5,1.0,3.0,9.6,3.18,ROY-7,MIL
5,Jacob Misiorowski,23,SP,0.5,5,3,.625,4.36,15,14,0,0,0,0,66.0,51,34,32,8,31,0,87,3,0,1,273,95,3.62,1.242,7.0,1.1,4.2,11.9,2.81,"AS,ROY-11",MIL
6,Brandon Woodruff,32,SP,1.2,7,2,.778,3.20,12,12,0,0,0,0,64.2,45,26,23,9,14,0,83,3,0,1,257,130,3.17,0.912,6.3,1.3,1.9,11.6,5.93,,MIL
7,Trevor Megill,31,CL,1.5,6,3,.667,2.49,50,0,44,0,0,30,47.0,36,16,13,3,17,3,60,0,0,2,192,168,2.50,1.128,6.9,0.6,3.3,11.5,3.53,AS,MIL
8,Abner Uribe,25,RP,2.7,3,2,.600,1.67,75,0,15,0,0,7,75.1,51,18,14,4,27,2,90,6,1,5,298,249,2.75,1.035,6.1,0.5,3.2,10.8,3.33,,MIL
9,Grant Anderson,28,RP,0.3,2,6,.250,3.23,66,0,19,0,0,0,69.2,59,35,25,8,29,3,74,2,0,0,299,129,3.84,1.263,7.6,1.0,3.7,9.6,2.55,,MIL
10,Jared Koenig*,31,RP,1.5,6,1,.857,2.86,72,0,8,0,0,2,66.0,57,21,21,6,20,1,68,4,0,1,268,145,3.35,1.167,7.8,0.8,2.7,9.3,3.40,,MIL
11,Nick Mears,28,RP,0.5,5,3,.625,3.49,63,0,4,0,0,1,56.2,42,25,22,7,13,1,46,1,0,2,221,119,3.86,0.971,6.7,1.1,2.1,7.3,3.54,,MIL
12,Aaron Ashby*,27,,1.9,5,2,.714,2.16,43,1,9,0,0,3,66.2,54,16,16,3,24,0,76,4,0,6,270,193,2.70,1.170,7.3,0.4,3.2,10.3,3.17,,MIL
13,Tobias Myers,26,,0.6,1,2,.333,3.55,22,6,8,0,0,0,50.2,54,21,20,5,15,0,38,2,1,0,220,117,3.92,1.362,9.6,0.9,2.7,6.8,2.53,,MIL
14,DL Hall*,26,,0.6,1,0,1.000,3.49,20,3,2,0,0,0,38.2,24,15,15,2,17,0,27,0,0,0,155,120,3.73,1.060,5.6,0.5,4.0,6.3,1.59,,MIL
15,Tyler Alexander*,30,,-1.2,3,5,.375,6.19,21,4,7,0,0,1,36.1,42,31,25,3,12,0,30,1,1,0,164,68,3.63,1.486,10.4,0.7,3.0,7.4,2.50,,MIL
16,Logan Henderson,23,,1.0,3,0,1.000,1.78,5,5,0,0,0,0,25.1,17,5,5,3,8,0,33,0,0,0,99,236,3.02,0.987,6.0,1.1,2.8,11.7,4.13,,MIL
17,Joel Payamps,31,,-0.6,0,1,.000,7.23,28,0,11,0,0,1,23.2,29,19,19,3,9,1,22,2,0,0,108,58,4.32,1.606,11.0,1.1,3.4,8.4,2.44,,MIL
18,Rob Zastryzny*,33,,0.5,2,1,.667,2.45,26,1,4,0,0,0,22.0,16,7,6,3,10,3,20,1,0,2,93,171,4.59,1.182,6.5,1.2,4.1,8.2,2.00,,MIL
19,Aaron Civale,30,,0.1,1,2,.333,4.91,5,5,0,0,0,0,22.0,23,12,12,5,7,1,19,2,0,0,94,86,5.59,1.364,9.4,2.0,2.9,7.8,2.71,,MIL
20,Elvin Rodríguez,27,,-0.6,0,2,.000,8.68,6,2,3,0,0,0,18.2,23,18,18,7,7,0,17,1,0,0,84,49,7.47,1.607,11.1,3.4,3.4,8.2,2.43,,MIL
21,Erick Fedde,32,,0.1,0,1,.000,3.38,7,0,1,0,0,0,16.0,11,7,6,2,7,0,7,0,0,0,66,125,5.20,1.125,6.2,1.1,3.9,3.9,1.00,,MIL
22,Easton McGee,27,,0.0,0,0,,5.52,9,0,8,0,0,0,14.2,15,9,9,1,5,1,13,0,0,0,62,77,3.27,1.364,9.2,0.6,3.1,8.0,2.60,,MIL
23,Bryan Hudson*,28,,-0.2,0,1,.000,4.35,12,0,2,0,0,0,10.1,8,7,5,0,12,2,13,2,1,0,54,98,4.68,1.935,7.0,0.0,10.5,11.3,1.08,,MIL
24,Carlos Rodríguez,23,,-0.2,1,0,1.000,6.52,4,0,3,0,0,0,9.2,13,7,7,1,9,0,11,0,0,1,50,66,5.00,2.276,12.1,0.9,8.4,10.2,1.22,,MIL
25,Shelby Miller,34,,-0.1,1,0,1.000,5.59,11,0,2,0,0,0,9.2,9,6,6,2,4,1,14,1,0,1,43,77,4.48,1.345,8.4,1.9,3.7,13.0,3.50,,MIL
26,Craig Yoho,25,,-0.2,0,0,,7.27,8,0,2,0,0,0,8.2,8,7,7,1,9,0,7,1,0,0,41,59,6.48,1.962,8.3,1.0,9.3,7.3,0.78,,MIL
27,Nestor Cortes*,30,,-0.3,1,1,.500,9.00,2,2,0,0,0,0,8.0,7,8,8,5,7,0,8,0,0,0,38,48,11.89,1.750,7.9,5.6,7.9,9.0,1.14,,MIL
28,Elvis Peguero,28,,-0.2,0,0,,4.91,6,0,2,0,0,0,7.1,8,6,4,1,4,0,5,1,0,1,36,89,5.59,1.636,9.8,1.2,4.9,6.1,1.25,,MIL
29,Bruce Zimmermann*,30,,-0.2,0,1,.000,7.50,1,1,0,0,0,0,6.0,7,6,5,2,2,0,1,0,0,0,28,59,8.14,1.500,10.5,3.0,3.0,1.5,0.50,,MIL
30,Robert Gasser*,26,,-0.3,0,2,.000,3.18,2,2,0,0,0,0,5.2,5,6,2,1,4,0,5,2,0,0,29,139,6.84,1.588,7.9,1.6,6.4,7.9,1.25,,MIL
31,Connor Thomas*,27,,-0.5,0,0,,20.25,2,0,0,0,0,0,5.1,12,12,12,3,2,0,5,1,0,0,31,22,10.26,2.625,20.3,5.1,3.4,8.4,2.50,,MIL
32,Jake Bauers*,29,,-0.1,0,0,,3.60,5,0,5,0,0,0,5.0,8,4,2,0,3,0,1,2,0,0,29,123,5.74,2.200,14.4,0.0,5.4,1.8,0.33,,MIL
33,Anthony Seigler,26,,0.0,0,0,,0.00,1,0,1,0,0,0,1.0,1,0,0,0,0,0,0,0,0,0,4,,3.14,1.000,9.0,0.0,0.0,0.0,,,MIL
1,Joe Ryan,29,SP,4.5,13,10,.565,3.42,31,30,0,0,0,0,171.0,138,69,65,26,39,0,194,12,2,0,689,125,3.74,1.035,7.3,1.4,2.1,10.2,4.97,AS,MIN
2,Bailey Ober,29,SP,1.1,6,9,.400,5.10,27,27,0,1,0,0,146.1,159,84,83,30,31,0,120,5,2,1,624,84,4.90,1.298,9.8,1.8,1.9,7.4,3.87,,MIN
3,Simeon Woods Richardson,24,SP,2.2,7,4,.636,4.04,23,22,0,0,0,0,111.1,96,53,50,17,46,0,107,3,1,4,471,106,4.52,1.275,7.8,1.4,3.7,8.6,2.33,,MIN
4,Chris Paddack,29,SP,0.9,3,9,.250,4.95,21,21,0,0,0,0,111.0,115,65,61,17,27,0,83,3,0,3,472,86,4.44,1.279,9.3,1.4,2.2,6.7,3.07,,MIN
5,Zebby Matthews,25,SP,0.2,5,6,.455,5.56,16,16,0,0,0,0,79.1,94,50,49,12,24,0,88,0,0,2,354,77,3.79,1.487,10.7,1.4,2.7,10.0,3.67,,MIN
6,Pablo López,29,SP,2.1,5,4,.556,2.74,14,14,0,0,0,0,75.2,64,28,23,6,20,0,73,4,2,1,312,156,3.19,1.110,7.6,0.7,2.4,8.7,3.65,,MIN
7,Jhoan Duran,27,CL,2.3,6,4,.600,2.01,49,0,36,0,0,16,49.1,40,13,11,1,18,4,53,3,0,2,206,214,2.53,1.176,7.3,0.2,3.3,9.7,2.94,,MIN
8,Cole Sands,27,RP,0.4,4,6,.400,4.50,69,3,18,0,0,3,72.0,65,41,36,7,19,2,64,4,0,3,299,95,3.58,1.167,8.1,0.9,2.4,8.0,3.37,,MIN
9,Justin Topa,34,RP,0.4,1,5,.167,3.90,54,1,17,0,0,4,60.0,68,32,26,2,18,3,49,4,0,0,268,110,3.04,1.433,10.2,0.3,2.7,7.4,2.72,,MIN
10,Louis Varland,27,RP,1.8,3,3,.500,2.02,51,0,7,0,0,0,49.0,41,14,11,3,13,1,47,2,0,0,197,212,2.93,1.102,7.5,0.6,2.4,8.6,3.62,,MIN
11,Griffin Jax,30,RP,0.2,1,5,.167,4.50,50,0,3,0,0,0,46.0,46,24,23,4,13,2,72,1,0,0,198,95,2.05,1.283,9.0,0.8,2.5,14.1,5.54,,MIN
12,David Festa,25,,0.3,3,4,.429,5.40,11,10,0,0,0,0,53.1,49,35,32,10,19,0,53,4,0,1,229,79,4.88,1.275,8.3,1.7,3.2,8.9,2.79,,MIN
13,Kody Funderburk*,28,,0.7,4,1,.800,3.51,39,0,11,0,0,1,41.0,44,17,16,2,18,1,40,3,1,5,183,122,3.35,1.512,9.7,0.4,4.0,8.8,2.22,,MIN
14,Brock Stewart,33,,1.4,2,1,.667,2.38,39,0,2,0,0,0,34.0,26,9,9,3,11,2,41,3,0,1,139,181,3.11,1.088,6.9,0.8,2.9,10.9,3.73,,MIN
15,Travis Adams,25,,-0.9,1,4,.200,7.49,18,2,3,0,0,0,33.2,39,29,28,6,17,0,31,3,0,5,158,57,5.39,1.663,10.4,1.6,4.5,8.3,1.82,,MIN
16,Thomas Hatch,30,,-0.1,2,1,.667,5.45,11,1,3,0,0,0,33.0,38,21,20,6,17,2,21,0,0,0,147,79,5.77,1.667,10.4,1.6,4.6,5.7,1.24,,MIN
17,Taj Bradley,24,,-0.3,0,2,.000,6.61,6,6,0,0,0,0,31.1,32,23,23,6,12,0,32,0,1,3,134,65,4.73,1.404,9.2,1.7,3.4,9.2,2.67,,MIN
18,Danny Coulombe*,35,,1.6,1,0,1.000,1.16,40,1,7,0,0,2,31.0,21,4,4,0,9,0,31,0,0,1,122,371,2.01,0.968,6.1,0.0,2.6,9.0,3.44,,MIN
19,Pierson Ohl,25,,-0.4,0,3,.000,5.10,14,3,3,0,0,0,30.0,38,22,17,5,7,0,27,0,0,0,133,84,4.20,1.500,11.4,1.5,2.1,8.1,3.86,,MIN
20,Jorge Alcala,29,,-0.8,0,2,.000,8.88,22,0,8,0,0,0,24.1,29,25,24,5,15,0,28,1,0,3,114,49,5.48,1.808,10.7,1.8,5.5,10.4,1.87,,MIN
21,Michael Tonkin,35,,0.2,2,1,.667,4.88,21,0,7,0,0,0,24.0,20,13,13,3,8,0,19,5,0,1,103,89,4.80,1.167,7.5,1.1,3.0,7.1,2.38,,MIN
22,José Ureña,33,,0.2,0,1,.000,4.58,4,3,0,0,0,0,17.2,17,9,9,1,8,0,10,2,0,1,78,95,4.44,1.415,8.7,0.5,4.1,5.1,1.25,,MIN
23,Génesis Cabrera*,28,,-0.5,0,1,.000,7.98,16,0,5,0,0,1,14.2,17,14,13,5,11,1,13,1,1,3,70,55,8.25,1.909,10.4,3.1,6.8,8.0,1.18,,MIN
24,Mick Abel,23,,-0.5,1,2,.333,8.36,4,2,1,0,0,0,14.0,18,14,13,1,7,0,18,0,0,0,66,52,2.99,1.786,11.6,0.6,4.5,11.6,2.57,,MIN
25,Brooks Kriske,31,,-0.8,0,1,.000,11.25,12,0,4,0,0,0,12.0,18,15,15,1,10,0,14,0,0,1,64,39,4.39,2.333,13.5,0.8,7.5,10.5,1.40,,MIN
26,Erasmo Ramírez,35,,0.4,0,1,.000,2.45,9,0,8,0,0,1,11.0,10,4,3,2,2,1,5,0,0,1,42,179,5.14,1.091,8.2,1.6,1.6,4.1,2.50,,MIN
27,Joey Wentz*,27,,-0.4,0,0,,15.75,6,0,2,0,0,0,8.0,17,14,14,3,9,0,6,0,0,2,49,28,9.89,3.250,19.1,3.4,10.1,6.8,0.67,,MIN
28,Cody Laweryson,27,,0.3,0,1,.000,1.17,5,0,2,0,0,0,7.2,4,2,1,0,0,0,7,0,0,0,26,380,1.31,0.522,4.7,0.0,0.0,8.2,,,MIN
29,Jonah Bride,29,,-0.3,0,0,,15.00,4,0,4,0,0,0,6.0,14,10,10,1,3,0,2,2,0,0,37,30,7.14,2.833,21.0,1.5,4.5,3.0,0.67,,MIN
30,Darren McCaughan,29,,0.1,0,0,,1.69,3,0,1,0,0,0,5.1,5,1,1,0,1,0,6,0,0,0,23,269,1.45,1.125,8.4,0.0,1.7,10.1,6.00,,MIN
31,Randy Dobnak,30,,0.1,0,0,,1.69,1,0,1,0,0,0,5.1,2,1,1,1,2,0,1,0,0,0,19,269,6.32,0.750,3.4,1.7,3.4,1.7,0.50,,MIN
32,Noah Davis,28,,-0.5,0,1,.000,16.20,4,0,1,0,0,0,5.0,12,10,9,4,1,0,7,3,0,1,30,28,13.14,2.600,21.6,7.2,1.8,12.6,7.00,,MIN
33,Anthony Misiewicz*,30,,-0.1,0,0,,9.64,5,0,1,0,0,0,4.2,5,5,5,2,4,0,5,0,0,2,23,48,9.14,1.929,9.6,3.9,7.7,9.6,1.25,,MIN
34,Scott Blewett,29,,0.1,0,0,,1.93,2,0,2,0,0,0,4.2,4,1,1,0,0,0,5,1,0,0,19,238,1.64,0.857,7.7,0.0,0.0,9.6,,,MIN
35,Ryan Fitzgerald,31,,0.1,0,0,,0.00,2,0,2,0,0,0,2.0,2,0,0,0,0,0,0,0,0,0,8,,3.14,1.000,9.0,0.0,0.0,0.0,,,MIN
36,Kody Clemens,29,,-0.1,0,0,,18.00,1,0,1,0,0,0,1.0,3,2,2,2,0,0,0,0,0,0,6,32,29.14,3.000,27.0,18.0,0.0,0.0,,,MIN
37,Willi Castro,28,,0.0,0,0,,0.00,1,0,1,0,0,0,1.0,1,0,0,0,0,0,0,0,0,0,4,,3.14,1.000,9.0,0.0,0.0,0.0,,,MIN
1,David Peterson*,29,SP,1.4,9,6,.600,4.22,30,30,0,1,1,0,168.2,166,84,79,11,65,1,150,7,1,3,723,95,3.48,1.370,8.9,0.6,3.5,8.0,2.31,AS,NYM
2,Clay Holmes,32,SP,1.9,12,8,.600,3.53,33,31,0,0,0,0,165.2,150,74,65,14,66,0,129,13,1,6,708,114,4.11,1.304,8.1,0.8,3.6,7.0,1.95,,NYM
3,Kodai Senga,32,SP,2.1,7,6,.538,3.02,22,22,0,0,0,0,113.1,94,44,38,12,55,0,109,3,0,5,482,133,4.12,1.315,7.5,1.0,4.4,8.7,1.98,,NYM
4,Griffin Canning,29,SP,1.1,7,3,.700,3.77,16,16,0,0,0,0,76.1,70,35,32,8,35,0,70,0,0,3,328,107,4.04,1.376,8.3,0.9,4.1,8.3,2.00,,NYM
5,Tylor Megill,29,SP,0.3,5,5,.500,3.95,14,14,0,0,0,0,68.1,60,37,30,6,33,0,89,7,0,3,305,102,3.43,1.361,7.9,0.8,4.3,11.7,2.70,,NYM
6,Sean Manaea*,33,SP,-0.4,2,4,.333,5.64,15,12,2,0,0,0,60.2,62,38,38,13,12,0,75,7,0,2,263,72,4.39,1.220,9.2,1.9,1.8,11.1,6.25,,NYM
7,Edwin Díaz,31,CL,3.0,6,3,.667,1.63,62,0,48,0,0,28,66.1,37,14,12,4,21,0,98,8,0,7,258,248,2.28,0.874,5.0,0.5,2.8,13.3,4.67,AS,NYM
8,Huascar Brazobán,35,RP,0.6,5,2,.714,3.57,52,3,6,0,0,2,63.0,51,29,25,6,27,1,57,4,0,2,262,113,4.04,1.238,7.3,0.9,3.9,8.1,2.11,,NYM
9,Ryne Stanek,33,RP,-1.0,4,6,.400,5.30,65,0,17,0,0,3,56.0,56,39,33,7,32,0,58,0,0,5,255,76,4.40,1.571,9.0,1.1,5.1,9.3,1.81,,NYM
10,Reed Garrett,32,RP,0.4,3,6,.333,3.90,58,1,8,0,0,3,55.1,47,27,24,5,26,2,64,1,0,3,238,103,3.46,1.319,7.6,0.8,4.2,10.4,2.46,,NYM
11,José Buttó,27,RP,0.4,3,2,.600,3.64,34,0,7,0,0,1,47.0,43,21,19,2,22,1,41,1,1,3,198,111,3.41,1.383,8.2,0.4,4.2,7.9,1.86,,NYM
12,Nolan McLean,23,,1.8,5,1,.833,2.06,8,8,0,0,0,0,48.0,34,13,11,4,16,0,57,2,0,2,188,196,2.97,1.042,6.4,0.8,3.0,10.7,3.56,ROY-11,NYM
13,Frankie Montas,32,,-0.6,3,2,.600,6.28,9,7,1,0,0,0,38.2,48,29,27,8,14,0,32,1,0,1,178,64,5.33,1.603,11.2,1.9,3.3,7.4,2.29,,NYM
14,Max Kranick,27,,0.4,3,2,.600,3.65,24,0,6,0,0,0,37.0,34,15,15,5,5,0,25,0,0,0,148,111,3.95,1.054,8.3,1.2,1.2,6.1,5.00,,NYM
15,Brandon Waddell*,31,,0.3,0,0,,3.45,11,1,4,0,0,0,31.1,29,12,12,4,11,0,22,1,0,0,134,118,4.54,1.277,8.3,1.1,3.2,6.3,2.00,,NYM
16,Tyler Rogers,34,,0.7,0,3,.000,2.30,28,0,4,0,0,0,27.1,27,9,7,1,3,0,10,1,0,0,111,176,3.32,1.098,8.9,0.3,1.0,3.3,3.33,,NYM
17,Brooks Raley*,37,,0.7,3,1,.750,2.45,30,0,1,0,0,0,25.2,14,7,7,0,6,0,25,2,0,0,99,166,2.12,0.779,4.9,0.0,2.1,8.8,4.17,,NYM
18,Gregory Soto*,30,,-0.4,1,3,.250,4.50,25,0,3,0,0,0,24.0,33,16,12,2,6,0,26,6,0,3,119,91,3.55,1.625,12.4,0.8,2.3,9.8,4.33,,NYM
19,Paul Blackburn,31,,-0.4,0,3,.000,6.85,7,4,2,0,0,1,23.2,31,19,18,3,8,0,18,1,0,1,110,60,4.40,1.648,11.8,1.1,3.0,6.8,2.25,,NYM
20,Justin Hagenman,28,,0.0,0,1,.000,4.56,9,1,6,0,0,1,23.2,24,13,12,4,2,0,23,1,0,0,99,89,3.77,1.099,9.1,1.5,0.8,8.7,11.50,,NYM
21,Brandon Sproat,24,,0.2,0,2,.000,4.79,4,4,0,0,0,0,20.2,18,11,11,0,7,0,17,2,0,0,84,85,2.80,1.210,7.8,0.0,3.0,7.4,2.43,,NYM
22,Ryan Helsley,30,,-0.9,0,3,.000,7.20,22,0,7,0,0,0,20.0,25,20,16,4,11,1,22,0,0,3,95,57,5.19,1.800,11.3,1.8,5.0,9.9,2.00,,NYM
23,Jonah Tong,22,,-0.8,2,3,.400,7.71,5,5,0,0,0,0,18.2,24,20,16,3,9,0,22,0,0,3,87,53,4.31,1.768,11.6,1.4,4.3,10.6,2.44,,NYM
24,Chris Devenski,34,,0.4,0,0,,2.16,13,1,7,0,0,0,16.2,10,4,4,1,5,0,14,2,0,0,65,190,3.50,0.900,5.4,0.5,2.7,7.6,2.80,,NYM
25,José Castillo*,29,,0.3,1,1,.500,2.35,16,0,2,0,0,0,15.1,21,6,4,0,6,0,19,4,0,1,74,175,2.61,1.761,12.3,0.0,3.5,11.2,3.17,,NYM
26,Blade Tidwell,24,,-0.5,1,1,.500,9.00,4,2,1,0,0,0,15.0,23,15,15,4,10,0,10,1,0,0,78,46,7.47,2.200,13.8,2.4,6.0,6.0,1.00,,NYM
27,Rico Garcia,31,,0.3,0,0,,2.13,8,0,4,0,0,0,12.2,7,3,3,1,2,0,16,0,0,1,47,194,2.11,0.711,5.0,0.7,1.4,11.4,8.00,,NYM
28,Kevin Herget,34,,0.1,0,0,,3.00,6,0,4,0,0,0,12.0,11,5,4,0,3,0,6,0,0,2,50,138,2.89,1.167,8.3,0.0,2.3,4.5,2.00,,NYM
29,A.J. Minter*,31,,0.4,0,0,,1.64,13,0,1,0,0,0,11.0,6,2,2,0,5,0,14,0,1,0,44,254,1.95,1.000,4.9,0.0,4.1,11.5,2.80,,NYM
30,Richard Lovelady*,29,,-0.2,0,0,,6.30,8,0,0,0,0,0,10.0,10,8,7,3,4,0,9,1,0,0,45,66,6.74,1.400,9.0,2.7,3.6,8.1,2.25,,NYM
31,Dedniel Núñez,29,,0.0,0,0,,4.66,10,0,3,0,0,0,9.2,6,5,5,1,6,0,11,0,0,1,41,90,4.07,1.241,5.6,0.9,5.6,10.2,1.83,,NYM
32,Austin Warren,29,,0.4,1,0,1.000,0.96,5,0,1,0,0,0,9.1,5,1,1,1,4,0,9,0,0,0,34,433,3.89,0.964,4.8,1.0,3.9,8.7,2.25,,NYM
33,Danny Young*,31,,0.0,0,0,,4.32,10,0,4,0,0,0,8.1,9,5,4,0,3,0,13,1,0,0,37,97,1.46,1.440,9.7,0.0,3.2,14.0,4.33,,NYM
34,Génesis Cabrera*,28,,0.1,0,0,,3.52,6,0,1,0,0,0,7.2,7,3,3,1,3,0,7,0,0,0,32,120,4.18,1.304,8.2,1.2,3.5,8.2,2.33,,NYM
35,Justin Garza,31,,0.0,0,0,,5.40,5,0,4,0,0,0,6.2,8,4,4,1,1,0,3,0,0,1,28,79,4.64,1.350,10.8,1.4,1.4,4.1,3.00,,NYM
36,Alex Carrillo,28,,-0.5,0,1,.000,13.50,3,0,0,0,0,0,4.2,6,7,7,4,2,0,4,1,0,1,22,32,14.49,1.714,11.6,7.7,3.9,7.7,2.00,,NYM
37,José Ureña,33,,-0.1,0,0,,15.00,1,0,1,0,0,1,3.0,7,5,5,2,1,0,3,0,0,0,17,30,10.80,2.667,21.0,6.0,3.0,9.0,3.00,,NYM
38,Ty Adcock,28,,0.0,0,0,,3.00,3,0,1,0,0,0,3.0,2,1,1,1,2,0,5,0,0,0,14,151,6.14,1.333,6.0,3.0,6.0,15.0,2.50,,NYM
39,Tyler Zuber,30,,0.0,0,0,,9.00,1,0,1,0,0,0,2.0,3,2,2,0,0,0,3,0,0,0,9,53,0.14,1.500,13.5,0.0,0.0,13.5,,,NYM
40,Zach Pop,28,,-0.2,0,1,.000,20.25,1,0,0,0,0,0,1.1,5,3,3,1,0,0,0,0,0,0,9,25,12.89,3.750,33.8,6.8,0.0,0.0,,,NYM
41,Dom Hamel,26,,0.0,0,0,,0.00,1,0,0,0,0,0,1.0,3,0,0,0,0,0,0,1,0,0,6,,6.14,3.000,27.0,0.0,0.0,0.0,,,NYM
42,Travis Jankowski,34,,-0.1,0,0,,18.00,1,0,1,0,0,0,1.0,2,2,2,0,1,0,0,1,0,0,6,31,9.14,3.000,18.0,0.0,9.0,0.0,0.00,,NYM
43,Colin Poche*,31,,-0.1,0,0,,27.00,1,0,1,0,0,0,0.2,2,2,2,0,2,0,1,0,0,0,6,23,9.14,6.000,27.0,0.0,27.0,13.5,0.50,,NYM
44,Jonathan Pintaro,27,,-0.1,0,0,,27.00,1,0,0,0,0,0,0.2,2,2,2,0,2,0,1,0,0,0,6,23,9.14,6.000,27.0,0.0,27.0,13.5,0.50,,NYM
45,Luis Torrens,29,,-0.2,0,0,,54.00,2,0,1,0,0,0,0.2,5,4,4,2,1,0,0,0,0,0,8,12,46.64,9.000,67.5,27.0,13.5,0.0,0.00,,NYM
46,Jared Young,29,,0.0,0,0,,0.00,1,0,1,0,0,0,0.1,1,0,0,0,1,0,0,0,0,0,3,,12.14,6.000,27.0,0.0,27.0,0.0,0.00,,NYM
1,Carlos Rodón*,32,SP,4.6,18,9,.667,3.09,33,33,0,0,0,0,195.1,132,74,67,22,73,0,203,9,0,4,789,132,3.78,1.049,6.1,1.0,3.4,9.4,2.78,"AS,CYA-6",NYY
2,Max Fried*,31,SP,4.4,19,5,.792,2.86,32,32,0,0,0,0,195.1,164,73,62,14,51,0,189,10,1,8,801,142,3.07,1.101,7.6,0.6,2.3,8.7,3.71,"AS,CYA-4,GG",NYY
3,Will Warren,26,SP,0.6,9,8,.529,4.44,33,33,0,0,0,0,162.1,158,90,80,22,65,0,171,4,1,2,711,92,4.07,1.374,8.8,1.2,3.6,9.5,2.63,ROY-8,NYY
4,Clarke Schmidt,29,SP,1.7,4,4,.500,3.32,14,14,0,0,0,0,78.2,56,29,29,9,30,0,73,1,2,2,316,123,3.95,1.093,6.4,1.0,3.4,8.4,2.43,,NYY
5,Cam Schlittler,24,SP,2.0,4,3,.571,2.96,14,14,0,0,0,0,73.0,58,24,24,8,31,0,84,5,0,3,304,138,3.74,1.219,7.2,1.0,3.8,10.4,2.71,,NYY
6,Luis Gil,27,SP,1.0,4,1,.800,3.32,11,11,0,0,0,0,57.0,47,23,21,5,33,0,41,1,2,4,244,123,4.63,1.404,7.4,0.8,5.2,6.5,1.24,,NYY
7,Devin Williams,30,CL,-0.3,4,6,.400,4.79,67,0,29,0,0,18,62.0,45,37,33,5,25,1,90,4,0,4,259,85,2.68,1.129,6.5,0.7,3.6,13.1,3.60,,NYY
8,Tim Hill*,35,RP,1.1,4,4,.500,3.09,70,0,18,0,0,0,67.0,58,27,23,8,16,3,37,0,0,1,269,132,4.30,1.104,7.8,1.1,2.1,5.0,2.31,,NYY
9,Luke Weaver,31,RP,0.8,4,4,.500,3.62,64,0,17,0,0,8,64.2,46,28,26,10,20,1,72,1,0,1,262,113,3.89,1.021,6.4,1.4,2.8,10.0,3.60,,NYY
10,Mark Leiter Jr.,34,RP,-0.6,6,7,.462,4.84,59,0,11,0,0,2,48.1,57,31,26,5,17,0,54,4,0,8,219,84,3.55,1.531,10.6,0.9,3.2,10.1,3.18,,NYY
11,Fernando Cruz,35,RP,0.3,3,4,.429,3.56,49,0,4,0,0,2,48.0,33,21,19,5,24,0,72,3,0,5,200,115,3.18,1.188,6.2,0.9,4.5,13.5,3.00,,NYY
12,Ryan Yarbrough*,33,,0.6,3,1,.750,4.36,19,8,4,0,0,1,64.0,58,31,31,13,19,0,55,2,0,0,264,94,5.04,1.203,8.2,1.8,2.7,7.7,2.89,,NYY
13,Ian Hamilton,30,,0.2,2,1,.667,4.28,36,1,5,0,0,0,40.0,28,20,19,5,22,1,42,1,0,2,166,96,4.39,1.250,6.3,1.1,5.0,9.5,1.91,,NYY
14,Marcus Stroman,34,,-0.3,3,2,.600,6.23,9,9,0,0,0,0,39.0,44,27,27,6,16,0,26,2,0,1,175,66,5.19,1.538,10.2,1.4,3.7,6.0,1.63,,NYY
15,Yerry De los Santos,27,,0.3,0,1,.000,3.28,25,0,5,0,0,0,35.2,37,15,13,1,17,0,28,1,0,2,160,125,3.44,1.514,9.3,0.3,4.3,7.1,1.65,,NYY
16,Carlos Carrasco,38,,-0.2,2,2,.500,5.91,8,6,2,0,0,0,32.0,39,21,21,7,10,0,25,0,0,0,142,69,5.35,1.531,11.0,2.0,2.8,7.0,2.50,,NYY
17,Jonathan Loáisiga,30,,0.2,0,1,.000,4.25,30,0,3,0,0,1,29.2,34,15,14,7,10,3,25,3,0,1,135,97,5.83,1.483,10.3,2.1,3.0,7.6,2.50,,NYY
18,David Bednar,30,,0.9,4,0,1.000,2.19,22,0,17,0,0,10,24.2,14,6,6,2,9,0,35,0,0,1,97,188,2.45,0.932,5.1,0.7,3.3,12.8,3.89,,NYY
19,Brent Headrick*,27,,0.3,0,0,,3.13,17,0,4,0,0,0,23.0,17,8,8,4,7,1,30,1,0,2,92,132,3.83,1.043,6.7,1.6,2.7,11.7,4.29,,NYY
20,Camilo Doval,27,,-0.3,0,1,.000,4.82,22,0,8,0,0,1,18.2,19,14,10,2,11,0,22,1,2,1,87,86,4.10,1.607,9.2,1.0,5.3,10.6,2.00,,NYY
21,JT Brubaker,31,,0.2,0,0,,3.38,12,0,10,0,0,0,16.0,10,6,6,0,9,0,10,1,0,0,63,123,3.76,1.188,5.6,0.0,5.1,5.6,1.11,,NYY
22,Paul Blackburn,31,,-0.1,0,0,,5.28,8,0,8,0,0,0,15.1,16,10,9,3,4,0,16,0,1,0,65,79,4.37,1.304,9.4,1.8,2.3,9.4,4.00,,NYY
23,Scott Effross,31,,-0.2,0,0,,8.44,11,0,5,0,0,0,10.2,16,10,10,1,3,1,6,0,0,1,51,50,4.07,1.781,13.5,0.8,2.5,5.1,2.00,,NYY
24,Yoendrys Gómez,25,,0.2,1,1,.500,2.70,6,0,3,0,0,0,10.0,5,4,3,1,9,0,5,0,0,0,44,156,6.14,1.400,4.5,0.9,8.1,4.5,0.56,,NYY
25,Allan Winans,29,,-0.4,0,1,.000,8.68,3,1,2,0,0,0,9.1,13,11,9,2,3,0,6,2,0,0,46,49,6.24,1.714,12.5,1.9,2.9,5.8,2.00,,NYY
26,Tyler Matzek*,34,,0.0,0,0,,4.26,7,0,4,0,0,0,6.1,11,3,3,0,5,0,7,0,0,0,35,101,3.29,2.526,15.6,0.0,7.1,9.9,1.40,,NYY
27,Clayton Beeter,26,,-0.3,0,1,.000,14.73,2,0,0,0,0,0,3.2,5,6,6,2,4,0,1,0,0,0,20,30,12.95,2.455,12.3,4.9,9.8,2.5,0.25,,NYY
28,Rico Garcia,31,,-0.1,0,0,,10.13,1,0,0,0,0,0,2.2,3,3,3,1,2,0,2,0,0,0,13,46,8.76,1.875,10.1,3.4,6.8,6.8,1.00,,NYY
29,Jake Bird,29,,-0.5,0,1,.000,27.00,3,0,1,0,0,0,2.0,4,7,6,2,2,1,4,0,0,0,12,18,15.14,3.000,18.0,9.0,9.0,18.0,2.00,,NYY
30,Adam Ottavino,39,,0.1,0,0,,0.00,3,0,0,0,0,0,1.2,0,0,0,0,4,0,3,0,0,0,9,,6.74,2.400,0.0,0.0,21.6,16.2,0.75,,NYY
31,Geoff Hartlieb,31,,-0.2,0,0,,40.50,2,0,0,0,0,0,1.1,5,6,6,1,4,0,4,0,0,0,13,13,15.89,6.750,33.8,6.8,27.0,27.0,1.00,,NYY
32,Pablo Reyes,31,,-0.1,0,0,,27.00,1,0,1,0,0,0,1.0,5,3,3,1,0,0,0,0,0,0,8,21,16.14,5.000,45.0,9.0,0.0,0.0,,,NYY
33,Jayvien Sandridge*,26,,-0.1,0,0,,27.00,1,0,0,0,0,0,0.2,1,2,2,1,2,0,2,1,0,0,6,24,30.14,4.500,13.5,13.5,27.0,27.0,1.00,,NYY
34,Austin Slater,32,,0.0,0,0,,0.00,1,0,1,0,0,0,0.2,1,0,0,0,0,0,0,0,0,0,3,,3.14,1.500,13.5,0.0,0.0,0.0,,,NYY
1,Cristopher Sánchez*,28,SP,8.0,13,5,.722,2.50,32,32,0,1,0,0,202.0,171,58,56,12,44,0,212,6,1,6,807,176,2.55,1.064,7.6,0.5,2.0,9.4,4.82,"CYA-2,MVP-15",PHI
2,Jesús Luzardo*,27,SP,3.9,15,7,.682,3.92,32,32,0,0,0,0,183.2,167,85,80,16,57,0,216,3,1,2,758,112,2.90,1.220,8.2,0.8,2.8,10.6,3.79,CYA-7,PHI
3,Ranger Suárez*,29,SP,4.7,12,8,.600,3.20,26,26,0,0,0,0,157.1,154,57,56,14,38,0,151,6,0,0,651,137,3.21,1.220,8.8,0.8,2.2,8.6,3.97,,PHI
4,Zack Wheeler,35,SP,5.0,10,5,.667,2.71,24,24,0,1,0,0,149.2,107,48,45,19,33,0,195,8,0,2,585,163,3.00,0.935,6.4,1.1,2.0,11.7,5.91,"AS,CYA-9",PHI
5,Taijuan Walker,32,SP,1.5,5,8,.385,4.08,34,21,4,0,0,1,123.2,132,62,56,21,42,0,86,4,0,1,538,108,5.07,1.407,9.6,1.5,3.1,6.3,2.05,,PHI
6,Aaron Nola,32,SP,-0.3,5,10,.333,6.01,17,17,0,0,0,0,94.1,99,65,63,18,28,0,97,4,0,1,404,73,4.58,1.346,9.4,1.7,2.7,9.3,3.46,,PHI
7,Jhoan Duran,27,CL,0.9,1,2,.333,2.18,23,0,19,0,0,16,20.2,18,6,5,2,1,0,27,0,0,1,81,205,1.93,0.919,7.8,0.9,0.4,11.8,27.00,,PHI
8,Tanner Banks*,33,RP,1.7,6,2,.750,3.07,69,1,10,0,0,1,67.1,56,24,23,9,12,1,61,1,0,2,267,144,3.64,1.010,7.5,1.2,1.6,8.2,5.08,,PHI
9,Matt Strahm*,33,RP,2.0,2,3,.400,2.74,66,0,19,0,0,6,62.1,47,22,19,5,20,1,70,2,0,3,256,161,2.99,1.075,6.8,0.7,2.9,10.1,3.50,,PHI
10,Orion Kerkering,24,RP,0.9,8,4,.667,3.30,69,0,12,0,0,4,60.0,55,28,22,6,27,3,65,4,0,5,266,134,3.82,1.367,8.3,0.9,4.1,9.8,2.41,,PHI
11,Jordan Romano,32,RP,-1.7,2,4,.333,8.23,49,0,14,0,0,8,42.2,45,40,39,10,17,1,47,3,1,0,187,54,5.39,1.453,9.5,2.1,3.6,9.9,2.76,,PHI
12,Joe Ross,32,,0.0,2,1,.667,5.12,37,1,9,0,0,0,51.0,57,30,29,8,18,1,39,3,0,0,228,86,4.88,1.471,10.1,1.4,3.2,6.9,2.17,,PHI
13,Max Lazar,26,,0.3,1,1,.500,4.79,36,0,19,0,0,1,41.1,41,23,22,7,12,0,26,0,0,3,170,92,4.95,1.282,8.9,1.5,2.6,5.7,2.17,,PHI
14,José Alvarado*,30,,0.4,4,2,.667,3.81,28,0,10,0,0,7,26.0,27,12,11,4,7,0,32,1,0,3,114,117,3.60,1.308,9.3,1.4,2.4,11.1,4.57,,PHI
15,Carlos Hernández,28,,0.0,1,0,1.000,5.26,25,0,12,0,0,0,25.2,32,16,15,4,13,1,23,2,0,1,123,85,5.12,1.753,11.2,1.4,4.6,8.1,1.77,,PHI
16,Mick Abel,23,,0.3,2,2,.500,5.04,6,6,0,0,0,0,25.0,25,14,14,7,9,0,21,1,0,2,108,88,6.30,1.360,9.0,2.5,3.2,7.6,2.33,,PHI
17,David Robertson,40,,0.2,2,0,1.000,4.08,20,0,4,0,0,2,17.2,18,9,8,4,8,1,22,0,0,0,78,110,4.95,1.472,9.2,2.0,4.1,11.2,2.75,,PHI
18,José Ruiz,30,,-0.6,1,0,1.000,8.16,16,0,2,0,0,0,14.1,21,14,13,3,6,0,12,0,0,0,68,55,5.44,1.884,13.2,1.9,3.8,7.5,2.00,,PHI
19,Walker Buehler,30,,0.8,3,0,1.000,0.66,3,2,0,0,0,0,13.2,10,1,1,0,6,0,8,2,0,0,57,684,3.72,1.171,6.6,0.0,4.0,5.3,1.33,,PHI
20,Daniel Robert,30,,0.0,0,0,,4.15,15,0,5,0,0,0,13.0,11,7,6,2,10,0,15,0,0,0,59,109,5.14,1.615,7.6,1.4,6.9,10.4,1.50,,PHI
21,Seth Johnson,26,,0.0,1,1,.500,4.26,10,0,4,0,0,0,12.2,11,8,6,3,4,0,17,0,0,1,54,106,4.48,1.184,7.8,2.1,2.8,12.1,4.25,,PHI
22,Alan Rangel,27,,0.2,0,0,,2.45,5,0,3,0,0,1,11.0,10,3,3,1,6,0,8,0,1,0,46,185,4.50,1.455,8.2,0.8,4.9,6.5,1.33,,PHI
23,Lou Trivino,33,,0.3,0,1,.000,2.00,10,0,7,0,0,0,9.0,6,3,2,0,5,0,8,1,0,1,38,228,3.36,1.222,6.0,0.0,5.0,8.0,1.60,,PHI
24,Tim Mayza*,33,,0.0,0,0,,4.91,8,0,1,0,0,0,7.1,8,4,4,1,4,0,7,1,0,1,34,94,5.04,1.636,9.8,1.2,4.9,8.6,1.75,,PHI
25,Michael Mercado,26,,-0.2,0,0,,15.00,3,0,2,0,0,0,3.0,7,5,5,1,4,0,4,0,0,0,20,33,8.80,3.667,21.0,3.0,12.0,12.0,1.00,,PHI
26,Weston Wilson,30,,0.1,0,0,,0.00,2,0,2,0,0,0,3.0,3,0,0,0,0,0,0,0,0,0,12,,3.14,1.000,9.0,0.0,0.0,0.0,,,PHI
27,Brett de Geus,27,,0.0,0,0,,4.50,1,0,1,0,0,0,2.0,1,1,1,0,3,0,0,0,0,0,10,115,7.64,2.000,4.5,0.0,13.5,0.0,0.00,,PHI
28,Nolan Hoffman,27,,-0.1,0,0,,27.00,1,0,1,0,0,0,1.0,3,3,3,0,1,0,2,0,0,1,7,22,2.14,4.000,27.0,0.0,9.0,18.0,2.00,,PHI
1,Paul Skenes,23,SP,7.7,10,10,.500,1.97,32,32,0,1,0,0,187.2,136,45,41,11,42,0,216,6,0,2,733,217,2.36,0.948,6.5,0.5,2.0,10.4,5.14,"AS,CYA-1,MVP-6",PIT
2,Mitch Keller,29,SP,1.4,6,15,.286,4.19,32,32,0,0,0,0,176.1,171,91,82,21,51,0,150,10,0,5,749,102,4.02,1.259,8.7,1.1,2.6,7.7,2.94,,PIT
3,Andrew Heaney*,34,SP,-0.2,5,10,.333,5.39,26,23,0,0,0,0,120.1,125,74,72,24,39,0,84,9,0,2,525,79,5.53,1.363,9.3,1.8,2.9,6.3,2.15,,PIT
4,Bailey Falter*,28,SP,1.5,7,5,.583,3.73,22,22,0,0,0,0,113.1,95,53,47,17,39,0,70,1,0,4,457,115,4.91,1.182,7.5,1.4,3.1,5.6,1.79,,PIT
5,Mike Burrows,25,SP,1.5,2,4,.333,3.94,23,19,0,0,0,0,96.0,88,43,42,13,31,1,97,5,0,2,402,109,4.00,1.240,8.3,1.2,2.9,9.1,3.13,,PIT
6,David Bednar,30,CL,1.3,2,5,.286,2.37,42,0,34,0,0,17,38.0,32,12,10,2,10,2,51,1,0,3,154,182,2.00,1.105,7.6,0.5,2.4,12.1,5.10,,PIT
7,Dennis Santana,29,RP,2.7,4,5,.444,2.18,70,0,34,0,0,16,70.1,44,18,17,5,17,0,60,3,0,0,270,197,3.21,0.867,5.6,0.6,2.2,7.7,3.53,,PIT
8,Isaac Mattson,29,RP,1.5,3,3,.500,2.45,44,0,12,0,0,0,47.2,35,14,13,4,19,2,45,2,0,0,198,175,3.66,1.133,6.6,0.8,3.6,8.5,2.37,,PIT
9,Chase Shugart,28,RP,0.7,4,3,.571,3.40,35,0,11,0,0,0,45.0,33,18,17,6,17,2,31,1,0,3,181,126,4.69,1.111,6.6,1.2,3.4,6.2,1.82,,PIT
10,Caleb Ferguson*,28,RP,0.7,2,2,.500,3.74,45,0,2,0,0,0,43.1,33,18,18,1,14,2,34,5,0,0,176,115,3.18,1.085,6.9,0.2,2.9,7.1,2.43,,PIT
11,Carmen Mlodzinski,26,,1.4,5,8,.385,3.55,34,12,7,0,0,0,99.0,102,42,39,8,27,0,89,4,0,5,419,121,3.33,1.303,9.3,0.7,2.5,8.1,3.30,,PIT
12,Braxton Ashcraft,25,,2.0,4,4,.500,2.71,26,8,6,0,0,0,69.2,63,22,21,3,24,1,71,2,0,1,292,158,2.78,1.249,8.1,0.4,3.1,9.2,2.96,,PIT
13,Johan Oviedo,27,,0.8,2,1,.667,3.57,9,9,0,0,0,0,40.1,26,17,16,6,23,0,42,3,1,1,170,121,4.92,1.215,5.8,1.3,5.1,9.4,1.83,,PIT
14,Kyle Nicolas,26,,0.0,1,2,.333,4.74,31,0,5,0,0,0,38.0,34,21,20,3,18,0,34,2,0,1,167,91,3.95,1.368,8.1,0.7,4.3,8.1,1.89,,PIT
15,Yohan Ramírez,30,,-0.6,3,3,.500,5.40,24,0,5,0,0,0,33.1,33,25,20,4,16,1,45,4,0,4,155,80,3.80,1.470,8.9,1.1,4.3,12.2,2.81,,PIT
16,Bubba Chandler,22,,0.4,4,1,.800,4.02,7,4,1,0,0,1,31.1,25,14,14,2,4,0,31,3,0,1,124,107,2.66,0.926,7.2,0.6,1.1,8.9,7.75,,PIT
17,Ryan Borucki*,31,,-0.3,1,3,.250,5.28,35,0,8,0,0,0,30.2,26,20,18,4,12,1,27,1,1,2,126,82,4.34,1.239,7.6,1.2,3.5,7.9,2.25,,PIT
18,Joey Wentz*,27,,0.3,2,1,.667,4.15,19,0,7,0,0,0,26.0,25,14,12,2,11,2,22,1,0,0,115,104,3.83,1.385,8.7,0.7,3.8,7.6,2.00,,PIT
19,Colin Holderman,29,,-0.8,0,2,.000,7.01,24,0,6,0,0,1,25.2,34,21,20,4,16,1,18,2,0,3,125,62,5.86,1.948,11.9,1.4,5.6,6.3,1.13,,PIT
20,Justin Lawrence,30,,1.0,1,0,1.000,0.51,17,0,3,0,0,0,17.2,9,1,1,0,8,2,23,2,0,2,69,854,2.23,0.962,4.6,0.0,4.1,11.7,2.88,,PIT
21,Dauri Moreta,29,,0.3,1,1,.500,3.24,18,0,6,0,0,0,16.2,16,8,6,2,7,1,19,0,0,0,68,134,3.68,1.380,8.6,1.1,3.8,10.3,2.71,,PIT
22,Evan Sisk*,28,,0.1,1,1,.500,4.38,14,0,4,0,0,0,12.1,11,6,6,1,5,0,14,2,0,2,54,100,3.62,1.297,8.0,0.7,3.6,10.2,2.80,,PIT
23,Génesis Cabrera*,28,,0.0,0,0,,4.91,9,0,1,0,0,0,11.0,12,6,6,2,1,0,7,1,0,0,46,90,4.77,1.182,9.8,1.6,0.8,5.7,7.00,,PIT
24,Tim Mayza*,33,,0.2,0,0,,2.89,7,0,4,0,0,0,9.1,9,3,3,1,1,0,8,1,0,0,40,153,3.46,1.071,8.7,1.0,1.0,7.7,8.00,,PIT
25,Tom Harrington,23,,-0.7,0,1,.000,15.58,3,1,1,0,0,1,8.2,18,15,15,3,7,0,7,0,0,2,50,29,8.44,2.885,18.7,3.1,7.3,7.3,1.00,,PIT
26,Tanner Rainey,32,,-0.5,0,1,.000,10.57,11,0,0,0,0,0,7.2,7,9,9,0,6,0,9,1,0,0,37,42,3.53,1.696,8.2,0.0,7.0,10.6,1.50,,PIT
27,Cam Sanders,28,,-0.2,0,0,,8.10,6,0,2,0,0,0,6.2,9,6,6,2,5,0,4,0,0,0,34,55,8.09,2.100,12.2,2.7,6.8,5.4,0.80,,PIT
28,Hunter Barco*,24,,0.2,1,0,1.000,0.00,2,0,0,0,0,0,3.0,3,0,0,0,0,0,3,0,0,0,12,,1.14,1.000,9.0,0.0,0.0,9.0,,,PIT
29,Hunter Stratton,28,,-0.3,0,0,,23.63,3,0,1,0,0,0,2.2,10,7,7,1,2,0,1,1,0,0,21,20,10.64,4.500,33.8,3.4,6.8,3.4,0.50,,PIT
30,Michael Darrell-Hicks,27,,0.1,0,0,,0.00,1,0,0,0,0,0,2.0,0,0,0,0,0,0,2,0,0,1,5,,1.14,0.000,0.0,0.0,0.0,9.0,,,PIT
31,Jared Triolo,27,,-0.1,0,0,,0.00,1,0,1,0,0,0,1.0,3,2,0,1,1,0,0,0,0,0,8,,19.14,4.000,27.0,9.0,9.0,0.0,0.00,,PIT
1,Nick Pivetta,32,SP,5.3,13,5,.722,2.87,31,31,0,0,0,0,181.2,129,63,58,22,50,1,190,3,0,1,721,149,3.49,0.985,6.4,1.1,2.5,9.4,3.80,CYA-6,SDP
2,Dylan Cease,29,SP,1.1,8,12,.400,4.55,32,32,0,0,0,0,168.0,152,91,85,21,71,2,215,5,0,5,722,94,3.56,1.327,8.1,1.1,3.8,11.5,3.03,,SDP
3,Randy Vásquez,26,SP,2.2,6,7,.462,3.84,28,26,1,0,0,0,133.2,125,59,57,16,52,1,78,7,1,3,570,111,4.85,1.324,8.4,1.1,3.5,5.3,1.50,,SDP
4,Stephen Kolek,28,SP,0.9,4,5,.444,4.18,14,14,0,1,1,0,79.2,78,40,37,8,26,1,56,7,0,0,336,102,4.28,1.305,8.8,0.9,2.9,6.3,2.15,,SDP
5,Michael King,30,SP,1.2,5,3,.625,3.44,15,15,0,1,1,0,73.1,62,31,28,12,26,0,76,4,0,2,308,125,4.42,1.200,7.6,1.5,3.2,9.3,2.92,,SDP
6,Yu Darvish,38,SP,0.0,5,5,.500,5.38,15,15,0,0,0,0,72.0,66,44,43,14,19,0,68,6,0,4,296,80,4.82,1.181,8.3,1.8,2.4,8.5,3.58,,SDP
7,Robert Suarez,34,CL,2.3,4,6,.400,2.97,70,0,56,0,0,40,69.2,47,24,23,6,16,2,75,2,0,1,269,144,2.88,0.904,6.1,0.8,2.1,9.7,4.69,AS,SDP
8,Adrián Morejón*,26,RP,2.4,13,6,.684,2.08,75,0,9,0,0,3,73.2,49,23,17,2,17,3,70,0,0,2,286,206,2.28,0.896,6.0,0.2,2.1,8.6,4.12,AS,SDP
9,Jeremiah Estrada,26,RP,1.2,4,5,.444,3.45,77,0,7,0,0,3,73.0,58,31,28,12,27,2,108,3,0,3,304,124,3.55,1.164,7.2,1.5,3.3,13.3,4.00,,SDP
10,Wandy Peralta*,33,RP,1.1,6,1,.857,3.14,71,1,17,0,0,0,71.2,66,29,25,5,30,3,63,2,1,1,313,137,3.62,1.340,8.3,0.6,3.8,7.9,2.10,,SDP
11,Jason Adam,33,RP,2.4,8,4,.667,1.93,65,0,4,0,0,0,65.1,50,18,14,4,25,3,70,3,0,3,270,222,3.07,1.148,6.9,0.6,3.4,9.6,2.80,AS,SDP
12,Yuki Matsui*,29,,0.6,3,1,.750,3.98,61,0,19,0,0,1,63.1,53,29,28,10,33,2,61,1,0,5,272,108,4.87,1.358,7.5,1.4,4.7,8.7,1.85,,SDP
13,David Morgan,25,,1.2,1,2,.333,2.66,41,2,15,0,0,0,47.1,35,14,14,4,23,1,50,2,0,2,193,161,3.71,1.225,6.7,0.8,4.4,9.5,2.17,,SDP
14,Kyle Hart*,32,,-0.5,3,3,.500,5.86,20,6,2,0,0,0,43.0,38,28,28,9,13,0,37,2,1,0,179,73,5.18,1.186,8.0,1.9,2.7,7.7,2.85,,SDP
15,Ryan Bergert,25,,1.2,1,0,1.000,2.78,11,7,2,0,0,0,35.2,24,11,11,4,18,0,34,1,0,1,149,155,4.28,1.178,6.1,1.0,4.5,8.6,1.89,,SDP
16,Alek Jacob,27,,-0.2,1,0,1.000,5.13,29,0,9,0,0,0,33.1,36,20,19,6,14,0,23,6,0,0,153,84,5.90,1.500,9.7,1.6,3.8,6.2,1.64,,SDP
17,Sean Reynolds,27,,-0.1,0,1,.000,5.33,19,1,4,0,0,0,27.0,20,16,16,4,17,0,25,3,0,1,117,81,5.43,1.370,6.7,1.3,5.7,8.3,1.47,,SDP
18,Nestor Cortes*,30,,0.1,1,3,.250,5.47,6,6,0,0,0,0,26.1,29,16,16,8,13,0,21,2,0,0,119,79,7.20,1.595,9.9,2.7,4.4,7.2,1.62,,SDP
19,JP Sears*,29,,-0.1,2,2,.500,5.47,5,5,0,0,0,0,24.2,31,16,15,7,7,0,20,1,0,0,111,79,6.18,1.541,11.3,2.6,2.6,7.3,2.86,,SDP
20,Mason Miller,26,,1.4,0,0,,0.77,22,0,5,0,0,2,23.1,7,2,2,1,10,0,45,0,0,0,83,561,1.12,0.729,2.7,0.4,3.9,17.4,4.50,,SDP
21,Ron Marinaccio,29,,0.3,0,0,,0.84,7,0,3,0,0,0,10.2,6,1,1,0,4,0,12,0,0,0,42,523,2.01,0.938,5.1,0.0,3.4,10.1,3.00,,SDP
22,Bryan Hoeing,28,,0.1,1,0,1.000,3.38,7,0,0,0,0,0,8.0,9,3,3,0,3,0,5,0,0,1,36,132,3.01,1.500,10.1,0.0,3.4,5.6,1.67,,SDP
23,Bradgley Rodríguez,21,,0.4,1,0,1.000,1.17,7,0,3,0,0,0,7.2,4,1,1,0,3,1,9,3,0,0,31,380,3.14,0.913,4.7,0.0,3.5,10.6,3.00,,SDP
24,Logan Gillaspie,28,,0.3,0,0,,2.57,3,0,0,0,0,0,7.0,7,2,2,1,4,0,4,1,2,0,31,174,5.99,1.571,9.0,1.3,5.1,5.1,1.00,,SDP
25,Eduarniel Núñez,26,,0.1,0,0,,3.86,4,0,2,0,0,0,4.2,4,2,2,1,4,0,2,1,0,1,21,119,8.28,1.714,7.7,1.9,7.7,3.9,0.50,,SDP
26,Matt Waldron,28,,-0.1,0,1,.000,7.71,1,1,0,0,0,0,4.2,6,4,4,1,6,0,3,0,0,3,25,60,8.49,2.571,11.6,1.9,11.6,5.8,0.50,,SDP
27,Omar Cruz*,26,,0.0,0,0,,4.91,2,0,1,0,0,0,3.2,4,2,2,0,3,0,5,0,0,0,18,95,2.86,1.909,9.8,0.0,7.4,12.3,1.67,,SDP
28,Tyler Wade,30,,0.0,0,0,,9.00,1,0,1,0,0,0,1.0,2,1,1,0,1,0,0,0,0,0,6,64,6.14,3.000,18.0,0.0,9.0,0.0,0.00,,SDP
1,Logan Webb,28,SP,3.8,15,11,.577,3.22,34,34,0,0,0,0,207.0,210,82,74,14,46,0,224,6,0,2,856,124,2.60,1.237,9.1,0.6,2.0,9.7,4.87,"AS,CYA-4,GG",SFG
2,Robbie Ray*,33,SP,2.8,11,8,.579,3.65,32,32,0,1,0,0,182.1,148,81,74,22,73,0,186,4,1,7,755,109,3.93,1.212,7.3,1.1,3.6,9.2,2.55,AS,SFG
3,Justin Verlander,42,SP,1.2,4,11,.267,3.85,29,29,0,0,0,0,152.0,155,74,65,16,52,1,137,6,0,2,662,103,3.85,1.362,9.2,0.9,3.1,8.1,2.63,,SFG
4,Landen Roupp,26,SP,0.7,7,7,.500,3.80,22,22,0,0,0,0,106.2,113,55,45,11,45,1,102,3,1,7,476,105,3.91,1.481,9.5,0.9,3.8,8.6,2.27,,SFG
5,Ryan Walker,29,CL,0.1,5,7,.417,4.11,68,0,36,0,0,17,61.1,60,32,28,4,18,2,60,8,2,1,266,97,3.30,1.272,8.8,0.6,2.6,8.8,3.33,,SFG
6,Spencer Bivens,31,RP,0.2,4,3,.571,4.00,54,0,16,0,0,3,81.0,83,42,36,6,25,1,61,5,0,3,343,100,3.70,1.333,9.2,0.7,2.8,6.8,2.44,,SFG
7,Randy Rodríguez,25,RP,1.9,3,5,.375,1.78,50,0,15,0,0,4,50.2,34,12,10,4,11,0,67,4,0,2,198,225,2.40,0.888,6.0,0.7,2.0,11.9,6.09,AS,SFG
8,Tyler Rogers,34,RP,1.7,4,3,.571,1.80,53,0,9,0,0,0,50.0,39,11,10,3,4,0,38,0,0,0,188,222,2.64,0.860,7.0,0.5,0.7,6.8,9.50,,SFG
9,Camilo Doval,27,RP,0.6,4,2,.667,3.09,47,0,29,0,0,15,46.2,32,20,16,2,24,1,50,2,2,3,191,130,3.22,1.200,6.2,0.4,4.6,9.6,2.08,,SFG
10,Hayden Birdsong,23,,-0.6,4,4,.500,4.80,21,10,2,0,0,0,65.2,61,42,35,10,37,0,68,5,0,6,298,83,4.96,1.492,8.4,1.4,5.1,9.3,1.84,,SFG
11,Tristan Beck,29,,0.1,1,0,1.000,4.61,31,1,9,0,0,2,56.2,47,29,29,7,16,0,41,2,0,3,232,87,4.25,1.112,7.5,1.1,2.5,6.5,2.56,,SFG
12,Jordan Hicks,28,,-0.7,1,5,.167,6.47,13,9,2,0,0,0,48.2,55,36,35,3,20,0,43,4,0,4,217,62,3.65,1.541,10.2,0.6,3.7,8.0,2.15,,SFG
13,Joey Lucchesi*,32,,0.4,0,1,.000,3.76,38,0,4,0,0,0,38.1,35,17,16,4,12,1,31,2,1,2,165,107,3.97,1.226,8.2,0.9,2.8,7.3,2.58,,SFG
14,Carson Seymour,26,,-0.2,1,3,.250,4.75,16,3,7,0,0,0,36.0,37,21,19,9,13,0,26,1,0,0,156,84,6.11,1.389,9.3,2.3,3.3,6.5,2.00,,SFG
15,Erik Miller*,27,,1.6,4,1,.800,1.50,36,0,2,0,0,0,30.0,24,5,5,0,20,4,22,3,0,1,128,268,3.97,1.467,7.2,0.0,6.0,6.6,1.10,,SFG
16,Kai-Wei Teng,26,,-0.5,2,4,.333,6.37,8,7,0,0,0,0,29.2,29,24,21,2,17,0,39,7,0,0,139,63,3.81,1.551,8.8,0.6,5.2,11.8,2.29,,SFG
17,Matt Gage*,32,,0.2,0,1,.000,3.91,27,2,2,0,0,0,25.1,28,11,11,0,10,1,24,2,0,3,112,103,2.66,1.500,9.9,0.0,3.6,8.5,2.40,,SFG
18,Kyle Harrison*,23,,0.2,1,1,.500,4.56,8,4,2,0,0,0,23.2,21,12,12,4,9,1,25,0,0,0,100,88,4.36,1.268,8.0,1.5,3.4,9.5,2.78,,SFG
19,Carson Whisenhunt*,24,,0.0,2,1,.667,5.01,5,5,0,0,0,0,23.1,22,14,13,6,12,0,16,2,0,2,102,80,6.91,1.457,8.5,2.3,4.6,6.2,1.33,,SFG
20,Joel Peguero,28,,0.8,3,1,.750,2.42,17,0,4,0,0,0,22.1,15,7,6,2,8,1,17,0,1,0,86,167,3.85,1.030,6.0,0.8,3.2,6.9,2.13,,SFG
21,José Buttó,27,,0.0,2,1,.667,4.50,21,0,2,0,0,0,20.0,19,10,10,2,10,1,17,1,0,0,86,90,4.39,1.450,8.6,0.9,4.5,7.7,1.70,,SFG
22,Trevor McDonald,24,,0.2,1,0,1.000,1.80,3,2,0,0,0,0,15.0,13,6,3,1,2,0,14,0,0,1,60,226,2.54,1.000,7.8,0.6,1.2,8.4,7.00,,SFG
23,Sean Hjelle,28,,-0.4,1,1,.500,7.80,12,1,2,0,0,0,15.0,21,13,13,2,9,2,11,0,0,0,73,52,5.20,2.000,12.6,1.2,5.4,6.6,1.22,,SFG
24,JT Brubaker,31,,0.1,0,0,,4.26,5,1,1,0,0,0,12.2,13,6,6,0,3,1,12,0,0,2,54,96,1.95,1.263,9.2,0.0,2.1,8.5,4.00,,SFG
25,Lou Trivino,33,,-0.2,1,0,1.000,5.84,11,0,5,0,0,0,12.1,11,8,8,4,5,0,11,1,0,0,54,70,7.03,1.297,8.0,2.9,3.6,8.0,2.20,,SFG
26,Keaton Winn,27,,0.0,0,0,,4.50,7,0,6,0,0,0,10.0,12,5,5,1,2,0,9,0,0,0,42,92,3.24,1.400,10.8,0.9,1.8,8.1,4.50,,SFG
27,Christian Koss,27,,0.1,0,0,,0.00,4,0,4,0,0,0,4.0,4,0,0,0,0,0,0,0,0,0,16,,3.14,1.000,9.0,0.0,0.0,0.0,,,SFG
28,Mason Black,25,,-0.1,0,0,,6.75,1,0,0,0,0,0,4.0,5,5,3,2,0,0,5,0,0,0,19,64,7.14,1.250,11.3,4.5,0.0,11.3,,,SFG
29,Scott Alexander*,35,,0.0,0,0,,6.75,2,0,0,0,0,0,1.1,3,1,1,1,2,0,2,0,0,0,9,76,14.39,3.750,20.3,6.8,13.5,13.5,1.00,,SFG
30,Logan Porter,29,,0.0,0,0,,9.00,1,0,1,0,0,0,1.0,2,1,1,1,0,0,0,0,0,0,5,61,16.14,2.000,18.0,9.0,0.0,0.0,,,SFG
31,Mike Yastrzemski*,34,,-0.1,0,0,,18.00,1,0,1,0,0,0,1.0,2,2,2,0,1,0,0,1,0,0,7,31,9.14,3.000,18.0,0.0,9.0,0.0,0.00,,SFG
1,Bryan Woo,25,SP,4.2,15,7,.682,2.94,30,30,0,0,0,0,186.2,137,64,61,26,36,0,198,4,0,3,731,128,3.47,0.927,6.6,1.3,1.7,9.5,5.50,"AS,CYA-5",SEA
2,Luis Castillo,32,SP,2.1,11,8,.579,3.54,32,32,0,0,0,0,180.2,168,76,71,23,46,0,162,7,0,3,745,107,3.88,1.185,8.4,1.1,2.3,8.1,3.52,,SEA
3,Logan Gilbert,28,SP,2.1,6,6,.500,3.44,25,25,0,0,0,0,131.0,104,53,50,20,31,0,173,7,0,10,535,110,3.35,1.031,7.1,1.4,2.1,11.9,5.58,,SEA
4,George Kirby,27,SP,0.8,10,8,.556,4.21,23,23,0,0,0,0,126.0,121,60,59,15,29,0,137,7,0,3,524,90,3.37,1.190,8.6,1.1,2.1,9.8,4.72,,SEA
5,Bryce Miller,26,SP,-0.8,4,6,.400,5.68,18,18,0,0,0,0,90.1,93,57,57,17,34,0,74,3,0,2,392,67,5.17,1.406,9.3,1.7,3.4,7.4,2.18,,SEA
6,Emerson Hancock,26,SP,-0.2,4,5,.444,4.90,22,16,2,0,0,0,90.0,93,51,49,15,31,0,64,5,1,2,385,77,5.08,1.378,9.3,1.5,3.1,6.4,2.06,,SEA
7,Andrés Muñoz,26,CL,2.4,3,3,.500,1.73,64,0,47,0,0,38,62.1,36,18,12,2,28,3,83,4,0,7,254,219,2.43,1.027,5.2,0.3,4.0,12.0,2.96,AS,SEA
8,Eduard Bazardo,29,RP,1.8,5,0,1.000,2.52,73,0,18,0,0,0,78.2,53,23,22,9,27,2,82,2,0,2,313,150,3.64,1.017,6.1,1.0,3.1,9.4,3.04,,SEA
9,Carlos Vargas,25,RP,-0.1,5,5,.500,3.97,70,0,10,0,0,1,77.0,81,39,34,10,23,4,54,7,1,5,331,95,4.59,1.351,9.5,1.2,2.7,6.3,2.35,,SEA
10,Gabe Speier*,30,RP,1.4,4,3,.571,2.61,76,0,4,0,0,0,62.0,43,19,18,5,11,1,82,5,0,1,243,145,2.31,0.871,6.2,0.7,1.6,11.9,7.45,,SEA
11,Matt Brash,27,RP,1.0,1,3,.250,2.47,53,0,8,0,0,4,47.1,41,15,13,4,18,2,58,2,0,0,199,154,3.05,1.246,7.8,0.8,3.4,11.0,3.22,,SEA
12,Logan Evans,24,,-0.1,6,5,.545,4.32,16,15,0,0,0,0,81.1,82,45,39,13,31,1,59,4,0,5,350,88,5.05,1.389,9.1,1.4,3.4,6.5,1.90,,SEA
13,Casey Legumina,28,,-0.9,4,6,.400,5.62,48,1,17,0,0,0,49.2,47,36,31,7,25,2,55,2,0,1,219,68,4.38,1.450,8.5,1.3,4.5,10.0,2.20,,SEA
14,Trent Thornton,31,,-0.1,2,0,1.000,4.68,33,0,7,0,0,0,42.1,41,23,22,6,14,2,32,4,0,1,180,81,4.74,1.299,8.7,1.3,3.0,6.8,2.29,,SEA
15,Collin Snider,29,,-0.7,2,1,.667,5.47,24,0,4,0,0,0,26.1,32,20,16,3,6,1,24,2,0,1,119,70,3.70,1.443,10.9,1.0,2.1,8.2,4.00,,SEA
16,Caleb Ferguson*,28,,0.2,3,2,.600,3.27,25,0,2,0,0,0,22.0,21,9,8,1,8,1,17,1,0,1,94,117,3.41,1.318,8.6,0.4,3.3,7.0,2.13,,SEA
17,Jackson Kowar,28,,0.1,2,0,1.000,4.24,15,0,9,0,0,0,17.0,14,8,8,4,7,0,15,1,0,2,71,91,5.84,1.235,7.4,2.1,3.7,7.9,2.14,,SEA
18,Casey Lawrence,37,,-0.4,1,2,.333,3.00,5,0,3,0,0,0,15.0,20,12,5,2,1,0,6,0,0,1,65,129,4.27,1.400,12.0,1.2,0.6,3.6,6.00,,SEA
19,Tayler Saucedo*,32,,-0.3,0,0,,7.43,10,0,5,0,0,0,13.1,19,12,11,2,6,0,12,1,0,0,66,52,4.86,1.875,12.8,1.4,4.1,8.1,2.00,,SEA
20,Luke Jackson,33,,0.1,0,0,,2.38,10,0,5,0,0,0,11.1,6,6,3,0,4,1,10,1,0,0,45,164,2.69,0.882,4.8,0.0,3.2,7.9,2.50,,SEA
22,Gregory Santos,25,,-0.3,1,1,.500,5.14,8,0,2,0,0,0,7.0,8,6,4,0,8,2,0,0,0,2,36,78,6.56,2.286,10.3,0.0,10.3,0.0,0.00,,SEA
23,Juan Burgos,25,,0.0,0,0,,4.05,4,0,4,0,0,0,6.2,7,3,3,0,2,0,8,1,0,0,30,99,2.09,1.350,9.5,0.0,2.7,10.8,4.00,,SEA
24,Troy Taylor,23,,-0.3,0,0,,12.15,8,0,4,0,0,0,6.2,14,9,9,2,3,0,2,1,0,0,37,33,8.24,2.550,18.9,2.7,4.1,2.7,0.67,,SEA
25,Zach Pop,28,,-0.4,0,0,,13.50,4,0,1,0,0,0,5.1,10,9,8,3,2,0,3,1,0,0,30,30,11.01,2.250,16.9,5.1,3.4,5.1,1.50,,SEA
26,Jesse Hahn,35,,-0.1,0,1,.000,5.40,3,0,2,0,0,0,5.0,6,4,3,1,5,3,3,1,1,0,25,75,8.14,2.200,10.8,1.8,9.0,5.4,0.60,,SEA
27,Sauryn Lao,25,,-0.1,0,0,,8.10,2,0,2,0,0,0,3.1,6,4,3,1,1,0,4,0,0,0,17,52,5.54,2.100,16.2,2.7,2.7,10.8,4.00,,SEA
28,José Castillo*,29,,0.1,1,0,1.000,0.00,3,0,1,0,0,0,3.0,3,1,0,0,2,1,1,0,0,0,13,,4.47,1.667,9.0,0.0,6.0,3.0,0.50,,SEA
29,Blas Castano,26,,-0.1,0,0,,9.00,1,0,1,0,0,0,3.0,4,3,3,1,2,0,1,1,0,0,16,48,9.80,2.000,12.0,3.0,6.0,3.0,0.50,,SEA
30,Brandyn Garcia*,25,,-0.1,0,0,,4.50,2,0,1,0,0,0,2.0,4,2,1,0,3,0,1,0,0,1,11,101,6.64,3.500,18.0,0.0,13.5,4.5,0.33,,SEA
31,Jhonathan Díaz*,28,,0.0,0,0,,0.00,1,0,1,0,0,0,1.1,1,0,0,0,0,0,1,0,0,0,5,,1.64,0.750,6.8,0.0,0.0,6.8,,,SEA
32,Leo Rivas,27,,0.0,0,0,,0.00,1,0,1,0,0,0,1.0,3,0,0,0,1,0,0,0,0,0,6,,6.14,4.000,27.0,0.0,9.0,0.0,0.00,,SEA
33,Miles Mastrobuoni,29,,0.0,0,0,,0.00,1,0,1,0,0,0,1.0,1,0,0,0,2,0,0,0,0,0,6,,9.14,3.000,9.0,0.0,18.0,0.0,0.00,,SEA
1,Sonny Gray,35,SP,1.4,14,8,.636,4.28,32,32,0,1,1,0,180.2,185,93,86,25,38,0,201,3,0,2,753,96,3.39,1.234,9.2,1.2,1.9,10.0,5.29,,STL
2,Andre Pallante,26,SP,-1.2,6,15,.286,5.31,31,31,0,0,0,0,162.2,173,109,96,21,62,0,111,5,2,12,715,77,4.68,1.445,9.6,1.2,3.4,6.1,1.79,,STL
3,Miles Mikolas,36,SP,0.4,8,11,.421,4.84,31,31,0,0,0,0,156.1,169,87,84,29,37,1,100,3,0,1,669,85,5.03,1.318,9.7,1.7,2.1,5.8,2.70,,STL
4,Matthew Liberatore*,25,SP,1.0,8,12,.400,4.21,29,29,0,0,0,0,151.2,158,79,71,19,40,0,122,4,0,6,648,97,4.03,1.305,9.4,1.1,2.4,7.2,3.05,,STL
5,Erick Fedde,32,SP,-0.1,3,10,.231,5.22,20,20,0,1,1,0,101.2,106,62,59,14,47,1,63,2,0,2,446,79,5.13,1.505,9.4,1.2,4.2,5.6,1.34,,STL
6,Michael McGreevy,24,SP,0.7,8,4,.667,4.42,17,16,1,0,0,0,95.2,100,50,47,12,20,0,58,3,1,0,400,93,4.27,1.254,9.4,1.1,1.9,5.5,2.90,,STL
7,Ryan Helsley,30,CL,1.1,3,1,.750,3.00,36,0,29,0,0,21,36.0,36,12,12,4,14,2,41,1,0,4,157,138,3.55,1.389,9.0,1.0,3.5,10.3,2.93,,STL
8,Kyle Leahy,28,RP,1.5,4,2,.667,3.07,62,1,12,0,0,1,88.0,80,32,30,5,28,1,80,1,0,5,363,134,3.04,1.227,8.2,0.5,2.9,8.2,2.86,,STL
9,JoJo Romero*,28,RP,1.7,4,6,.400,2.07,65,0,16,0,0,8,61.0,47,21,14,2,29,5,55,2,0,2,255,200,3.28,1.246,6.9,0.3,4.3,8.1,1.90,,STL
10,John King*,30,RP,-0.3,2,1,.667,4.66,51,0,15,0,0,0,48.1,65,30,25,8,14,0,28,0,0,3,222,89,5.00,1.634,12.1,1.5,2.6,5.2,2.00,,STL
11,Riley O'Brien,30,RP,1.6,3,1,.750,2.06,42,0,15,0,0,6,48.0,33,13,11,2,22,2,45,7,0,3,199,200,3.61,1.146,6.2,0.4,4.1,8.4,2.05,,STL
12,Matt Svanson,26,,1.8,4,0,1.000,1.94,39,0,10,0,0,0,60.1,33,14,13,3,20,0,68,4,0,1,234,213,2.72,0.878,4.9,0.4,3.0,10.1,3.40,,STL
13,Steven Matz*,34,,0.4,5,2,.714,3.44,32,2,2,0,0,1,55.0,56,25,21,4,9,0,47,1,0,2,227,120,2.92,1.182,9.2,0.7,1.5,7.7,5.22,,STL
14,Gordon Graceffo,25,,-0.8,3,1,.750,6.28,26,0,9,0,0,1,43.0,50,33,30,2,13,0,40,2,0,2,193,66,2.93,1.465,10.5,0.4,2.7,8.4,3.08,,STL
15,Phil Maton,32,,1.1,1,3,.250,2.35,40,0,9,0,0,2,38.1,28,12,10,1,15,1,48,5,0,1,158,176,2.54,1.122,6.6,0.2,3.5,11.3,3.20,,STL
16,Ryan Fernandez,27,,-1.1,0,4,.000,7.71,32,0,13,0,0,1,30.1,36,30,26,6,16,2,34,1,0,0,140,54,5.15,1.714,10.7,1.8,4.7,10.1,2.13,,STL
17,Andre Granillo,25,,0.1,1,0,1.000,4.71,14,0,6,0,0,1,21.0,22,11,11,3,7,0,18,1,0,2,91,88,4.42,1.381,9.4,1.3,3.0,7.7,2.57,,STL
18,Chris Roycroft,28,,-0.9,1,3,.250,7.84,20,0,10,0,0,0,20.2,26,21,18,2,12,1,15,1,0,3,101,53,4.83,1.839,11.3,0.9,5.2,6.5,1.25,,STL
19,Jorge Alcala,29,,0.0,0,0,,5.02,15,0,5,0,0,0,14.1,18,8,8,4,7,1,15,0,1,0,67,84,6.14,1.744,11.3,2.5,4.4,9.4,2.14,,STL
20,Roddery Muñoz,25,,-0.2,0,0,,8.18,9,0,6,0,0,0,11.0,9,10,10,4,9,0,14,0,0,1,51,52,7.77,1.636,7.4,3.3,7.4,11.5,1.56,,STL
21,Anthony Veneziano*,27,,0.0,0,0,,4.50,2,0,0,0,0,0,4.0,3,2,2,0,1,0,5,1,0,0,17,100,2.14,1.000,6.8,0.0,2.3,11.3,5.00,,STL
22,Nick Raquet*,29,,0.1,0,0,,0.00,2,0,0,0,0,0,2.0,0,0,0,0,1,0,1,0,0,0,7,,3.64,0.500,0.0,0.0,4.5,4.5,1.00,,STL
23,Garrett Hampson,30,,0.0,0,0,,0.00,1,0,1,0,0,0,1.0,0,0,0,0,0,0,0,0,0,0,3,,3.14,0.000,0.0,0.0,0.0,0.0,,,STL
24,Alec Burleson*,26,,0.0,0,0,,0.00,1,0,1,0,0,0,1.0,1,0,0,0,0,0,0,1,0,0,4,,6.14,1.000,9.0,0.0,0.0,0.0,,SS,STL
1,Ryan Pepiot,27,SP,1.9,11,12,.478,3.86,31,31,0,0,0,0,167.2,134,77,72,26,61,0,167,6,0,5,679,106,4.36,1.163,7.2,1.4,3.3,9.0,2.74,,TBR
2,Shane Baz,26,SP,0.4,10,12,.455,4.87,31,31,0,0,0,0,166.1,158,91,90,26,64,0,176,9,0,3,711,84,4.37,1.335,8.5,1.4,3.5,9.5,2.75,,TBR
3,Drew Rasmussen,29,SP,4.4,10,5,.667,2.76,31,31,0,0,0,0,150.0,116,47,46,18,37,1,127,5,0,3,585,149,3.84,1.020,7.0,1.1,2.2,7.6,3.43,"AS,CYA-9",TBR
4,Zack Littell,29,SP,2.4,8,8,.500,3.58,22,22,0,1,0,0,133.1,128,53,53,26,21,1,89,5,0,2,537,115,4.92,1.118,8.6,1.8,1.4,6.0,4.24,,TBR
5,Taj Bradley,24,SP,-0.3,6,6,.500,4.61,21,21,0,0,0,0,111.1,99,65,57,13,44,0,95,4,0,4,471,89,4.24,1.284,8.0,1.1,3.6,7.7,2.16,,TBR
6,Pete Fairbanks,31,CL,1.2,4,5,.444,2.83,61,0,48,0,0,27,60.1,45,22,19,7,18,0,59,1,0,2,244,145,3.63,1.044,6.7,1.0,2.7,8.8,3.28,,TBR
7,Edwin Uceta,27,RP,0.7,10,3,.769,3.79,70,0,11,0,0,1,76.0,62,33,32,11,27,3,103,8,3,0,321,109,3.69,1.171,7.3,1.3,3.2,12.2,3.81,,TBR
8,Garrett Cleavinger*,31,RP,1.9,2,6,.250,2.35,67,0,9,0,0,2,61.1,40,17,16,9,18,0,82,7,0,1,243,175,3.59,0.946,5.9,1.3,2.6,12.0,4.56,,TBR
9,Mason Montgomery*,25,RP,-0.9,1,3,.250,5.67,57,0,11,0,0,1,46.0,49,32,29,6,27,0,63,1,0,1,209,73,3.92,1.652,9.6,1.2,5.3,12.3,2.33,,TBR
10,Kevin Kelly,27,RP,-0.9,2,5,.286,5.90,41,0,13,0,0,0,39.2,45,29,26,11,9,1,35,0,1,1,171,70,5.66,1.361,10.2,2.5,2.0,7.9,3.89,,TBR
11,Ian Seymour*,26,,-0.1,4,3,.571,3.63,19,5,7,0,0,0,57.0,48,33,23,5,19,1,64,3,0,0,242,113,3.19,1.175,7.6,0.8,3.0,10.1,3.37,,TBR
12,Adrian Houser,32,,0.3,2,3,.400,4.79,10,10,0,0,0,0,56.1,60,30,30,7,16,0,45,7,2,2,243,86,4.38,1.349,9.6,1.1,2.6,7.2,2.81,,TBR
13,Joe Boyle,25,,-0.2,1,4,.200,4.67,13,9,0,0,0,0,52.0,43,33,27,6,28,1,58,3,0,2,226,88,4.19,1.365,7.4,1.0,4.8,10.0,2.07,,TBR
14,Mason Englert,25,,0.3,0,1,.000,3.83,29,0,9,0,0,0,44.2,43,20,19,4,11,0,44,1,0,2,185,108,3.14,1.209,8.7,0.8,2.2,8.9,4.00,,TBR
15,Eric Orze,27,,0.6,1,1,.500,3.02,33,0,12,0,0,3,41.2,38,16,14,4,19,1,40,3,0,0,178,137,4.05,1.368,8.2,0.9,4.1,8.6,2.11,,TBR
16,Manuel Rodríguez,28,,0.8,1,2,.333,2.08,31,0,4,0,0,0,30.1,26,9,7,2,6,0,25,1,0,1,121,200,3.04,1.055,7.7,0.6,1.8,7.4,4.17,,TBR
17,Bryan Baker,30,,-0.1,1,2,.333,4.75,31,0,5,0,0,1,30.1,26,16,16,5,8,0,34,0,0,1,123,87,3.83,1.121,7.7,1.5,2.4,10.1,4.25,,TBR
18,Cole Sulser,35,,0.6,2,1,.667,1.99,18,0,11,0,0,0,22.2,20,5,5,1,7,1,22,0,0,0,90,210,2.69,1.191,7.9,0.4,2.8,8.7,3.14,,TBR
19,Griffin Jax,30,,0.3,0,2,.000,3.60,23,2,3,0,0,0,20.0,18,9,8,3,8,1,27,0,0,0,85,116,3.59,1.300,8.1,1.4,3.6,12.2,3.38,,TBR
20,Hunter Bigge,27,,0.3,0,0,,2.40,13,0,5,0,0,0,15.0,11,4,4,4,5,0,12,1,0,0,60,175,6.20,1.067,6.6,2.4,3.0,7.2,2.40,,TBR
21,Jesse Scholtens,31,,-0.2,0,1,.000,5.40,2,0,1,0,0,0,8.1,9,7,5,1,3,0,12,0,0,1,38,79,2.90,1.440,9.7,1.1,3.2,13.0,4.00,,TBR
22,Brian Van Belle,28,,-0.1,1,0,1.000,5.40,4,0,2,0,0,0,8.1,13,5,5,2,0,0,6,0,0,1,36,79,4.82,1.560,14.0,2.2,0.0,6.5,,,TBR
23,Joe Rock*,24,,0.1,0,0,,2.35,3,0,2,0,0,0,7.2,7,2,2,1,2,0,11,2,0,0,35,183,3.53,1.174,8.2,1.2,2.3,12.9,5.50,,TBR
24,Connor Seabold,29,,0.2,0,0,,1.35,3,0,3,0,0,0,6.2,7,1,1,0,3,0,5,0,0,0,29,320,2.99,1.500,9.5,0.0,4.1,6.8,1.67,,TBR
25,Paul Gervase,25,,0.0,0,0,,4.26,5,0,1,0,0,0,6.1,6,3,3,3,5,0,6,0,0,0,30,102,9.77,1.737,8.5,4.3,7.1,8.5,1.20,,TBR
26,Forrest Whitley,27,,-0.5,0,0,,15.43,5,0,1,0,0,0,4.2,10,10,8,1,2,0,4,0,0,0,27,29,5.49,2.571,19.3,1.9,3.9,7.7,2.00,,TBR
27,Joey Gerber,28,,0.1,0,0,,2.08,2,0,1,0,0,0,4.1,3,1,1,1,0,0,4,0,0,0,15,214,4.29,0.692,6.2,2.1,0.0,8.3,,,TBR
28,José Caballero,28,,-0.2,0,0,,54.00,1,0,1,0,0,0,1.0,5,6,6,2,1,0,0,0,0,0,9,10,32.14,6.000,45.0,18.0,9.0,0.0,0.00,,TBR
29,Garrett Acton,27,,0.0,0,0,,0.00,1,0,1,0,0,0,1.0,0,0,0,0,2,0,0,0,0,1,5,,9.14,2.000,0.0,0.0,18.0,0.0,0.00,,TBR
30,Cole Wilcox,25,,-0.3,0,0,,27.00,1,0,0,0,0,0,1.0,4,7,3,0,3,0,1,0,0,0,12,21,10.14,7.000,36.0,0.0,27.0,9.0,0.33,,TBR
1,Jacob deGrom,37,SP,2.9,12,8,.600,2.97,30,30,0,0,0,0,172.2,122,57,57,26,37,0,185,3,0,3,669,123,3.64,0.921,6.4,1.4,1.9,9.6,5.00,"AS,CYA-8",TEX
2,Patrick Corbin*,35,SP,-0.4,7,11,.389,4.40,31,30,1,1,0,0,155.1,161,79,76,21,51,1,131,3,0,6,663,83,4.25,1.365,9.3,1.2,3.0,7.6,2.57,,TEX
3,Jack Leiter,25,SP,0.4,10,10,.500,3.86,29,29,0,0,0,0,151.2,127,69,65,18,67,0,148,5,1,10,646,95,4.15,1.279,7.5,1.1,4.0,8.8,2.21,ROY-7,TEX
4,Nathan Eovaldi,35,SP,4.3,11,3,.786,1.73,22,22,0,1,1,0,130.0,90,28,25,10,21,1,129,7,0,6,496,211,2.80,0.854,6.2,0.7,1.5,8.9,6.14,,TEX
5,Tyler Mahle,30,SP,2.2,6,4,.600,2.18,16,16,0,0,0,0,86.2,69,21,21,5,29,0,66,0,1,0,346,168,3.37,1.131,7.2,0.5,3.0,6.9,2.28,,TEX
6,Kumar Rocker,25,SP,-1.0,4,5,.444,5.74,14,14,0,0,0,0,64.1,71,42,41,11,23,0,56,4,0,6,287,64,4.88,1.461,9.9,1.5,3.2,7.8,2.43,,TEX
7,Shawn Armstrong,34,CL,1.5,4,3,.571,2.31,71,2,22,0,0,9,74.0,40,21,19,5,20,0,74,6,0,3,284,159,3.07,0.811,4.9,0.6,2.4,9.0,3.70,,TEX
8,Hoby Milner*,34,RP,-0.6,3,4,.429,3.84,73,0,10,0,0,0,70.1,68,35,30,5,21,3,58,2,0,0,293,95,3.39,1.265,8.7,0.6,2.7,7.4,2.76,,TEX
9,Jacob Webb,31,RP,0.3,5,4,.556,3.00,55,0,9,0,0,1,66.0,49,24,22,10,19,2,58,2,0,0,267,122,4.30,1.030,6.7,1.4,2.6,7.9,3.05,,TEX
10,Robert Garcia*,29,RP,0.4,4,8,.333,2.95,71,0,25,0,0,9,64.0,58,26,21,8,22,2,68,1,1,1,269,124,3.71,1.250,8.2,1.1,3.1,9.6,3.09,,TEX
11,Chris Martin,39,RP,-0.1,2,6,.250,2.98,49,0,10,0,0,2,42.1,43,18,14,6,8,3,43,1,0,2,174,124,3.58,1.205,9.1,1.3,1.7,9.1,5.38,,TEX
12,Jacob Latz*,29,,1.4,2,0,1.000,2.84,33,8,5,0,0,1,85.2,69,28,27,7,37,2,76,0,0,2,348,129,3.72,1.237,7.2,0.7,3.9,8.0,2.05,,TEX
13,Merrill Kelly,36,,0.0,3,3,.500,4.23,10,10,0,0,0,0,55.1,59,26,26,9,10,0,46,1,1,1,234,87,4.18,1.247,9.6,1.5,1.6,7.5,4.60,,TEX
14,Caleb Boushley,31,,-1.0,0,0,,6.02,25,1,13,0,0,1,43.1,54,33,29,5,14,1,41,2,0,1,193,61,3.85,1.569,11.2,1.0,2.9,8.5,2.93,,TEX
15,Cole Winn,25,,1.1,0,1,.000,1.51,33,0,10,0,0,0,41.2,23,8,7,3,17,2,35,4,0,1,162,243,3.90,0.960,5.0,0.6,3.7,7.6,2.06,,TEX
16,Luke Jackson,33,,-0.6,2,5,.286,4.11,39,0,21,0,0,9,35.0,32,20,16,4,19,4,24,2,0,0,152,90,5.05,1.457,8.2,1.0,4.9,6.2,1.26,,TEX
17,Phil Maton,32,,0.2,3,2,.600,3.52,23,0,13,0,0,3,23.0,14,9,9,2,8,1,33,2,0,0,90,105,2.70,0.957,5.5,0.8,3.1,12.9,4.13,,TEX
18,Luis Curvelo,24,,-0.4,1,1,.500,5.68,17,0,4,0,0,0,19.0,17,13,12,3,10,1,20,0,0,0,84,66,4.66,1.421,8.1,1.4,4.7,9.5,2.00,,TEX
19,Jon Gray,33,,-0.6,1,1,.500,7.71,6,0,0,0,0,0,14.0,15,12,12,5,6,0,12,0,0,0,63,49,7.35,1.500,9.6,3.2,3.9,7.7,2.00,,TEX
20,Danny Coulombe*,35,,-0.2,1,1,.500,5.25,15,0,3,0,0,0,12.0,11,7,7,3,9,0,12,0,0,0,54,72,6.64,1.667,8.3,2.3,6.8,9.0,1.33,,TEX
21,Dane Dunning,30,,0.1,0,0,,3.38,5,0,4,0,0,2,10.2,9,4,4,2,5,1,10,1,0,1,46,112,5.39,1.313,7.6,1.7,4.2,8.4,2.00,,TEX
22,Gerson Garabito,29,,-0.5,0,0,,9.00,3,0,1,0,0,0,8.0,15,12,8,1,1,0,8,2,0,0,41,43,3.89,2.000,16.9,1.1,1.1,9.0,8.00,,TEX
23,Marc Church,24,,0.0,0,0,,3.86,5,0,0,0,0,0,4.2,4,2,2,0,6,0,5,0,0,0,23,103,4.85,2.143,7.7,0.0,11.6,9.6,0.83,,TEX
24,Ezequiel Durán,26,,0.1,0,0,,0.00,4,0,4,0,0,0,3.1,1,0,0,0,0,0,0,0,0,0,11,,3.14,0.300,2.7,0.0,0.0,0.0,,,TEX
25,Carl Edwards Jr.,33,,0.1,0,0,,0.00,2,0,1,0,0,0,3.0,0,0,0,0,2,0,4,0,0,0,11,,2.47,0.667,0.0,0.0,6.0,12.0,2.00,,TEX
26,Rowdy Tellez*,30,,-0.1,0,0,,13.50,1,0,1,0,0,0,2.0,5,3,3,1,0,0,0,1,0,0,11,33,11.14,2.500,22.5,4.5,0.0,0.0,,,TEX
27,Tucker Barnhart,34,,-0.1,0,0,,13.50,1,0,1,0,0,0,2.0,5,3,3,0,0,0,0,1,0,0,11,33,4.64,2.500,22.5,0.0,0.0,0.0,,,TEX
28,José Corniell,22,,-0.4,0,1,.000,16.20,1,0,1,0,0,0,1.2,3,4,3,1,1,0,1,0,0,0,9,28,11.54,2.400,16.2,5.4,5.4,5.4,1.00,,TEX
29,Codi Heuer,28,,0.0,0,0,,6.75,1,0,1,0,0,0,1.1,1,1,1,1,0,0,1,0,0,0,5,71,11.39,0.750,6.8,6.8,0.0,6.8,,,TEX
1,Kevin Gausman,34,SP,3.8,10,11,.476,3.59,32,32,0,1,1,0,193.0,155,79,77,21,50,2,189,3,2,1,775,119,3.41,1.062,7.2,1.0,2.3,8.8,3.78,,TOR
2,Chris Bassitt,36,SP,2.1,11,9,.550,3.96,32,31,0,1,0,0,170.1,174,80,75,22,52,0,166,13,3,4,736,108,4.01,1.327,9.2,1.2,2.7,8.8,3.19,,TOR
3,José Berríos,31,SP,1.3,9,5,.643,4.17,31,30,0,0,0,0,166.0,160,86,77,26,56,2,138,7,1,1,698,102,4.65,1.301,8.7,1.4,3.0,7.5,2.46,,TOR
4,Eric Lauer*,30,SP,2.2,9,2,.818,3.18,28,15,2,0,0,0,104.2,90,39,37,15,26,1,102,2,0,0,426,134,3.85,1.108,7.7,1.3,2.2,8.8,3.92,,TOR
5,Max Scherzer,40,SP,0.2,5,5,.500,5.19,17,17,0,0,0,0,85.0,87,49,49,19,23,0,82,2,0,2,358,82,4.99,1.294,9.2,2.0,2.4,8.7,3.57,,TOR
6,Bowden Francis,29,SP,-0.8,2,8,.200,6.05,14,14,0,0,0,0,64.0,71,46,43,19,27,0,54,6,0,3,288,71,6.85,1.531,10.0,2.7,3.8,7.6,2.00,,TOR
7,Jeff Hoffman,32,CL,0.5,9,7,.563,4.37,71,0,59,0,0,33,68.0,54,34,33,15,27,1,84,4,0,2,287,98,4.90,1.191,7.1,2.0,3.6,11.1,3.11,,TOR
8,Yariel Rodríguez,28,RP,1.4,3,2,.600,3.08,66,1,17,0,0,2,73.0,50,26,25,8,34,3,66,6,2,2,298,139,4.40,1.151,6.2,1.0,4.2,8.1,1.94,,TOR
9,Brendon Little*,28,RP,1.1,4,2,.667,3.03,79,0,4,0,0,1,68.1,48,28,23,2,45,4,91,2,1,7,295,141,2.92,1.361,6.3,0.3,5.9,12.0,2.02,,TOR
10,Mason Fluharty*,23,RP,0.1,5,2,.714,4.44,55,0,7,0,0,1,52.2,36,28,26,6,24,4,56,2,0,1,215,96,3.97,1.139,6.2,1.0,4.1,9.6,2.33,,TOR
11,Braydon Fisher,24,RP,1.4,7,0,1.000,2.70,52,1,12,0,0,0,50.0,32,15,15,4,19,1,62,3,0,0,202,159,3.02,1.020,5.8,0.7,3.4,11.2,3.26,ROY-10,TOR
12,Chad Green,34,,-0.5,3,2,.600,5.56,45,0,14,0,0,1,43.2,51,28,27,14,13,2,35,2,0,0,190,77,6.73,1.466,10.5,2.9,2.7,7.2,2.69,,TOR
13,Shane Bieber,30,,0.7,4,2,.667,3.57,7,7,0,0,0,0,40.1,34,16,16,8,7,0,37,1,0,0,159,120,4.47,1.017,7.6,1.8,1.6,8.3,5.29,,TOR
14,Tommy Nance,34,,0.6,2,0,1.000,1.99,30,0,9,0,0,0,31.2,25,11,7,0,7,0,32,1,0,1,126,216,1.87,1.011,7.1,0.0,2.0,9.1,4.57,,TOR
15,Paxton Schultz,27,,-0.1,0,0,,4.38,13,2,4,0,0,0,24.2,27,16,12,4,8,0,28,1,0,0,110,99,4.07,1.419,9.9,1.5,2.9,10.2,3.50,,TOR
16,Easton Lucas*,28,,-0.3,3,3,.500,6.66,6,5,0,0,0,0,24.1,25,18,18,5,12,0,23,0,0,1,108,65,5.40,1.521,9.2,1.8,4.4,8.5,1.92,,TOR
17,Louis Varland,27,,0.0,1,0,1.000,4.94,23,1,1,0,0,0,23.2,24,13,13,3,9,0,28,0,0,0,99,87,3.56,1.394,9.1,1.1,3.4,10.6,3.11,,TOR
18,Seranthony Domínguez,30,,0.0,2,1,.667,3.00,24,0,4,0,0,0,21.0,12,11,7,1,12,1,25,2,0,3,86,144,3.37,1.143,5.1,0.4,5.1,10.7,2.08,,TOR
19,Yimi García,34,,0.1,1,2,.333,3.86,22,0,4,0,0,3,21.0,13,10,9,2,12,1,25,1,0,2,90,112,3.85,1.190,5.6,0.9,5.1,10.7,2.08,,TOR
20,Nick Sandlin,28,,0.3,0,2,.000,2.20,19,0,4,0,0,1,16.1,11,7,4,2,8,0,16,2,0,1,69,197,4.60,1.163,6.1,1.1,4.4,8.8,2.00,,TOR
21,Trey Yesavage,21,,0.3,1,0,1.000,3.21,3,3,0,0,0,0,14.0,13,5,5,0,7,0,16,0,0,0,62,136,2.35,1.429,8.4,0.0,4.5,10.3,2.29,,TOR
22,Justin Bruihl*,28,,-0.2,0,0,,5.27,15,0,1,0,0,0,13.2,19,10,8,2,7,3,18,1,0,0,65,83,4.16,1.902,12.5,1.3,4.6,11.9,2.57,,TOR
23,José Ureña,33,,0.1,0,0,,3.65,6,2,4,0,0,0,12.1,12,5,5,3,3,0,5,0,0,0,52,120,6.22,1.216,8.8,2.2,2.2,3.6,1.67,,TOR
24,Jacob Barnes,35,,-0.4,0,1,.000,9.00,6,0,2,0,0,0,8.0,10,9,8,1,3,0,5,0,0,0,36,49,4.64,1.625,11.3,1.1,3.4,5.6,1.67,,TOR
25,Lázaro Estrada,26,,-0.3,0,0,,8.59,2,0,0,0,0,0,7.1,10,7,7,2,1,0,10,2,0,0,35,52,5.18,1.500,12.3,2.5,1.2,12.3,10.00,,TOR
26,Dillon Tate,31,,0.0,0,0,,4.26,6,0,1,0,0,0,6.1,8,3,3,1,6,0,8,1,0,0,34,106,5.98,2.211,11.4,1.4,8.5,11.4,1.33,,TOR
27,Spencer Turnbull,32,,-0.2,1,1,.500,7.11,3,1,1,0,0,0,6.1,12,5,5,1,4,0,4,0,0,0,33,63,5.82,2.526,17.1,1.4,5.7,5.7,1.00,,TOR
28,Erik Swanson,31,,-0.4,1,0,1.000,15.19,6,0,2,0,0,0,5.1,8,9,9,2,5,0,3,1,0,1,30,30,10.26,2.438,13.5,3.4,8.4,5.1,0.60,,TOR
29,Josh Walker*,30,,-0.1,0,0,,7.20,3,0,1,0,0,0,5.0,8,4,4,0,2,0,8,1,0,0,25,63,1.74,2.000,14.4,0.0,3.6,14.4,4.00,,TOR
30,Ryan Borucki*,31,,0.2,0,0,,0.00,4,0,1,0,0,0,4.1,3,0,0,0,4,0,5,0,0,0,19,,3.60,1.615,6.2,0.0,8.3,10.4,1.25,,TOR
31,Tyler Heineman,34,,-0.4,0,0,,32.40,3,0,2,0,0,0,3.1,15,12,12,1,0,0,0,2,0,0,27,15,8.84,4.500,40.5,2.7,0.0,0.0,,,TOR
32,Casey Lawrence,37,,-0.1,0,0,,10.13,1,0,1,0,0,0,2.2,6,3,3,0,0,0,1,1,0,0,15,48,3.51,2.250,20.3,0.0,0.0,3.4,,,TOR
33,Ryan Burr,31,,0.1,1,0,1.000,0.00,2,0,0,0,0,0,2.0,1,0,0,0,1,0,3,0,0,0,8,,1.64,1.000,4.5,0.0,4.5,13.5,3.00,,TOR
34,Richard Lovelady*,29,,-0.2,0,1,.000,21.60,2,0,0,0,0,0,1.2,2,4,4,0,2,0,3,3,0,0,12,24,8.54,2.400,10.8,0.0,10.8,16.2,1.50,,TOR
35,Robinson Piña,26,,-0.1,0,0,,6.75,1,0,0,0,0,0,1.1,4,3,1,0,1,0,1,0,0,0,10,80,3.89,3.750,27.0,0.0,6.8,6.8,1.00,,TOR
36,Ali Sánchez,28,,-0.1,0,0,,18.00,1,0,1,0,0,0,1.0,3,2,2,0,0,0,1,0,0,0,6,32,1.14,3.000,27.0,0.0,0.0,9.0,,,TOR
37,Michael Stefanic,29,,0.0,0,0,,0.00,1,0,1,0,0,0,1.0,0,0,0,0,0,0,0,0,0,0,3,,3.14,0.000,0.0,0.0,0.0,0.0,,,TOR
38,Isiah Kiner-Falefa,30,,0.0,0,0,,0.00,1,0,1,0,0,0,0.2,0,0,0,0,0,0,0,0,0,0,2,,3.14,0.000,0.0,0.0,0.0,0.0,,,TOR
1,Jake Irvin,28,SP,-0.4,9,13,.409,5.70,33,33,0,0,0,0,180.0,195,120,114,38,62,0,124,6,1,3,787,72,5.64,1.428,9.8,1.9,3.1,6.2,2.00,,WSN
2,Mitchell Parker*,25,SP,-1.2,9,16,.360,5.68,33,30,2,0,0,1,164.2,178,116,104,25,58,0,103,4,0,3,725,72,4.99,1.433,9.7,1.4,3.2,5.6,1.78,,WSN
3,MacKenzie Gore*,26,SP,3.0,5,15,.250,4.17,30,30,0,0,0,0,159.2,152,75,74,20,64,0,185,5,0,12,680,98,3.74,1.353,8.6,1.1,3.6,10.4,2.89,AS,WSN
4,Trevor Williams,33,SP,-0.6,3,10,.231,6.21,17,17,0,0,0,0,82.2,106,59,57,11,21,0,65,2,0,1,373,66,4.13,1.536,11.5,1.2,2.3,7.1,3.10,,WSN
5,Michael Soroka,27,SP,0.7,3,8,.273,4.87,16,16,0,0,0,0,81.1,68,44,44,11,24,0,87,14,1,2,343,85,4.16,1.131,7.5,1.2,2.7,9.6,3.63,,WSN
6,Kyle Finnegan,33,CL,0.2,1,4,.200,4.38,40,0,34,0,0,20,39.0,36,21,19,3,14,2,32,1,0,5,163,94,3.65,1.282,8.3,0.7,3.2,7.4,2.29,,WSN
7,Brad Lord,25,RP,1.5,5,10,.333,4.34,48,19,2,0,0,0,130.2,126,65,63,17,43,0,108,3,0,1,546,95,4.23,1.293,8.7,1.2,3.0,7.4,2.51,,WSN
8,Jose A. Ferrer*,25,RP,0.1,4,4,.500,4.48,72,0,18,0,0,11,76.1,81,41,38,5,16,1,71,7,0,6,324,92,3.03,1.271,9.6,0.6,1.9,8.4,4.44,,WSN
9,Jackson Rutledge,26,RP,-0.5,4,2,.667,5.77,63,0,17,0,0,0,73.1,87,49,47,16,24,0,65,7,0,6,330,71,5.47,1.514,10.7,2.0,2.9,8.0,2.71,,WSN
10,Cole Henry,25,RP,0.3,1,2,.333,4.27,57,0,13,0,0,2,52.2,43,27,25,7,32,1,52,11,1,2,241,97,5.34,1.424,7.3,1.2,5.5,8.9,1.63,,WSN
11,Cade Cavalli,26,,0.2,3,1,.750,4.25,10,10,0,0,0,0,48.2,57,28,23,7,15,0,40,4,0,3,219,97,4.53,1.479,10.5,1.3,2.8,7.4,2.67,,WSN
12,Shinnosuke Ogasawara*,27,,-0.5,1,1,.500,6.98,23,2,7,0,0,0,38.2,43,30,30,9,17,0,30,3,0,1,173,59,6.16,1.552,10.0,2.1,4.0,7.0,1.76,,WSN
13,Eduardo Salazar,27,,-0.8,0,1,.000,8.38,30,0,9,0,0,0,29.0,47,29,27,7,16,0,23,1,1,3,150,50,6.45,2.172,14.6,2.2,5.0,7.1,1.44,,WSN
14,Konnor Pilkington*,27,,-0.1,2,0,1.000,4.45,32,0,4,0,0,0,28.1,22,16,14,7,17,0,34,2,0,2,123,93,5.96,1.376,7.0,2.2,5.4,10.8,2.00,,WSN
15,Jorge López,32,,-0.5,6,0,1.000,6.57,26,0,5,0,0,1,24.2,25,18,18,1,7,0,17,3,0,3,106,63,3.50,1.297,9.1,0.4,2.6,6.2,2.43,,WSN
16,PJ Poulin*,28,,0.4,2,1,.667,3.65,28,0,6,0,0,1,24.2,23,10,10,2,13,0,27,2,0,0,110,114,3.82,1.459,8.4,0.7,4.7,9.9,2.08,,WSN
17,Orlando Ribalta,27,,-0.3,0,0,,7.03,22,0,7,0,0,0,24.1,28,19,19,6,17,0,25,1,1,0,120,59,6.50,1.849,10.4,2.2,6.3,9.2,1.47,,WSN
18,Andrew Alvarez*,26,,0.7,1,1,.500,2.31,5,5,0,0,0,0,23.1,16,8,6,1,10,0,20,1,0,2,98,180,3.39,1.114,6.2,0.4,3.9,7.7,2.00,,WSN
19,Zach Brzykcy,25,,-0.6,0,1,.000,9.00,26,0,11,0,0,0,23.0,28,23,23,6,12,0,24,2,0,2,110,46,6.27,1.739,11.0,2.3,4.7,9.4,2.00,,WSN
20,Clayton Beeter,26,,0.6,0,2,.000,2.49,24,0,4,0,0,1,21.2,8,6,6,1,14,0,32,0,0,1,84,167,2.72,1.015,3.3,0.4,5.8,13.3,2.29,,WSN
21,Andrew Chafin*,35,,0.3,1,1,.500,2.70,26,0,6,0,0,0,20.0,20,8,6,1,12,0,18,0,0,5,88,155,3.79,1.600,9.0,0.5,5.4,8.1,1.50,,WSN
22,Andry Lara,22,,-0.4,0,0,,8.79,9,0,6,0,0,0,14.1,27,15,14,2,8,0,10,1,0,0,78,48,5.44,2.442,17.0,1.3,5.0,6.3,1.25,,WSN
23,Lucas Sims,31,,-0.9,1,0,1.000,13.86,18,0,2,0,0,0,12.1,14,19,19,2,14,0,13,7,0,3,72,30,8.24,2.270,10.2,1.5,10.2,9.5,0.93,,WSN
24,Mason Thompson,27,,-0.8,1,1,.500,11.81,14,0,3,0,0,0,10.2,16,16,14,1,12,2,11,0,0,0,60,36,5.67,2.625,13.5,0.8,10.1,9.3,0.92,,WSN
25,Luis García,38,,0.4,0,0,,0.90,10,0,1,0,0,0,10.0,5,1,1,1,2,0,7,0,0,1,33,472,3.64,0.700,4.5,0.9,1.8,6.3,3.50,,WSN
26,Ryan Loutos,26,,-0.8,1,0,1.000,12.00,10,0,3,0,0,0,9.0,16,16,12,3,6,0,6,1,0,0,52,36,8.47,2.444,16.0,3.0,6.0,6.0,1.00,,WSN
27,Colin Poche*,31,,-0.6,1,2,.333,11.42,13,0,0,0,0,0,8.2,10,12,11,1,12,0,10,0,0,1,46,37,6.48,2.538,10.4,1.0,12.5,10.4,0.83,,WSN
28,Sauryn Lao,25,,0.2,1,0,1.000,3.52,6,0,0,0,0,0,7.2,8,3,3,1,1,0,5,1,0,0,32,122,4.31,1.174,9.4,1.2,1.2,5.9,5.00,,WSN
29,Julian Fernández,29,,0.1,1,0,1.000,3.00,3,0,1,0,0,0,3.0,1,1,1,1,1,0,4,0,0,0,11,154,5.80,0.667,3.0,3.0,3.0,12.0,4.00,,WSN
30,Amed Rosario,29,,-0.1,0,0,,36.00,1,0,1,0,0,0,1.0,5,4,4,1,2,0,0,0,0,0,10,16,22.14,7.000,45.0,9.0,18.0,0.0,0.00,,WSN
